<?xml version="1.0" encoding="UTF-8"?>
<gpx creator="Wikiloc - https://www.wikiloc.com" version="1.1" xmlns="http://www.topografix.com/GPX/1/1" xmlns:xsi="http://www.w3.org/2001/XMLSchema-instance" xsi:schemaLocation="http://www.topografix.com/GPX/1/1 http://www.topografix.com/GPX/1/1/gpx.xsd">
  <metadata>
    <name>EV1 Nantes-Hendaye</name>
    <author>
      <name>LC-4918</name>
      <link href="https://www.wikiloc.com/wikiloc/user.do?id=1657985">
        <text>LC-4918 on Wikiloc</text>
      </link>
    </author>
    <link href="https://www.wikiloc.com/bicycle-touring-trails/nantes-hendaye-ev1-18852291">
      <text>EV1 Nantes-Hendaye</text>
    </link>
    <time>2017-07-27T15:20:46.268Z</time>
  </metadata>
  <wpt lat="43.483015" lon="-1.566540">
    <ele>19.9</ele>
    <time>2017-07-27T15:20:46.282Z</time>
    <name>Biarritz centre</name>
    <cmt>Biarritz centre</cmt>
    <desc>Biarritz centre</desc>
    <photo>biarritz-centre.jpg</photo>
  </wpt>
  <wpt lat="44.548657" lon="-1.244313">
    <ele>4.6</ele>
    <time>2017-07-27T15:20:46.282Z</time>
    <name>Biscarosse</name>
    <cmt>Biscarosse</cmt>
    <desc>Biscarosse</desc>
    <photo>biscarosse.jpg</photo>
  </wpt>
  <wpt lat="44.795580" lon="-1.229161">
    <ele>12.2</ele>
    <time>2017-07-27T15:20:46.282Z</time>
    <name>Dépassement à grande vitesse</name>
    <cmt>Dépassement à grande vitesse</cmt>
    <desc>Dépassement à grande vitesse</desc>
    <photo>depassement-a-grande-vitesse.jpg</photo>
  </wpt>
  <wpt lat="46.417267" lon="-1.572850">
    <ele>1.2</ele>
    <time>2017-07-27T15:20:46.282Z</time>
    <name>Eau potable</name>
    <cmt>Eau potable</cmt>
    <desc>Eau potable</desc>
    <photo>eau-potable.jpg</photo>
  </wpt>
  <wpt lat="44.622974" lon="-1.107672">
    <ele>6.2</ele>
    <time>2017-07-27T15:20:46.282Z</time>
    <name>Kilométrage</name>
    <cmt>Kilométrage</cmt>
    <desc>Kilométrage</desc>
    <photo>kilometrage.jpg</photo>
  </wpt>
  <wpt lat="46.509695" lon="-1.818316">
    <ele>8.7</ele>
    <time>2017-07-27T15:20:46.282Z</time>
    <name>Phare</name>
    <cmt>Phare</cmt>
    <desc>Phare</desc>
    <photo>phare.jpg</photo>
  </wpt>
  <wpt lat="44.619823" lon="-1.080169">
    <ele>12.0</ele>
    <time>2017-07-27T15:20:46.282Z</time>
    <name>Piste à racines</name>
    <cmt>Piste à racines</cmt>
    <desc>Piste à racines</desc>
    <photo>piste-a-racines.jpg</photo>
  </wpt>
  <wpt lat="43.481147" lon="-1.568337">
    <ele>8.5</ele>
    <time>2017-07-27T15:20:46.282Z</time>
    <name>Plage centrale</name>
    <cmt>Plage centrale</cmt>
    <desc>Plage centrale</desc>
    <photo>plage-centrale.jpg</photo>
  </wpt>
  <wpt lat="46.493075" lon="-1.791384">
    <ele>.0</ele>
    <time>2017-07-27T15:20:46.282Z</time>
    <name>Plage des Sables d'Olonnes</name>
    <cmt>Plage des Sables d'Olonnes</cmt>
    <desc>Plage des Sables d'Olonnes</desc>
    <photo>plage-des-sables-d-olonnes.jpg</photo>
  </wpt>
  <wpt lat="46.626557" lon="-1.873216">
    <ele>8.5</ele>
    <time>2017-07-27T15:20:46.282Z</time>
    <name>Point d'eau</name>
    <cmt>Robinet</cmt>
    <desc>Robinet</desc>
  </wpt>
  <wpt lat="44.620354" lon="-1.122418">
    <ele>9.9</ele>
    <time>2017-07-27T15:20:46.282Z</time>
    <name>Point d'eau potable</name>
    <cmt>Point d'eau potable</cmt>
    <desc>Point d'eau potable</desc>
  </wpt>
  <wpt lat="46.167966" lon="-1.092102">
    <ele>11.5</ele>
    <time>2017-07-27T15:20:46.282Z</time>
    <name>Canal</name>
    <cmt>Canal au Pont de Chagnoulet</cmt>
    <desc>Canal au Pont de Chagnoulet</desc>
    <photo>canal-1.jpg</photo>
    <photo>canal-2.jpg</photo>
  </wpt>
  <wpt lat="46.891390" lon="-2.141290">
    <ele>10.7</ele>
    <time>2017-07-27T15:20:46.282Z</time>
    <name>Pont de Noirmoutier</name>
    <cmt>Pont de Noirmoutier</cmt>
    <desc>Pont de Noirmoutier</desc>
    <photo>pont-de-noirmoutier.jpg</photo>
  </wpt>
  <wpt lat="43.482285" lon="-1.568235">
    <ele>5.8</ele>
    <time>2017-07-27T15:20:46.282Z</time>
    <name>Rocher de la Vierge</name>
    <cmt>Rocher de la Vierge</cmt>
    <desc>Rocher de la Vierge</desc>
    <photo>rocher-de-la-vierge.jpg</photo>
  </wpt>
  <wpt lat="47.269594" lon="-2.151630">
    <ele>7.3</ele>
    <time>2017-07-27T15:20:46.282Z</time>
    <name>Vue Pt St Nazaire</name>
    <cmt>Vue Pt St Nazaire</cmt>
    <desc>Vue Pt St Nazaire</desc>
    <photo>vue-pt-st-nazaire.jpg</photo>
  </wpt>
  <trk>
    <name>Nantes-Hendaye EV1 - Wikiloc</name>
    <cmt>Itinéraire le long de la véloroute EV1 entre Nantes et Hendaye, du Nord au Sud. 
Effectué en 7 jours du 16 au 22 juillet 2017. 
 
Nantes - Moutiers-en-Retz 
Moutiers en Retz - Les Sables d'Olonnes 
Les Sables d'Olonnes - La Rochelle 
La Rochelle - Soulac-sur-mer 
Soulac-sur-mer - Biscarrosse-sur-mer 
Biscarrosse-sur-mer - Capbreton 
Capbreton - Hendaye 
 
Beaucoup de sites décrivent très bien les &lt;a href="http://velo300.free.fr/2017/ev1fr" target="_blank" rel="nofollow noopener"&gt;alternances de routes et pistes&lt;/a&gt; sur le parcours de la velodysée. 
 
En résumé: 
 
Nantes - St Brévin: pistes cyclables dans Nantes puis petites routes en bord de canal. 
 
St Brévin - La Barre de Monts: petites routes. 
 
La Barre de Monts - St Gilles Croix de Vie: pistes en terre battue (très roulantes et très poussiéreuses avec parfois des bacs à sable) dans la pinède. Ce sera la plus longue section sur chemin non goudronné de tout le voyage (17 km?) 
 
St Gilles - La Faute s/mer: 
pistes cyclables le long de petites routes littorales fréquentées. 
 
La Faute-sur-mer - La Rochelle: l’itinéraire s’écarte du littoral. Beaucoup de vent. Entre St Michel-en-l’Herm et Maran on suit un canal sur une chemin dont les 10 derniers kilomètres sont en terre. Entre Maran et La Rochelle, l’itinéraire n’est pas facile à suivre et termine le long du canal à La Rochelle. 
 
La Rochelle - Rochefort: on retrouve des petites routes plus fréquentées par les cyclistes que par les voitures entre La Rochelle et Rochefort. 
À Rochefort, contrairement à ce que l’on pourrait penser il est facile de traverser par le pont routier en vélo. La bande cyclable sur la route est assez large. Il faudra quand même affronter les gaz de voiture. Il existe au moins 2 autres moyens de traverser le fleuve mais c’était fermé et en travaux lors de mon passage. 
 
Rochefort - Royan: on traverse des pinèdes sur des belles pistes goudronnées. L’arrivée à Royan est très urbanisée et paraît interminable. 
 
Gironde: magnifique de bout en bout de Soulac à Biscarrosse sur des belles pistes goudronnées (état du goudron très variable). Un peu de relief insoupçonné avant Lacanau-ocean, entre le bassin d’Arcachon et Biscarosse-Plage puis entre Biscarosse-Plage et Biscarrosse. Le tour du Bassin d’Arcachon est très fréquenté mais demeure très agréable surtout avant Lège. 
 
Biscarrosse - Capbreton: on ne roule que sur des pistes cyclables bien balisées par des panneaux vert et blanc. 
 
Capbreton - Labenne: on emprunte des terrains mixtes: petites routes, pistes dans les bois, pistes cyclables. 
 
À partir de Labenne, la velodyssee n’existe plus vraiment. 
 
La traversée de Bayonne jusqu’à l’Adour est dangereuse et en pleine ville. Ensuite, à partir d’Anglet vous êtes dans la ville constamment ralenti par la signalisation, le trafic, les rues engorgées de piétons jusqu’à St Jean de Luz où vous pourrez voir un panneau indiquant la fin d'un balisage velodyssee déjà erratique depuis Labenne (en juillet 2017). 
 
Vélo: 
VTT BMC Alpen Challenge 01 2017 
Pneus Schwalbe Marathon 700x35 
Dynamo moyeu Shimano XT 6V/3W 
Sacoches Vaude Aqua front 
Tente Decathlon QuickHiker UL 
 
Traces GPS utilisées : &lt;a href="https://www.lavelodyssee.com/" target="_blank" rel="nofollow noopener"&gt;velodyssee&lt;/a&gt;</cmt>
    <desc>Itinéraire le long de la véloroute EV1 entre Nantes et Hendaye, du Nord au Sud. 
Effectué en 7 jours du 16 au 22 juillet 2017. 
 
Nantes - Moutiers-en-Retz 
Moutiers en Retz - Les Sables d'Olonnes 
Les Sables d'Olonnes - La Rochelle 
La Rochelle - Soulac-sur-mer 
Soulac-sur-mer - Biscarrosse-sur-mer 
Biscarrosse-sur-mer - Capbreton 
Capbreton - Hendaye 
 
Beaucoup de sites décrivent très bien les &lt;a href="http://velo300.free.fr/2017/ev1fr" target="_blank" rel="nofollow noopener"&gt;alternances de routes et pistes&lt;/a&gt; sur le parcours de la velodysée. 
 
En résumé: 
 
Nantes - St Brévin: pistes cyclables dans Nantes puis petites routes en bord de canal. 
 
St Brévin - La Barre de Monts: petites routes. 
 
La Barre de Monts - St Gilles Croix de Vie: pistes en terre battue (très roulantes et très poussiéreuses avec parfois des bacs à sable) dans la pinède. Ce sera la plus longue section sur chemin non goudronné de tout le voyage (17 km?) 
 
St Gilles - La Faute s/mer: 
pistes cyclables le long de petites routes littorales fréquentées. 
 
La Faute-sur-mer - La Rochelle: l’itinéraire s’écarte du littoral. Beaucoup de vent. Entre St Michel-en-l’Herm et Maran on suit un canal sur une chemin dont les 10 derniers kilomètres sont en terre. Entre Maran et La Rochelle, l’itinéraire n’est pas facile à suivre et termine le long du canal à La Rochelle. 
 
La Rochelle - Rochefort: on retrouve des petites routes plus fréquentées par les cyclistes que par les voitures entre La Rochelle et Rochefort. 
À Rochefort, contrairement à ce que l’on pourrait penser il est facile de traverser par le pont routier en vélo. La bande cyclable sur la route est assez large. Il faudra quand même affronter les gaz de voiture. Il existe au moins 2 autres moyens de traverser le fleuve mais c’était fermé et en travaux lors de mon passage. 
 
Rochefort - Royan: on traverse des pinèdes sur des belles pistes goudronnées. L’arrivée à Royan est très urbanisée et paraît interminable. 
 
Gironde: magnifique de bout en bout de Soulac à Biscarrosse sur des belles pistes goudronnées (état du goudron très variable). Un peu de relief insoupçonné avant Lacanau-ocean, entre le bassin d’Arcachon et Biscarosse-Plage puis entre Biscarosse-Plage et Biscarrosse. Le tour du Bassin d’Arcachon est très fréquenté mais demeure très agréable surtout avant Lège. 
 
Biscarrosse - Capbreton: on ne roule que sur des pistes cyclables bien balisées par des panneaux vert et blanc. 
 
Capbreton - Labenne: on emprunte des terrains mixtes: petites routes, pistes dans les bois, pistes cyclables. 
 
À partir de Labenne, la velodyssee n’existe plus vraiment. 
 
La traversée de Bayonne jusqu’à l’Adour est dangereuse et en pleine ville. Ensuite, à partir d’Anglet vous êtes dans la ville constamment ralenti par la signalisation, le trafic, les rues engorgées de piétons jusqu’à St Jean de Luz où vous pourrez voir un panneau indiquant la fin d'un balisage velodyssee déjà erratique depuis Labenne (en juillet 2017). 
 
Vélo: 
VTT BMC Alpen Challenge 01 2017 
Pneus Schwalbe Marathon 700x35 
Dynamo moyeu Shimano XT 6V/3W 
Sacoches Vaude Aqua front 
Tente Decathlon QuickHiker UL 
 
Traces GPS utilisées : &lt;a href="https://www.lavelodyssee.com/" target="_blank" rel="nofollow noopener"&gt;velodyssee&lt;/a&gt;</desc>
    <trkseg>
      <trkpt lat="47.211255" lon="-1.544895">
        <ele>9.869</ele>
        <time>2017-07-27T17:21:20Z</time>
      </trkpt>
      <trkpt lat="47.211340" lon="-1.544782">
        <ele>10.004</ele>
        <time>2017-07-27T17:21:40Z</time>
      </trkpt>
      <trkpt lat="47.210612" lon="-1.544285">
        <ele>5.924</ele>
        <time>2017-07-27T17:22:00Z</time>
      </trkpt>
      <trkpt lat="47.210339" lon="-1.544527">
        <ele>8.308</ele>
        <time>2017-07-27T17:22:20Z</time>
      </trkpt>
      <trkpt lat="47.208782" lon="-1.549532">
        <ele>4.377</ele>
        <time>2017-07-27T17:22:40Z</time>
      </trkpt>
      <trkpt lat="47.208906" lon="-1.551799">
        <ele>12.424</ele>
        <time>2017-07-27T17:23:00Z</time>
      </trkpt>
      <trkpt lat="47.209385" lon="-1.555479">
        <ele>10.254</ele>
        <time>2017-07-27T17:23:20Z</time>
      </trkpt>
      <trkpt lat="47.209715" lon="-1.560940">
        <ele>7.461</ele>
        <time>2017-07-27T17:23:40Z</time>
      </trkpt>
      <trkpt lat="47.210000" lon="-1.561363">
        <ele>9.098</ele>
        <time>2017-07-27T17:24:00Z</time>
      </trkpt>
      <trkpt lat="47.210363" lon="-1.562911">
        <ele>14.418</ele>
        <time>2017-07-27T17:24:20Z</time>
      </trkpt>
      <trkpt lat="47.209202" lon="-1.566865">
        <ele>6.765</ele>
        <time>2017-07-27T17:24:40Z</time>
      </trkpt>
      <trkpt lat="47.209020" lon="-1.566856">
        <ele>4.487</ele>
        <time>2017-07-27T17:25:00Z</time>
      </trkpt>
      <trkpt lat="47.208633" lon="-1.566310">
        <ele>3.548</ele>
        <time>2017-07-27T17:25:20Z</time>
      </trkpt>
      <trkpt lat="47.206306" lon="-1.564164">
        <ele>7.661</ele>
        <time>2017-07-27T17:25:40Z</time>
      </trkpt>
      <trkpt lat="47.206479" lon="-1.564256">
        <ele>6.517</ele>
        <time>2017-07-27T17:26:00Z</time>
      </trkpt>
      <trkpt lat="47.206543" lon="-1.564753">
        <ele>5.608</ele>
        <time>2017-07-27T17:26:20Z</time>
      </trkpt>
      <trkpt lat="47.206320" lon="-1.565513">
        <ele>6.365</ele>
        <time>2017-07-27T17:26:40Z</time>
      </trkpt>
      <trkpt lat="47.205651" lon="-1.566723">
        <ele>6.582</ele>
        <time>2017-07-27T17:27:00Z</time>
      </trkpt>
      <trkpt lat="47.205639" lon="-1.567423">
        <ele>11.972</ele>
        <time>2017-07-27T17:27:20Z</time>
      </trkpt>
      <trkpt lat="47.205122" lon="-1.567192">
        <ele>5.869</ele>
        <time>2017-07-27T17:27:40Z</time>
      </trkpt>
      <trkpt lat="47.204975" lon="-1.567383">
        <ele>6.016</ele>
        <time>2017-07-27T17:28:00Z</time>
      </trkpt>
      <trkpt lat="47.204780" lon="-1.569438">
        <ele>11.646</ele>
        <time>2017-07-27T17:28:20Z</time>
      </trkpt>
      <trkpt lat="47.204327" lon="-1.571240">
        <ele>3.113</ele>
        <time>2017-07-27T17:28:40Z</time>
      </trkpt>
      <trkpt lat="47.199716" lon="-1.574319">
        <ele>-4.145</ele>
        <time>2017-07-27T17:29:00Z</time>
      </trkpt>
      <trkpt lat="47.199430" lon="-1.574096">
        <ele>-3.554</ele>
        <time>2017-07-27T17:29:20Z</time>
      </trkpt>
      <trkpt lat="47.199360" lon="-1.573810">
        <ele>1.356</ele>
        <time>2017-07-27T17:29:40Z</time>
      </trkpt>
      <trkpt lat="47.199498" lon="-1.573110">
        <ele>3.011</ele>
        <time>2017-07-27T17:30:00Z</time>
      </trkpt>
      <trkpt lat="47.199320" lon="-1.572161">
        <ele>9.008</ele>
        <time>2017-07-27T17:30:20Z</time>
      </trkpt>
      <trkpt lat="47.199224" lon="-1.566781">
        <ele>0.866</ele>
        <time>2017-07-27T17:30:40Z</time>
      </trkpt>
      <trkpt lat="47.199900" lon="-1.561795">
        <ele>6.243</ele>
        <time>2017-07-27T17:31:00Z</time>
      </trkpt>
      <trkpt lat="47.199677" lon="-1.561664">
        <ele>6.853</ele>
        <time>2017-07-27T17:31:20Z</time>
      </trkpt>
      <trkpt lat="47.196716" lon="-1.562214">
        <ele>3.740</ele>
        <time>2017-07-27T17:31:40Z</time>
      </trkpt>
      <trkpt lat="47.195617" lon="-1.562618">
        <ele>4.057</ele>
        <time>2017-07-27T17:32:00Z</time>
      </trkpt>
      <trkpt lat="47.195302" lon="-1.562510">
        <ele>3.147</ele>
        <time>2017-07-27T17:32:20Z</time>
      </trkpt>
      <trkpt lat="47.194706" lon="-1.562603">
        <ele>3.124</ele>
        <time>2017-07-27T17:32:40Z</time>
      </trkpt>
      <trkpt lat="47.195386" lon="-1.562526">
        <ele>3.376</ele>
        <time>2017-07-27T17:33:00Z</time>
      </trkpt>
      <trkpt lat="47.195609" lon="-1.562773">
        <ele>4.044</ele>
        <time>2017-07-27T17:33:20Z</time>
      </trkpt>
      <trkpt lat="47.195835" lon="-1.566128">
        <ele>7.905</ele>
        <time>2017-07-27T17:33:40Z</time>
      </trkpt>
      <trkpt lat="47.195268" lon="-1.567987">
        <ele>6.515</ele>
        <time>2017-07-27T17:34:00Z</time>
      </trkpt>
      <trkpt lat="47.196039" lon="-1.567865">
        <ele>5.008</ele>
        <time>2017-07-27T17:34:20Z</time>
      </trkpt>
      <trkpt lat="47.196168" lon="-1.568090">
        <ele>5.465</ele>
        <time>2017-07-27T17:34:40Z</time>
      </trkpt>
      <trkpt lat="47.195842" lon="-1.573087">
        <ele>6.052</ele>
        <time>2017-07-27T17:35:00Z</time>
      </trkpt>
      <trkpt lat="47.194836" lon="-1.578493">
        <ele>4.822</ele>
        <time>2017-07-27T17:35:20Z</time>
      </trkpt>
      <trkpt lat="47.195252" lon="-1.581001">
        <ele>3.369</ele>
        <time>2017-07-27T17:35:40Z</time>
      </trkpt>
      <trkpt lat="47.195115" lon="-1.582671">
        <ele>5.546</ele>
        <time>2017-07-27T17:36:00Z</time>
      </trkpt>
      <trkpt lat="47.194348" lon="-1.584267">
        <ele>2.456</ele>
        <time>2017-07-27T17:36:20Z</time>
      </trkpt>
      <trkpt lat="47.194076" lon="-1.584487">
        <ele>6.653</ele>
        <time>2017-07-27T17:36:40Z</time>
      </trkpt>
      <trkpt lat="47.193667" lon="-1.585718">
        <ele>3.635</ele>
        <time>2017-07-27T17:37:00Z</time>
      </trkpt>
      <trkpt lat="47.193337" lon="-1.586211">
        <ele>6.083</ele>
        <time>2017-07-27T17:37:20Z</time>
      </trkpt>
      <trkpt lat="47.192802" lon="-1.585139">
        <ele>5.025</ele>
        <time>2017-07-27T17:37:40Z</time>
      </trkpt>
      <trkpt lat="47.192442" lon="-1.585704">
        <ele>5.017</ele>
        <time>2017-07-27T17:38:00Z</time>
      </trkpt>
      <trkpt lat="47.191996" lon="-1.585855">
        <ele>5.108</ele>
        <time>2017-07-27T17:38:20Z</time>
      </trkpt>
      <trkpt lat="47.191641" lon="-1.585160">
        <ele>5.939</ele>
        <time>2017-07-27T17:38:40Z</time>
      </trkpt>
      <trkpt lat="47.191426" lon="-1.585265">
        <ele>5.176</ele>
        <time>2017-07-27T17:39:00Z</time>
      </trkpt>
      <trkpt lat="47.191244" lon="-1.585096">
        <ele>4.836</ele>
        <time>2017-07-27T17:39:20Z</time>
      </trkpt>
      <trkpt lat="47.189284" lon="-1.586883">
        <ele>6.063</ele>
        <time>2017-07-27T17:39:40Z</time>
      </trkpt>
      <trkpt lat="47.188377" lon="-1.587442">
        <ele>6.890</ele>
        <time>2017-07-27T17:40:00Z</time>
      </trkpt>
      <trkpt lat="47.188233" lon="-1.587929">
        <ele>6.580</ele>
        <time>2017-07-27T17:40:20Z</time>
      </trkpt>
      <trkpt lat="47.187993" lon="-1.588153">
        <ele>5.967</ele>
        <time>2017-07-27T17:40:40Z</time>
      </trkpt>
      <trkpt lat="47.187648" lon="-1.588108">
        <ele>5.879</ele>
        <time>2017-07-27T17:41:00Z</time>
      </trkpt>
      <trkpt lat="47.187559" lon="-1.587408">
        <ele>7.166</ele>
        <time>2017-07-27T17:41:20Z</time>
      </trkpt>
      <trkpt lat="47.187310" lon="-1.587172">
        <ele>6.229</ele>
        <time>2017-07-27T17:41:40Z</time>
      </trkpt>
      <trkpt lat="47.186963" lon="-1.588983">
        <ele>7.021</ele>
        <time>2017-07-27T17:42:00Z</time>
      </trkpt>
      <trkpt lat="47.186146" lon="-1.589264">
        <ele>9.908</ele>
        <time>2017-07-27T17:42:20Z</time>
      </trkpt>
      <trkpt lat="47.185656" lon="-1.593099">
        <ele>9.667</ele>
        <time>2017-07-27T17:42:40Z</time>
      </trkpt>
      <trkpt lat="47.184939" lon="-1.593274">
        <ele>15.054</ele>
        <time>2017-07-27T17:43:00Z</time>
      </trkpt>
      <trkpt lat="47.184230" lon="-1.593192">
        <ele>16.474</ele>
        <time>2017-07-27T17:43:20Z</time>
      </trkpt>
      <trkpt lat="47.182707" lon="-1.592257">
        <ele>22.291</ele>
        <time>2017-07-27T17:43:40Z</time>
      </trkpt>
      <trkpt lat="47.180790" lon="-1.594016">
        <ele>22.668</ele>
        <time>2017-07-27T17:44:00Z</time>
      </trkpt>
      <trkpt lat="47.180399" lon="-1.594687">
        <ele>23.618</ele>
        <time>2017-07-27T17:44:20Z</time>
      </trkpt>
      <trkpt lat="47.179298" lon="-1.599322">
        <ele>10.465</ele>
        <time>2017-07-27T17:44:40Z</time>
      </trkpt>
      <trkpt lat="47.178656" lon="-1.599841">
        <ele>8.157</ele>
        <time>2017-07-27T17:45:00Z</time>
      </trkpt>
      <trkpt lat="47.177522" lon="-1.601843">
        <ele>16.014</ele>
        <time>2017-07-27T17:45:20Z</time>
      </trkpt>
      <trkpt lat="47.177324" lon="-1.602698">
        <ele>18.254</ele>
        <time>2017-07-27T17:45:40Z</time>
      </trkpt>
      <trkpt lat="47.174634" lon="-1.606898">
        <ele>15.009</ele>
        <time>2017-07-27T17:46:00Z</time>
      </trkpt>
      <trkpt lat="47.174084" lon="-1.608019">
        <ele>11.308</ele>
        <time>2017-07-27T17:46:20Z</time>
      </trkpt>
      <trkpt lat="47.173958" lon="-1.609245">
        <ele>5.782</ele>
        <time>2017-07-27T17:46:40Z</time>
      </trkpt>
      <trkpt lat="47.174226" lon="-1.610451">
        <ele>4.799</ele>
        <time>2017-07-27T17:47:00Z</time>
      </trkpt>
      <trkpt lat="47.175082" lon="-1.612561">
        <ele>13.089</ele>
        <time>2017-07-27T17:47:20Z</time>
      </trkpt>
      <trkpt lat="47.175591" lon="-1.612982">
        <ele>12.456</ele>
        <time>2017-07-27T17:47:40Z</time>
      </trkpt>
      <trkpt lat="47.175685" lon="-1.613284">
        <ele>12.863</ele>
        <time>2017-07-27T17:48:00Z</time>
      </trkpt>
      <trkpt lat="47.175580" lon="-1.613566">
        <ele>13.093</ele>
        <time>2017-07-27T17:48:20Z</time>
      </trkpt>
      <trkpt lat="47.175364" lon="-1.613674">
        <ele>13.810</ele>
        <time>2017-07-27T17:48:40Z</time>
      </trkpt>
      <trkpt lat="47.175202" lon="-1.614472">
        <ele>14.482</ele>
        <time>2017-07-27T17:49:00Z</time>
      </trkpt>
      <trkpt lat="47.175325" lon="-1.616815">
        <ele>23.856</ele>
        <time>2017-07-27T17:49:20Z</time>
      </trkpt>
      <trkpt lat="47.174354" lon="-1.617258">
        <ele>25.059</ele>
        <time>2017-07-27T17:49:40Z</time>
      </trkpt>
      <trkpt lat="47.174198" lon="-1.617535">
        <ele>25.914</ele>
        <time>2017-07-27T17:50:00Z</time>
      </trkpt>
      <trkpt lat="47.174251" lon="-1.617889">
        <ele>26.008</ele>
        <time>2017-07-27T17:50:20Z</time>
      </trkpt>
      <trkpt lat="47.176161" lon="-1.619672">
        <ele>26.836</ele>
        <time>2017-07-27T17:50:40Z</time>
      </trkpt>
      <trkpt lat="47.176550" lon="-1.619787">
        <ele>25.473</ele>
        <time>2017-07-27T17:51:00Z</time>
      </trkpt>
      <trkpt lat="47.176885" lon="-1.620327">
        <ele>25.133</ele>
        <time>2017-07-27T17:51:20Z</time>
      </trkpt>
      <trkpt lat="47.178900" lon="-1.622355">
        <ele>23.020</ele>
        <time>2017-07-27T17:51:40Z</time>
      </trkpt>
      <trkpt lat="47.179129" lon="-1.622441">
        <ele>23.737</ele>
        <time>2017-07-27T17:52:00Z</time>
      </trkpt>
      <trkpt lat="47.179362" lon="-1.622027">
        <ele>21.617</ele>
        <time>2017-07-27T17:52:20Z</time>
      </trkpt>
      <trkpt lat="47.180069" lon="-1.621728">
        <ele>11.884</ele>
        <time>2017-07-27T17:52:40Z</time>
      </trkpt>
      <trkpt lat="47.180341" lon="-1.621714">
        <ele>9.386</ele>
        <time>2017-07-27T17:53:00Z</time>
      </trkpt>
      <trkpt lat="47.180445" lon="-1.621857">
        <ele>8.297</ele>
        <time>2017-07-27T17:53:20Z</time>
      </trkpt>
      <trkpt lat="47.181309" lon="-1.624452">
        <ele>5.923</ele>
        <time>2017-07-27T17:53:40Z</time>
      </trkpt>
      <trkpt lat="47.181262" lon="-1.625524">
        <ele>5.825</ele>
        <time>2017-07-27T17:54:00Z</time>
      </trkpt>
      <trkpt lat="47.181609" lon="-1.626329">
        <ele>5.408</ele>
        <time>2017-07-27T17:54:20Z</time>
      </trkpt>
      <trkpt lat="47.181957" lon="-1.628744">
        <ele>4.550</ele>
        <time>2017-07-27T17:54:40Z</time>
      </trkpt>
      <trkpt lat="47.181827" lon="-1.630934">
        <ele>2.617</ele>
        <time>2017-07-27T17:55:00Z</time>
      </trkpt>
      <trkpt lat="47.181194" lon="-1.632958">
        <ele>4.157</ele>
        <time>2017-07-27T17:55:20Z</time>
      </trkpt>
      <trkpt lat="47.180734" lon="-1.632376">
        <ele>7.224</ele>
        <time>2017-07-27T17:55:40Z</time>
      </trkpt>
      <trkpt lat="47.180501" lon="-1.631761">
        <ele>9.791</ele>
        <time>2017-07-27T17:56:00Z</time>
      </trkpt>
      <trkpt lat="47.179791" lon="-1.632755">
        <ele>6.891</ele>
        <time>2017-07-27T17:56:20Z</time>
      </trkpt>
      <trkpt lat="47.179566" lon="-1.634107">
        <ele>6.258</ele>
        <time>2017-07-27T17:56:40Z</time>
      </trkpt>
      <trkpt lat="47.179763" lon="-1.634620">
        <ele>4.620</ele>
        <time>2017-07-27T17:57:00Z</time>
      </trkpt>
      <trkpt lat="47.179889" lon="-1.635805">
        <ele>4.446</ele>
        <time>2017-07-27T17:57:20Z</time>
      </trkpt>
      <trkpt lat="47.179223" lon="-1.636122">
        <ele>7.888</ele>
        <time>2017-07-27T17:57:40Z</time>
      </trkpt>
      <trkpt lat="47.178722" lon="-1.636768">
        <ele>11.616</ele>
        <time>2017-07-27T17:58:00Z</time>
      </trkpt>
      <trkpt lat="47.178225" lon="-1.636796">
        <ele>13.808</ele>
        <time>2017-07-27T17:58:20Z</time>
      </trkpt>
      <trkpt lat="47.177992" lon="-1.636539">
        <ele>11.725</ele>
        <time>2017-07-27T17:58:40Z</time>
      </trkpt>
      <trkpt lat="47.177935" lon="-1.636673">
        <ele>13.132</ele>
        <time>2017-07-27T17:59:00Z</time>
      </trkpt>
      <trkpt lat="47.178230" lon="-1.637433">
        <ele>18.262</ele>
        <time>2017-07-27T17:59:20Z</time>
      </trkpt>
      <trkpt lat="47.178203" lon="-1.639068">
        <ele>23.059</ele>
        <time>2017-07-27T17:59:40Z</time>
      </trkpt>
      <trkpt lat="47.178330" lon="-1.639690">
        <ele>24.066</ele>
        <time>2017-07-27T18:00:00Z</time>
      </trkpt>
      <trkpt lat="47.179599" lon="-1.643341">
        <ele>28.456</ele>
        <time>2017-07-27T18:00:20Z</time>
      </trkpt>
      <trkpt lat="47.179822" lon="-1.644663">
        <ele>28.413</ele>
        <time>2017-07-27T18:00:40Z</time>
      </trkpt>
      <trkpt lat="47.179356" lon="-1.647246">
        <ele>33.095</ele>
        <time>2017-07-27T18:01:00Z</time>
      </trkpt>
      <trkpt lat="47.178481" lon="-1.649347">
        <ele>35.632</ele>
        <time>2017-07-27T18:01:20Z</time>
      </trkpt>
      <trkpt lat="47.178663" lon="-1.652857">
        <ele>33.992</ele>
        <time>2017-07-27T18:01:40Z</time>
      </trkpt>
      <trkpt lat="47.180143" lon="-1.657824">
        <ele>40.111</ele>
        <time>2017-07-27T18:02:00Z</time>
      </trkpt>
      <trkpt lat="47.180818" lon="-1.659469">
        <ele>40.908</ele>
        <time>2017-07-27T18:02:20Z</time>
      </trkpt>
      <trkpt lat="47.179055" lon="-1.661241">
        <ele>37.364</ele>
        <time>2017-07-27T18:02:40Z</time>
      </trkpt>
      <trkpt lat="47.177248" lon="-1.663496">
        <ele>34.741</ele>
        <time>2017-07-27T18:03:00Z</time>
      </trkpt>
      <trkpt lat="47.174848" lon="-1.665746">
        <ele>32.191</ele>
        <time>2017-07-27T18:03:20Z</time>
      </trkpt>
      <trkpt lat="47.174697" lon="-1.666032">
        <ele>32.178</ele>
        <time>2017-07-27T18:03:40Z</time>
      </trkpt>
      <trkpt lat="47.179075" lon="-1.674151">
        <ele>34.315</ele>
        <time>2017-07-27T18:04:00Z</time>
      </trkpt>
      <trkpt lat="47.179931" lon="-1.677287">
        <ele>33.055</ele>
        <time>2017-07-27T18:04:20Z</time>
      </trkpt>
      <trkpt lat="47.180139" lon="-1.677369">
        <ele>33.052</ele>
        <time>2017-07-27T18:04:40Z</time>
      </trkpt>
      <trkpt lat="47.180843" lon="-1.676896">
        <ele>32.084</ele>
        <time>2017-07-27T18:05:00Z</time>
      </trkpt>
      <trkpt lat="47.180090" lon="-1.677383">
        <ele>33.076</ele>
        <time>2017-07-27T18:05:20Z</time>
      </trkpt>
      <trkpt lat="47.180365" lon="-1.678797">
        <ele>33.290</ele>
        <time>2017-07-27T18:05:40Z</time>
      </trkpt>
      <trkpt lat="47.180208" lon="-1.679222">
        <ele>32.319</ele>
        <time>2017-07-27T18:06:00Z</time>
      </trkpt>
      <trkpt lat="47.182833" lon="-1.683773">
        <ele>28.008</ele>
        <time>2017-07-27T18:06:20Z</time>
      </trkpt>
      <trkpt lat="47.183263" lon="-1.683806">
        <ele>28.098</ele>
        <time>2017-07-27T18:06:40Z</time>
      </trkpt>
      <trkpt lat="47.184120" lon="-1.684956">
        <ele>28.865</ele>
        <time>2017-07-27T18:07:00Z</time>
      </trkpt>
      <trkpt lat="47.184195" lon="-1.685726">
        <ele>27.945</ele>
        <time>2017-07-27T18:07:20Z</time>
      </trkpt>
      <trkpt lat="47.185005" lon="-1.687943">
        <ele>22.082</ele>
        <time>2017-07-27T18:07:40Z</time>
      </trkpt>
      <trkpt lat="47.185850" lon="-1.689701">
        <ele>22.739</ele>
        <time>2017-07-27T18:08:00Z</time>
      </trkpt>
      <trkpt lat="47.186481" lon="-1.691521">
        <ele>21.589</ele>
        <time>2017-07-27T18:08:20Z</time>
      </trkpt>
      <trkpt lat="47.186233" lon="-1.691822">
        <ele>22.056</ele>
        <time>2017-07-27T18:08:40Z</time>
      </trkpt>
      <trkpt lat="47.186386" lon="-1.693190">
        <ele>24.028</ele>
        <time>2017-07-27T18:09:00Z</time>
      </trkpt>
      <trkpt lat="47.187078" lon="-1.695650">
        <ele>28.096</ele>
        <time>2017-07-27T18:09:20Z</time>
      </trkpt>
      <trkpt lat="47.188693" lon="-1.698655">
        <ele>20.831</ele>
        <time>2017-07-27T18:09:40Z</time>
      </trkpt>
      <trkpt lat="47.189653" lon="-1.702419">
        <ele>13.524</ele>
        <time>2017-07-27T18:10:00Z</time>
      </trkpt>
      <trkpt lat="47.190702" lon="-1.703955">
        <ele>18.608</ele>
        <time>2017-07-27T18:10:20Z</time>
      </trkpt>
      <trkpt lat="47.190903" lon="-1.704636">
        <ele>20.740</ele>
        <time>2017-07-27T18:10:40Z</time>
      </trkpt>
      <trkpt lat="47.191104" lon="-1.706408">
        <ele>23.187</ele>
        <time>2017-07-27T18:11:00Z</time>
      </trkpt>
      <trkpt lat="47.191403" lon="-1.707502">
        <ele>26.827</ele>
        <time>2017-07-27T18:11:20Z</time>
      </trkpt>
      <trkpt lat="47.191281" lon="-1.710203">
        <ele>27.364</ele>
        <time>2017-07-27T18:11:40Z</time>
      </trkpt>
      <trkpt lat="47.191485" lon="-1.712725">
        <ele>26.961</ele>
        <time>2017-07-27T18:12:00Z</time>
      </trkpt>
      <trkpt lat="47.192185" lon="-1.715446">
        <ele>26.431</ele>
        <time>2017-07-27T18:12:20Z</time>
      </trkpt>
      <trkpt lat="47.192319" lon="-1.715654">
        <ele>25.648</ele>
        <time>2017-07-27T18:12:40Z</time>
      </trkpt>
      <trkpt lat="47.192541" lon="-1.715631">
        <ele>25.640</ele>
        <time>2017-07-27T18:13:00Z</time>
      </trkpt>
      <trkpt lat="47.195052" lon="-1.714357">
        <ele>15.456</ele>
        <time>2017-07-27T18:13:20Z</time>
      </trkpt>
      <trkpt lat="47.196143" lon="-1.719815">
        <ele>7.259</ele>
        <time>2017-07-27T18:13:40Z</time>
      </trkpt>
      <trkpt lat="47.196456" lon="-1.719692">
        <ele>9.714</ele>
        <time>2017-07-27T18:14:00Z</time>
      </trkpt>
      <trkpt lat="47.196577" lon="-1.719367">
        <ele>11.308</ele>
        <time>2017-07-27T18:14:20Z</time>
      </trkpt>
      <trkpt lat="47.197119" lon="-1.719743">
        <ele>16.176</ele>
        <time>2017-07-27T18:14:40Z</time>
      </trkpt>
      <trkpt lat="47.197227" lon="-1.722631">
        <ele>17.563</ele>
        <time>2017-07-27T18:15:00Z</time>
      </trkpt>
      <trkpt lat="47.197544" lon="-1.722732">
        <ele>20.253</ele>
        <time>2017-07-27T18:15:20Z</time>
      </trkpt>
      <trkpt lat="47.198723" lon="-1.722537">
        <ele>11.790</ele>
        <time>2017-07-27T18:15:40Z</time>
      </trkpt>
      <trkpt lat="47.198917" lon="-1.722477">
        <ele>11.827</ele>
        <time>2017-07-27T18:16:00Z</time>
      </trkpt>
      <trkpt lat="47.198998" lon="-1.722179">
        <ele>10.097</ele>
        <time>2017-07-27T18:16:20Z</time>
      </trkpt>
      <trkpt lat="47.199362" lon="-1.722628">
        <ele>8.944</ele>
        <time>2017-07-27T18:16:40Z</time>
      </trkpt>
      <trkpt lat="47.199423" lon="-1.723408">
        <ele>8.326</ele>
        <time>2017-07-27T18:17:00Z</time>
      </trkpt>
      <trkpt lat="47.199691" lon="-1.723736">
        <ele>4.483</ele>
        <time>2017-07-27T18:17:20Z</time>
      </trkpt>
      <trkpt lat="47.199715" lon="-1.724056">
        <ele>4.125</ele>
        <time>2017-07-27T18:17:40Z</time>
      </trkpt>
      <trkpt lat="47.199525" lon="-1.724481">
        <ele>4.617</ele>
        <time>2017-07-27T18:18:00Z</time>
      </trkpt>
      <trkpt lat="47.198839" lon="-1.724630">
        <ele>9.008</ele>
        <time>2017-07-27T18:18:20Z</time>
      </trkpt>
      <trkpt lat="47.199534" lon="-1.726182">
        <ele>6.889</ele>
        <time>2017-07-27T18:18:40Z</time>
      </trkpt>
      <trkpt lat="47.200215" lon="-1.729523">
        <ele>5.296</ele>
        <time>2017-07-27T18:19:00Z</time>
      </trkpt>
      <trkpt lat="47.200411" lon="-1.729839">
        <ele>4.986</ele>
        <time>2017-07-27T18:19:20Z</time>
      </trkpt>
      <trkpt lat="47.200714" lon="-1.732528">
        <ele>7.053</ele>
        <time>2017-07-27T18:19:40Z</time>
      </trkpt>
      <trkpt lat="47.200776" lon="-1.734878">
        <ele>6.370</ele>
        <time>2017-07-27T18:20:00Z</time>
      </trkpt>
      <trkpt lat="47.200761" lon="-1.735323">
        <ele>5.940</ele>
        <time>2017-07-27T18:20:20Z</time>
      </trkpt>
      <trkpt lat="47.200462" lon="-1.735722">
        <ele>10.287</ele>
        <time>2017-07-27T18:20:40Z</time>
      </trkpt>
      <trkpt lat="47.200377" lon="-1.737754">
        <ele>9.989</ele>
        <time>2017-07-27T18:21:00Z</time>
      </trkpt>
      <trkpt lat="47.199929" lon="-1.739286">
        <ele>12.624</ele>
        <time>2017-07-27T18:21:20Z</time>
      </trkpt>
      <trkpt lat="47.199610" lon="-1.739894">
        <ele>16.004</ele>
        <time>2017-07-27T18:21:40Z</time>
      </trkpt>
      <trkpt lat="47.199831" lon="-1.742182">
        <ele>12.214</ele>
        <time>2017-07-27T18:22:00Z</time>
      </trkpt>
      <trkpt lat="47.200363" lon="-1.743300">
        <ele>3.408</ele>
        <time>2017-07-27T18:22:20Z</time>
      </trkpt>
      <trkpt lat="47.201819" lon="-1.750981">
        <ele>6.053</ele>
        <time>2017-07-27T18:22:40Z</time>
      </trkpt>
      <trkpt lat="47.203557" lon="-1.757582">
        <ele>5.680</ele>
        <time>2017-07-27T18:23:00Z</time>
      </trkpt>
      <trkpt lat="47.203976" lon="-1.759848">
        <ele>6.390</ele>
        <time>2017-07-27T18:23:20Z</time>
      </trkpt>
      <trkpt lat="47.204661" lon="-1.765363">
        <ele>3.287</ele>
        <time>2017-07-27T18:23:40Z</time>
      </trkpt>
      <trkpt lat="47.205488" lon="-1.769359">
        <ele>6.064</ele>
        <time>2017-07-27T18:24:00Z</time>
      </trkpt>
      <trkpt lat="47.205704" lon="-1.773185">
        <ele>10.354</ele>
        <time>2017-07-27T18:24:20Z</time>
      </trkpt>
      <trkpt lat="47.206096" lon="-1.775632">
        <ele>6.231</ele>
        <time>2017-07-27T18:24:40Z</time>
      </trkpt>
      <trkpt lat="47.205803" lon="-1.779134">
        <ele>9.483</ele>
        <time>2017-07-27T18:25:00Z</time>
      </trkpt>
      <trkpt lat="47.206241" lon="-1.785108">
        <ele>9.392</ele>
        <time>2017-07-27T18:25:20Z</time>
      </trkpt>
      <trkpt lat="47.206565" lon="-1.785422">
        <ele>9.673</ele>
        <time>2017-07-27T18:25:40Z</time>
      </trkpt>
      <trkpt lat="47.207174" lon="-1.785518">
        <ele>9.520</ele>
        <time>2017-07-27T18:26:00Z</time>
      </trkpt>
      <trkpt lat="47.208033" lon="-1.785948">
        <ele>1.808</ele>
        <time>2017-07-27T18:26:20Z</time>
      </trkpt>
      <trkpt lat="47.208301" lon="-1.786422">
        <ele>3.860</ele>
        <time>2017-07-27T18:26:40Z</time>
      </trkpt>
      <trkpt lat="47.208303" lon="-1.787250">
        <ele>2.027</ele>
        <time>2017-07-27T18:27:00Z</time>
      </trkpt>
      <trkpt lat="47.207928" lon="-1.788963">
        <ele>6.327</ele>
        <time>2017-07-27T18:27:20Z</time>
      </trkpt>
      <trkpt lat="47.207261" lon="-1.790464">
        <ele>7.084</ele>
        <time>2017-07-27T18:27:40Z</time>
      </trkpt>
      <trkpt lat="47.207030" lon="-1.791633">
        <ele>3.781</ele>
        <time>2017-07-27T18:28:00Z</time>
      </trkpt>
      <trkpt lat="47.207112" lon="-1.793103">
        <ele>3.021</ele>
        <time>2017-07-27T18:28:20Z</time>
      </trkpt>
      <trkpt lat="47.206818" lon="-1.794532">
        <ele>3.688</ele>
        <time>2017-07-27T18:28:40Z</time>
      </trkpt>
      <trkpt lat="47.206819" lon="-1.796677">
        <ele>3.060</ele>
        <time>2017-07-27T18:29:00Z</time>
      </trkpt>
      <trkpt lat="47.207434" lon="-1.805780">
        <ele>3.828</ele>
        <time>2017-07-27T18:29:20Z</time>
      </trkpt>
      <trkpt lat="47.208212" lon="-1.810421">
        <ele>2.689</ele>
        <time>2017-07-27T18:29:40Z</time>
      </trkpt>
      <trkpt lat="47.208785" lon="-1.812621">
        <ele>3.217</ele>
        <time>2017-07-27T18:30:00Z</time>
      </trkpt>
      <trkpt lat="47.209714" lon="-1.815255">
        <ele>3.108</ele>
        <time>2017-07-27T18:30:20Z</time>
      </trkpt>
      <trkpt lat="47.210832" lon="-1.817755">
        <ele>5.943</ele>
        <time>2017-07-27T18:30:40Z</time>
      </trkpt>
      <trkpt lat="47.213702" lon="-1.822517">
        <ele>2.350</ele>
        <time>2017-07-27T18:31:00Z</time>
      </trkpt>
      <trkpt lat="47.214192" lon="-1.822808">
        <ele>2.160</ele>
        <time>2017-07-27T18:31:20Z</time>
      </trkpt>
      <trkpt lat="47.215878" lon="-1.825740">
        <ele>4.947</ele>
        <time>2017-07-27T18:31:40Z</time>
      </trkpt>
      <trkpt lat="47.214554" lon="-1.823640">
        <ele>2.014</ele>
        <time>2017-07-27T18:32:00Z</time>
      </trkpt>
      <trkpt lat="47.214156" lon="-1.823855">
        <ele>2.154</ele>
        <time>2017-07-27T18:32:20Z</time>
      </trkpt>
      <trkpt lat="47.213917" lon="-1.824184">
        <ele>1.861</ele>
        <time>2017-07-27T18:32:40Z</time>
      </trkpt>
      <trkpt lat="47.213912" lon="-1.824461">
        <ele>1.093</ele>
        <time>2017-07-27T18:33:00Z</time>
      </trkpt>
      <trkpt lat="47.217602" lon="-1.830926">
        <ele>2.064</ele>
        <time>2017-07-27T18:33:20Z</time>
      </trkpt>
      <trkpt lat="47.223614" lon="-1.843045">
        <ele>0.006</ele>
        <time>2017-07-27T18:33:40Z</time>
      </trkpt>
      <trkpt lat="47.224253" lon="-1.845095">
        <ele>2.016</ele>
        <time>2017-07-27T18:34:00Z</time>
      </trkpt>
      <trkpt lat="47.224832" lon="-1.846129">
        <ele>2.608</ele>
        <time>2017-07-27T18:34:20Z</time>
      </trkpt>
      <trkpt lat="47.225506" lon="-1.846858">
        <ele>4.557</ele>
        <time>2017-07-27T18:34:40Z</time>
      </trkpt>
      <trkpt lat="47.226725" lon="-1.849196">
        <ele>4.214</ele>
        <time>2017-07-27T18:35:00Z</time>
      </trkpt>
      <trkpt lat="47.243381" lon="-1.882741">
        <ele>-0.134</ele>
        <time>2017-07-27T18:35:20Z</time>
      </trkpt>
      <trkpt lat="47.245224" lon="-1.886892">
        <ele>1.211</ele>
        <time>2017-07-27T18:35:40Z</time>
      </trkpt>
      <trkpt lat="47.249573" lon="-1.897645">
        <ele>0.738</ele>
        <time>2017-07-27T18:36:00Z</time>
      </trkpt>
      <trkpt lat="47.249802" lon="-1.899135">
        <ele>0.088</ele>
        <time>2017-07-27T18:36:20Z</time>
      </trkpt>
      <trkpt lat="47.250431" lon="-1.900565">
        <ele>0.655</ele>
        <time>2017-07-27T18:36:40Z</time>
      </trkpt>
      <trkpt lat="47.251373" lon="-1.901438">
        <ele>0.167</ele>
        <time>2017-07-27T18:37:00Z</time>
      </trkpt>
      <trkpt lat="47.259415" lon="-1.916096">
        <ele>2.195</ele>
        <time>2017-07-27T18:37:20Z</time>
      </trkpt>
      <trkpt lat="47.260600" lon="-1.918452">
        <ele>2.549</ele>
        <time>2017-07-27T18:37:40Z</time>
      </trkpt>
      <trkpt lat="47.261595" lon="-1.921000">
        <ele>1.423</ele>
        <time>2017-07-27T18:38:00Z</time>
      </trkpt>
      <trkpt lat="47.263044" lon="-1.925774">
        <ele>1.008</ele>
        <time>2017-07-27T18:38:20Z</time>
      </trkpt>
      <trkpt lat="47.263724" lon="-1.929518">
        <ele>1.630</ele>
        <time>2017-07-27T18:38:40Z</time>
      </trkpt>
      <trkpt lat="47.264158" lon="-1.931169">
        <ele>2.017</ele>
        <time>2017-07-27T18:39:00Z</time>
      </trkpt>
      <trkpt lat="47.265820" lon="-1.940940">
        <ele>0.597</ele>
        <time>2017-07-27T18:39:20Z</time>
      </trkpt>
      <trkpt lat="47.265721" lon="-1.942947">
        <ele>2.464</ele>
        <time>2017-07-27T18:39:40Z</time>
      </trkpt>
      <trkpt lat="47.266313" lon="-1.946428">
        <ele>1.591</ele>
        <time>2017-07-27T18:40:00Z</time>
      </trkpt>
      <trkpt lat="47.267270" lon="-1.948515">
        <ele>2.521</ele>
        <time>2017-07-27T18:40:20Z</time>
      </trkpt>
      <trkpt lat="47.266250" lon="-1.950632">
        <ele>2.578</ele>
        <time>2017-07-27T18:40:40Z</time>
      </trkpt>
      <trkpt lat="47.265888" lon="-1.950869">
        <ele>3.760</ele>
        <time>2017-07-27T18:41:00Z</time>
      </trkpt>
      <trkpt lat="47.264686" lon="-1.950998">
        <ele>6.228</ele>
        <time>2017-07-27T18:41:20Z</time>
      </trkpt>
      <trkpt lat="47.264876" lon="-1.953166">
        <ele>4.989</ele>
        <time>2017-07-27T18:41:40Z</time>
      </trkpt>
      <trkpt lat="47.265681" lon="-1.954981">
        <ele>6.917</ele>
        <time>2017-07-27T18:42:00Z</time>
      </trkpt>
      <trkpt lat="47.265970" lon="-1.956456">
        <ele>12.508</ele>
        <time>2017-07-27T18:42:20Z</time>
      </trkpt>
      <trkpt lat="47.267075" lon="-1.959317">
        <ele>12.553</ele>
        <time>2017-07-27T18:42:40Z</time>
      </trkpt>
      <trkpt lat="47.268076" lon="-1.963208">
        <ele>12.730</ele>
        <time>2017-07-27T18:43:00Z</time>
      </trkpt>
      <trkpt lat="47.269994" lon="-1.968112">
        <ele>6.890</ele>
        <time>2017-07-27T18:43:20Z</time>
      </trkpt>
      <trkpt lat="47.270729" lon="-1.969500">
        <ele>9.257</ele>
        <time>2017-07-27T18:43:40Z</time>
      </trkpt>
      <trkpt lat="47.271024" lon="-1.971539">
        <ele>9.364</ele>
        <time>2017-07-27T18:44:00Z</time>
      </trkpt>
      <trkpt lat="47.272453" lon="-1.974020">
        <ele>4.744</ele>
        <time>2017-07-27T18:44:20Z</time>
      </trkpt>
      <trkpt lat="47.273036" lon="-1.977203">
        <ele>10.021</ele>
        <time>2017-07-27T18:44:40Z</time>
      </trkpt>
      <trkpt lat="47.273259" lon="-1.977478">
        <ele>10.293</ele>
        <time>2017-07-27T18:45:00Z</time>
      </trkpt>
      <trkpt lat="47.274012" lon="-1.977881">
        <ele>8.038</ele>
        <time>2017-07-27T18:45:20Z</time>
      </trkpt>
      <trkpt lat="47.274270" lon="-1.978788">
        <ele>7.070</ele>
        <time>2017-07-27T18:45:40Z</time>
      </trkpt>
      <trkpt lat="47.274508" lon="-1.980450">
        <ele>6.417</ele>
        <time>2017-07-27T18:46:00Z</time>
      </trkpt>
      <trkpt lat="47.274492" lon="-1.981640">
        <ele>6.708</ele>
        <time>2017-07-27T18:46:20Z</time>
      </trkpt>
      <trkpt lat="47.274088" lon="-1.984602">
        <ele>5.374</ele>
        <time>2017-07-27T18:46:40Z</time>
      </trkpt>
      <trkpt lat="47.275166" lon="-1.986067">
        <ele>2.271</ele>
        <time>2017-07-27T18:47:00Z</time>
      </trkpt>
      <trkpt lat="47.276065" lon="-1.989877">
        <ele>2.691</ele>
        <time>2017-07-27T18:47:20Z</time>
      </trkpt>
      <trkpt lat="47.276003" lon="-1.990814">
        <ele>3.468</ele>
        <time>2017-07-27T18:47:40Z</time>
      </trkpt>
      <trkpt lat="47.275308" lon="-1.992392">
        <ele>3.375</ele>
        <time>2017-07-27T18:48:00Z</time>
      </trkpt>
      <trkpt lat="47.275272" lon="-1.993211">
        <ele>4.055</ele>
        <time>2017-07-27T18:48:20Z</time>
      </trkpt>
      <trkpt lat="47.275009" lon="-1.994141">
        <ele>2.042</ele>
        <time>2017-07-27T18:48:40Z</time>
      </trkpt>
      <trkpt lat="47.275670" lon="-1.996517">
        <ele>3.084</ele>
        <time>2017-07-27T18:49:00Z</time>
      </trkpt>
      <trkpt lat="47.275766" lon="-1.999549">
        <ele>3.482</ele>
        <time>2017-07-27T18:49:20Z</time>
      </trkpt>
      <trkpt lat="47.276405" lon="-2.000776">
        <ele>5.043</ele>
        <time>2017-07-27T18:49:40Z</time>
      </trkpt>
      <trkpt lat="47.276780" lon="-2.002045">
        <ele>6.317</ele>
        <time>2017-07-27T18:50:00Z</time>
      </trkpt>
      <trkpt lat="47.276812" lon="-2.004385">
        <ele>5.608</ele>
        <time>2017-07-27T18:50:20Z</time>
      </trkpt>
      <trkpt lat="47.277742" lon="-2.004568">
        <ele>3.559</ele>
        <time>2017-07-27T18:50:40Z</time>
      </trkpt>
      <trkpt lat="47.278178" lon="-2.004848">
        <ele>2.626</ele>
        <time>2017-07-27T18:51:00Z</time>
      </trkpt>
      <trkpt lat="47.279306" lon="-2.005925">
        <ele>1.886</ele>
        <time>2017-07-27T18:51:20Z</time>
      </trkpt>
      <trkpt lat="47.279556" lon="-2.006746">
        <ele>5.043</ele>
        <time>2017-07-27T18:51:40Z</time>
      </trkpt>
      <trkpt lat="47.278277" lon="-2.008239">
        <ele>3.730</ele>
        <time>2017-07-27T18:52:00Z</time>
      </trkpt>
      <trkpt lat="47.277508" lon="-2.009553">
        <ele>6.070</ele>
        <time>2017-07-27T18:52:20Z</time>
      </trkpt>
      <trkpt lat="47.278694" lon="-2.012027">
        <ele>4.297</ele>
        <time>2017-07-27T18:52:40Z</time>
      </trkpt>
      <trkpt lat="47.279168" lon="-2.013471">
        <ele>4.039</ele>
        <time>2017-07-27T18:53:00Z</time>
      </trkpt>
      <trkpt lat="47.279421" lon="-2.014852">
        <ele>1.664</ele>
        <time>2017-07-27T18:53:20Z</time>
      </trkpt>
      <trkpt lat="47.282496" lon="-2.015815">
        <ele>2.906</ele>
        <time>2017-07-27T18:53:40Z</time>
      </trkpt>
      <trkpt lat="47.283349" lon="-2.015888">
        <ele>4.316</ele>
        <time>2017-07-27T18:54:00Z</time>
      </trkpt>
      <trkpt lat="47.283588" lon="-2.016172">
        <ele>5.908</ele>
        <time>2017-07-27T18:54:20Z</time>
      </trkpt>
      <trkpt lat="47.285142" lon="-2.016656">
        <ele>5.037</ele>
        <time>2017-07-27T18:54:40Z</time>
      </trkpt>
      <trkpt lat="47.285860" lon="-2.017136">
        <ele>5.934</ele>
        <time>2017-07-27T18:55:00Z</time>
      </trkpt>
      <trkpt lat="47.286836" lon="-2.018819">
        <ele>4.874</ele>
        <time>2017-07-27T18:55:20Z</time>
      </trkpt>
      <trkpt lat="47.287457" lon="-2.020709">
        <ele>4.221</ele>
        <time>2017-07-27T18:55:40Z</time>
      </trkpt>
      <trkpt lat="47.287988" lon="-2.021538">
        <ele>4.928</ele>
        <time>2017-07-27T18:56:00Z</time>
      </trkpt>
      <trkpt lat="47.288317" lon="-2.023125">
        <ele>2.718</ele>
        <time>2017-07-27T18:56:20Z</time>
      </trkpt>
      <trkpt lat="47.288422" lon="-2.026165">
        <ele>4.775</ele>
        <time>2017-07-27T18:56:40Z</time>
      </trkpt>
      <trkpt lat="47.288584" lon="-2.026975">
        <ele>5.977</ele>
        <time>2017-07-27T18:57:00Z</time>
      </trkpt>
      <trkpt lat="47.288944" lon="-2.026921">
        <ele>3.819</ele>
        <time>2017-07-27T18:57:20Z</time>
      </trkpt>
      <trkpt lat="47.289020" lon="-2.027037">
        <ele>3.709</ele>
        <time>2017-07-27T18:57:40Z</time>
      </trkpt>
      <trkpt lat="47.289859" lon="-2.029866">
        <ele>4.319</ele>
        <time>2017-07-27T18:58:00Z</time>
      </trkpt>
      <trkpt lat="47.289854" lon="-2.032507">
        <ele>3.608</ele>
        <time>2017-07-27T18:58:20Z</time>
      </trkpt>
      <trkpt lat="47.289739" lon="-2.032898">
        <ele>4.822</ele>
        <time>2017-07-27T18:58:40Z</time>
      </trkpt>
      <trkpt lat="47.289658" lon="-2.032829">
        <ele>6.439</ele>
        <time>2017-07-27T18:59:00Z</time>
      </trkpt>
      <trkpt lat="47.289300" lon="-2.034659">
        <ele>3.579</ele>
        <time>2017-07-27T18:59:20Z</time>
      </trkpt>
      <trkpt lat="47.289032" lon="-2.039591">
        <ele>8.226</ele>
        <time>2017-07-27T18:59:40Z</time>
      </trkpt>
      <trkpt lat="47.287215" lon="-2.042507">
        <ele>3.093</ele>
        <time>2017-07-27T19:00:00Z</time>
      </trkpt>
      <trkpt lat="47.286937" lon="-2.042615">
        <ele>2.043</ele>
        <time>2017-07-27T19:00:20Z</time>
      </trkpt>
      <trkpt lat="47.284706" lon="-2.046008">
        <ele>2.380</ele>
        <time>2017-07-27T19:00:40Z</time>
      </trkpt>
      <trkpt lat="47.279765" lon="-2.056807">
        <ele>2.122</ele>
        <time>2017-07-27T19:01:00Z</time>
      </trkpt>
      <trkpt lat="47.277779" lon="-2.058540">
        <ele>6.343</ele>
        <time>2017-07-27T19:01:20Z</time>
      </trkpt>
      <trkpt lat="47.277539" lon="-2.059227">
        <ele>6.064</ele>
        <time>2017-07-27T19:01:40Z</time>
      </trkpt>
      <trkpt lat="47.275401" lon="-2.060825">
        <ele>3.410</ele>
        <time>2017-07-27T19:02:00Z</time>
      </trkpt>
      <trkpt lat="47.274815" lon="-2.061448">
        <ele>2.008</ele>
        <time>2017-07-27T19:02:20Z</time>
      </trkpt>
      <trkpt lat="47.272780" lon="-2.065156">
        <ele>4.635</ele>
        <time>2017-07-27T19:02:40Z</time>
      </trkpt>
      <trkpt lat="47.272085" lon="-2.067081">
        <ele>6.292</ele>
        <time>2017-07-27T19:03:00Z</time>
      </trkpt>
      <trkpt lat="47.271658" lon="-2.068786">
        <ele>5.092</ele>
        <time>2017-07-27T19:03:20Z</time>
      </trkpt>
      <trkpt lat="47.271575" lon="-2.069768">
        <ele>6.279</ele>
        <time>2017-07-27T19:03:40Z</time>
      </trkpt>
      <trkpt lat="47.271720" lon="-2.071730">
        <ele>6.836</ele>
        <time>2017-07-27T19:04:00Z</time>
      </trkpt>
      <trkpt lat="47.271980" lon="-2.072997">
        <ele>5.976</ele>
        <time>2017-07-27T19:04:20Z</time>
      </trkpt>
      <trkpt lat="47.271939" lon="-2.074796">
        <ele>5.083</ele>
        <time>2017-07-27T19:04:40Z</time>
      </trkpt>
      <trkpt lat="47.271499" lon="-2.076419">
        <ele>2.435</ele>
        <time>2017-07-27T19:05:00Z</time>
      </trkpt>
      <trkpt lat="47.271180" lon="-2.078840">
        <ele>2.845</ele>
        <time>2017-07-27T19:05:20Z</time>
      </trkpt>
      <trkpt lat="47.271232" lon="-2.079486">
        <ele>3.547</ele>
        <time>2017-07-27T19:05:40Z</time>
      </trkpt>
      <trkpt lat="47.271679" lon="-2.080589">
        <ele>3.011</ele>
        <time>2017-07-27T19:06:00Z</time>
      </trkpt>
      <trkpt lat="47.271883" lon="-2.081726">
        <ele>3.008</ele>
        <time>2017-07-27T19:06:20Z</time>
      </trkpt>
      <trkpt lat="47.271706" lon="-2.086761">
        <ele>3.975</ele>
        <time>2017-07-27T19:06:40Z</time>
      </trkpt>
      <trkpt lat="47.271908" lon="-2.089395">
        <ele>4.022</ele>
        <time>2017-07-27T19:07:00Z</time>
      </trkpt>
      <trkpt lat="47.271754" lon="-2.089514">
        <ele>4.082</ele>
        <time>2017-07-27T19:07:20Z</time>
      </trkpt>
      <trkpt lat="47.270111" lon="-2.089371">
        <ele>4.089</ele>
        <time>2017-07-27T19:07:40Z</time>
      </trkpt>
      <trkpt lat="47.269383" lon="-2.089975">
        <ele>4.016</ele>
        <time>2017-07-27T19:08:00Z</time>
      </trkpt>
      <trkpt lat="47.267622" lon="-2.091980">
        <ele>1.916</ele>
        <time>2017-07-27T19:08:20Z</time>
      </trkpt>
      <trkpt lat="47.266234" lon="-2.092492">
        <ele>3.623</ele>
        <time>2017-07-27T19:08:40Z</time>
      </trkpt>
      <trkpt lat="47.265142" lon="-2.092460">
        <ele>2.695</ele>
        <time>2017-07-27T19:09:00Z</time>
      </trkpt>
      <trkpt lat="47.264768" lon="-2.092695">
        <ele>2.981</ele>
        <time>2017-07-27T19:09:20Z</time>
      </trkpt>
      <trkpt lat="47.264255" lon="-2.095699">
        <ele>5.761</ele>
        <time>2017-07-27T19:09:40Z</time>
      </trkpt>
      <trkpt lat="47.264241" lon="-2.097667">
        <ele>5.617</ele>
        <time>2017-07-27T19:10:00Z</time>
      </trkpt>
      <trkpt lat="47.264000" lon="-2.099556">
        <ele>7.608</ele>
        <time>2017-07-27T19:10:20Z</time>
      </trkpt>
      <trkpt lat="47.263181" lon="-2.101506">
        <ele>8.919</ele>
        <time>2017-07-27T19:10:40Z</time>
      </trkpt>
      <trkpt lat="47.263249" lon="-2.102589">
        <ele>10.036</ele>
        <time>2017-07-27T19:11:00Z</time>
      </trkpt>
      <trkpt lat="47.263720" lon="-2.104914">
        <ele>10.366</ele>
        <time>2017-07-27T19:11:20Z</time>
      </trkpt>
      <trkpt lat="47.262510" lon="-2.104933">
        <ele>9.243</ele>
        <time>2017-07-27T19:11:40Z</time>
      </trkpt>
      <trkpt lat="47.261205" lon="-2.104081">
        <ele>11.720</ele>
        <time>2017-07-27T19:12:00Z</time>
      </trkpt>
      <trkpt lat="47.259932" lon="-2.104385">
        <ele>10.560</ele>
        <time>2017-07-27T19:12:20Z</time>
      </trkpt>
      <trkpt lat="47.258938" lon="-2.103987">
        <ele>10.057</ele>
        <time>2017-07-27T19:12:40Z</time>
      </trkpt>
      <trkpt lat="47.258484" lon="-2.103267">
        <ele>11.089</ele>
        <time>2017-07-27T19:13:00Z</time>
      </trkpt>
      <trkpt lat="47.258162" lon="-2.103075">
        <ele>10.413</ele>
        <time>2017-07-27T19:13:20Z</time>
      </trkpt>
      <trkpt lat="47.257358" lon="-2.102948">
        <ele>12.243</ele>
        <time>2017-07-27T19:13:40Z</time>
      </trkpt>
      <trkpt lat="47.256927" lon="-2.102736">
        <ele>11.907</ele>
        <time>2017-07-27T19:14:00Z</time>
      </trkpt>
      <trkpt lat="47.255530" lon="-2.102598">
        <ele>10.008</ele>
        <time>2017-07-27T19:14:20Z</time>
      </trkpt>
      <trkpt lat="47.254497" lon="-2.102052">
        <ele>10.022</ele>
        <time>2017-07-27T19:14:40Z</time>
      </trkpt>
      <trkpt lat="47.253894" lon="-2.101937">
        <ele>11.039</ele>
        <time>2017-07-27T19:15:00Z</time>
      </trkpt>
      <trkpt lat="47.253725" lon="-2.101698">
        <ele>11.499</ele>
        <time>2017-07-27T19:15:20Z</time>
      </trkpt>
      <trkpt lat="47.253544" lon="-2.100528">
        <ele>12.046</ele>
        <time>2017-07-27T19:15:40Z</time>
      </trkpt>
      <trkpt lat="47.252670" lon="-2.099346">
        <ele>10.883</ele>
        <time>2017-07-27T19:16:00Z</time>
      </trkpt>
      <trkpt lat="47.251992" lon="-2.098917">
        <ele>10.383</ele>
        <time>2017-07-27T19:16:20Z</time>
      </trkpt>
      <trkpt lat="47.251248" lon="-2.098793">
        <ele>11.750</ele>
        <time>2017-07-27T19:16:40Z</time>
      </trkpt>
      <trkpt lat="47.250086" lon="-2.098264">
        <ele>11.782</ele>
        <time>2017-07-27T19:17:00Z</time>
      </trkpt>
      <trkpt lat="47.249409" lon="-2.098889">
        <ele>13.024</ele>
        <time>2017-07-27T19:17:20Z</time>
      </trkpt>
      <trkpt lat="47.248864" lon="-2.100721">
        <ele>13.504</ele>
        <time>2017-07-27T19:17:40Z</time>
      </trkpt>
      <trkpt lat="47.248394" lon="-2.103911">
        <ele>11.614</ele>
        <time>2017-07-27T19:18:00Z</time>
      </trkpt>
      <trkpt lat="47.248428" lon="-2.105527">
        <ele>14.308</ele>
        <time>2017-07-27T19:18:20Z</time>
      </trkpt>
      <trkpt lat="47.248626" lon="-2.107027">
        <ele>13.793</ele>
        <time>2017-07-27T19:18:40Z</time>
      </trkpt>
      <trkpt lat="47.249214" lon="-2.108611">
        <ele>13.030</ele>
        <time>2017-07-27T19:19:00Z</time>
      </trkpt>
      <trkpt lat="47.249673" lon="-2.110673">
        <ele>12.590</ele>
        <time>2017-07-27T19:19:20Z</time>
      </trkpt>
      <trkpt lat="47.249881" lon="-2.113449">
        <ele>4.467</ele>
        <time>2017-07-27T19:19:40Z</time>
      </trkpt>
      <trkpt lat="47.250430" lon="-2.114317">
        <ele>5.824</ele>
        <time>2017-07-27T19:20:00Z</time>
      </trkpt>
      <trkpt lat="47.250498" lon="-2.114649">
        <ele>6.764</ele>
        <time>2017-07-27T19:20:20Z</time>
      </trkpt>
      <trkpt lat="47.250807" lon="-2.119003">
        <ele>9.121</ele>
        <time>2017-07-27T19:20:40Z</time>
      </trkpt>
      <trkpt lat="47.250589" lon="-2.120174">
        <ele>12.953</ele>
        <time>2017-07-27T19:21:00Z</time>
      </trkpt>
      <trkpt lat="47.251084" lon="-2.124680">
        <ele>14.026</ele>
        <time>2017-07-27T19:21:20Z</time>
      </trkpt>
      <trkpt lat="47.251495" lon="-2.126521">
        <ele>15.847</ele>
        <time>2017-07-27T19:21:40Z</time>
      </trkpt>
      <trkpt lat="47.253214" lon="-2.130252">
        <ele>13.011</ele>
        <time>2017-07-27T19:22:00Z</time>
      </trkpt>
      <trkpt lat="47.253439" lon="-2.131156">
        <ele>13.508</ele>
        <time>2017-07-27T19:22:20Z</time>
      </trkpt>
      <trkpt lat="47.253271" lon="-2.131929">
        <ele>12.183</ele>
        <time>2017-07-27T19:22:40Z</time>
      </trkpt>
      <trkpt lat="47.252656" lon="-2.133052">
        <ele>10.460</ele>
        <time>2017-07-27T19:23:00Z</time>
      </trkpt>
      <trkpt lat="47.251105" lon="-2.139375">
        <ele>12.080</ele>
        <time>2017-07-27T19:23:20Z</time>
      </trkpt>
      <trkpt lat="47.251311" lon="-2.138292">
        <ele>11.057</ele>
        <time>2017-07-27T19:23:40Z</time>
      </trkpt>
      <trkpt lat="47.251396" lon="-2.138601">
        <ele>11.984</ele>
        <time>2017-07-27T19:24:00Z</time>
      </trkpt>
      <trkpt lat="47.253114" lon="-2.139228">
        <ele>11.054</ele>
        <time>2017-07-27T19:24:20Z</time>
      </trkpt>
      <trkpt lat="47.253843" lon="-2.140522">
        <ele>10.151</ele>
        <time>2017-07-27T19:24:40Z</time>
      </trkpt>
      <trkpt lat="47.254598" lon="-2.141102">
        <ele>10.073</ele>
        <time>2017-07-27T19:25:00Z</time>
      </trkpt>
      <trkpt lat="47.254968" lon="-2.141138">
        <ele>9.185</ele>
        <time>2017-07-27T19:25:20Z</time>
      </trkpt>
      <trkpt lat="47.256228" lon="-2.140683">
        <ele>9.489</ele>
        <time>2017-07-27T19:25:40Z</time>
      </trkpt>
      <trkpt lat="47.258685" lon="-2.140856">
        <ele>12.017</ele>
        <time>2017-07-27T19:26:00Z</time>
      </trkpt>
      <trkpt lat="47.259084" lon="-2.140695">
        <ele>11.308</ele>
        <time>2017-07-27T19:26:20Z</time>
      </trkpt>
      <trkpt lat="47.260903" lon="-2.138703">
        <ele>11.179</ele>
        <time>2017-07-27T19:26:40Z</time>
      </trkpt>
      <trkpt lat="47.261512" lon="-2.138428">
        <ele>11.356</ele>
        <time>2017-07-27T19:27:00Z</time>
      </trkpt>
      <trkpt lat="47.262238" lon="-2.140993">
        <ele>11.086</ele>
        <time>2017-07-27T19:27:20Z</time>
      </trkpt>
      <trkpt lat="47.262980" lon="-2.141872">
        <ele>12.893</ele>
        <time>2017-07-27T19:27:40Z</time>
      </trkpt>
      <trkpt lat="47.263721" lon="-2.143996">
        <ele>10.220</ele>
        <time>2017-07-27T19:28:00Z</time>
      </trkpt>
      <trkpt lat="47.264810" lon="-2.146338">
        <ele>6.010</ele>
        <time>2017-07-27T19:28:20Z</time>
      </trkpt>
      <trkpt lat="47.265588" lon="-2.147637">
        <ele>3.117</ele>
        <time>2017-07-27T19:28:40Z</time>
      </trkpt>
      <trkpt lat="47.266605" lon="-2.148851">
        <ele>-0.729</ele>
        <time>2017-07-27T19:29:00Z</time>
      </trkpt>
      <trkpt lat="47.266746" lon="-2.149708">
        <ele>1.214</ele>
        <time>2017-07-27T19:29:20Z</time>
      </trkpt>
      <trkpt lat="47.266841" lon="-2.149803">
        <ele>1.954</ele>
        <time>2017-07-27T19:29:40Z</time>
      </trkpt>
      <trkpt lat="47.267397" lon="-2.149616">
        <ele>0.809</ele>
        <time>2017-07-27T19:30:00Z</time>
      </trkpt>
      <trkpt lat="47.267764" lon="-2.149820">
        <ele>2.008</ele>
        <time>2017-07-27T19:30:20Z</time>
      </trkpt>
      <trkpt lat="47.268287" lon="-2.149862">
        <ele>3.052</ele>
        <time>2017-07-27T19:30:40Z</time>
      </trkpt>
      <trkpt lat="47.268682" lon="-2.150234">
        <ele>3.029</ele>
        <time>2017-07-27T19:31:00Z</time>
      </trkpt>
      <trkpt lat="47.269254" lon="-2.150171">
        <ele>2.929</ele>
        <time>2017-07-27T19:31:20Z</time>
      </trkpt>
      <trkpt lat="47.269449" lon="-2.150384">
        <ele>4.066</ele>
        <time>2017-07-27T19:31:40Z</time>
      </trkpt>
      <trkpt lat="47.269577" lon="-2.151579">
        <ele>2.783</ele>
        <time>2017-07-27T19:32:00Z</time>
      </trkpt>
      <trkpt lat="47.269790" lon="-2.152179">
        <ele>2.443</ele>
        <time>2017-07-27T19:32:20Z</time>
      </trkpt>
      <trkpt lat="47.269755" lon="-2.154309">
        <ele>2.090</ele>
        <time>2017-07-27T19:32:40Z</time>
      </trkpt>
      <trkpt lat="47.269366" lon="-2.158351">
        <ele>1.832</ele>
        <time>2017-07-27T19:33:00Z</time>
      </trkpt>
      <trkpt lat="47.269147" lon="-2.159050">
        <ele>2.724</ele>
        <time>2017-07-27T19:33:20Z</time>
      </trkpt>
      <trkpt lat="47.269053" lon="-2.160124">
        <ele>2.404</ele>
        <time>2017-07-27T19:33:40Z</time>
      </trkpt>
      <trkpt lat="47.268600" lon="-2.161274">
        <ele>6.014</ele>
        <time>2017-07-27T19:34:00Z</time>
      </trkpt>
      <trkpt lat="47.267896" lon="-2.161011">
        <ele>6.108</ele>
        <time>2017-07-27T19:34:20Z</time>
      </trkpt>
      <trkpt lat="47.267292" lon="-2.160990">
        <ele>2.873</ele>
        <time>2017-07-27T19:34:40Z</time>
      </trkpt>
      <trkpt lat="47.267073" lon="-2.161936">
        <ele>3.670</ele>
        <time>2017-07-27T19:35:00Z</time>
      </trkpt>
      <trkpt lat="47.267156" lon="-2.163313">
        <ele>1.610</ele>
        <time>2017-07-27T19:35:20Z</time>
      </trkpt>
      <trkpt lat="47.267893" lon="-2.163151">
        <ele>2.697</ele>
        <time>2017-07-27T19:35:40Z</time>
      </trkpt>
      <trkpt lat="47.267983" lon="-2.163404">
        <ele>1.284</ele>
        <time>2017-07-27T19:36:00Z</time>
      </trkpt>
      <trkpt lat="47.268288" lon="-2.168293">
        <ele>5.254</ele>
        <time>2017-07-27T19:36:20Z</time>
      </trkpt>
      <trkpt lat="47.268060" lon="-2.168410">
        <ele>4.791</ele>
        <time>2017-07-27T19:36:40Z</time>
      </trkpt>
      <trkpt lat="47.267992" lon="-2.168751">
        <ele>4.393</ele>
        <time>2017-07-27T19:37:00Z</time>
      </trkpt>
      <trkpt lat="47.267671" lon="-2.169136">
        <ele>6.529</ele>
        <time>2017-07-27T19:37:20Z</time>
      </trkpt>
      <trkpt lat="47.267025" lon="-2.169396">
        <ele>7.900</ele>
        <time>2017-07-27T19:37:40Z</time>
      </trkpt>
      <trkpt lat="47.263834" lon="-2.168755">
        <ele>6.420</ele>
        <time>2017-07-27T19:38:00Z</time>
      </trkpt>
      <trkpt lat="47.262070" lon="-2.168664">
        <ele>8.708</ele>
        <time>2017-07-27T19:38:20Z</time>
      </trkpt>
      <trkpt lat="47.261580" lon="-2.168861">
        <ele>8.193</ele>
        <time>2017-07-27T19:38:40Z</time>
      </trkpt>
      <trkpt lat="47.261400" lon="-2.168242">
        <ele>10.050</ele>
        <time>2017-07-27T19:39:00Z</time>
      </trkpt>
      <trkpt lat="47.261272" lon="-2.168185">
        <ele>10.080</ele>
        <time>2017-07-27T19:39:20Z</time>
      </trkpt>
      <trkpt lat="47.260233" lon="-2.168563">
        <ele>9.097</ele>
        <time>2017-07-27T19:39:40Z</time>
      </trkpt>
      <trkpt lat="47.259401" lon="-2.169146">
        <ele>9.054</ele>
        <time>2017-07-27T19:40:00Z</time>
      </trkpt>
      <trkpt lat="47.258802" lon="-2.169886">
        <ele>8.424</ele>
        <time>2017-07-27T19:40:20Z</time>
      </trkpt>
      <trkpt lat="47.258949" lon="-2.170589">
        <ele>5.121</ele>
        <time>2017-07-27T19:40:40Z</time>
      </trkpt>
      <trkpt lat="47.258849" lon="-2.169976">
        <ele>8.183</ele>
        <time>2017-07-27T19:41:00Z</time>
      </trkpt>
      <trkpt lat="47.258726" lon="-2.169893">
        <ele>8.436</ele>
        <time>2017-07-27T19:41:20Z</time>
      </trkpt>
      <trkpt lat="47.256068" lon="-2.169800">
        <ele>5.317</ele>
        <time>2017-07-27T19:41:40Z</time>
      </trkpt>
      <trkpt lat="47.255893" lon="-2.169671">
        <ele>5.818</ele>
        <time>2017-07-27T19:42:00Z</time>
      </trkpt>
      <trkpt lat="47.249681" lon="-2.169141">
        <ele>1.408</ele>
        <time>2017-07-27T19:42:20Z</time>
      </trkpt>
      <trkpt lat="47.248804" lon="-2.169261">
        <ele>0.534</ele>
        <time>2017-07-27T19:42:40Z</time>
      </trkpt>
      <trkpt lat="47.248390" lon="-2.169570">
        <ele>0.231</ele>
        <time>2017-07-27T19:43:00Z</time>
      </trkpt>
      <trkpt lat="47.248444" lon="-2.169164">
        <ele>0.631</ele>
        <time>2017-07-27T19:43:20Z</time>
      </trkpt>
      <trkpt lat="47.248560" lon="-2.169186">
        <ele>0.168</ele>
        <time>2017-07-27T19:43:40Z</time>
      </trkpt>
      <trkpt lat="47.248454" lon="-2.169401">
        <ele>-0.675</ele>
        <time>2017-07-27T19:44:00Z</time>
      </trkpt>
      <trkpt lat="47.247513" lon="-2.169682">
        <ele>2.275</ele>
        <time>2017-07-27T19:44:20Z</time>
      </trkpt>
      <trkpt lat="47.245695" lon="-2.169554">
        <ele>5.672</ele>
        <time>2017-07-27T19:44:40Z</time>
      </trkpt>
      <trkpt lat="47.244816" lon="-2.169629">
        <ele>6.384</ele>
        <time>2017-07-27T19:45:00Z</time>
      </trkpt>
      <trkpt lat="47.244373" lon="-2.169893">
        <ele>5.677</ele>
        <time>2017-07-27T19:45:20Z</time>
      </trkpt>
      <trkpt lat="47.244166" lon="-2.170270">
        <ele>5.061</ele>
        <time>2017-07-27T19:45:40Z</time>
      </trkpt>
      <trkpt lat="47.243646" lon="-2.170387">
        <ele>7.827</ele>
        <time>2017-07-27T19:46:00Z</time>
      </trkpt>
      <trkpt lat="47.241120" lon="-2.170683">
        <ele>4.508</ele>
        <time>2017-07-27T19:46:20Z</time>
      </trkpt>
      <trkpt lat="47.241085" lon="-2.170417">
        <ele>5.928</ele>
        <time>2017-07-27T19:46:40Z</time>
      </trkpt>
      <trkpt lat="47.240986" lon="-2.170438">
        <ele>5.215</ele>
        <time>2017-07-27T19:47:00Z</time>
      </trkpt>
      <trkpt lat="47.240916" lon="-2.170738">
        <ele>4.165</ele>
        <time>2017-07-27T19:47:20Z</time>
      </trkpt>
      <trkpt lat="47.239554" lon="-2.171174">
        <ele>2.572</ele>
        <time>2017-07-27T19:47:40Z</time>
      </trkpt>
      <trkpt lat="47.239191" lon="-2.170358">
        <ele>7.089</ele>
        <time>2017-07-27T19:48:00Z</time>
      </trkpt>
      <trkpt lat="47.238965" lon="-2.169344">
        <ele>5.669</ele>
        <time>2017-07-27T19:48:20Z</time>
      </trkpt>
      <trkpt lat="47.238734" lon="-2.169312">
        <ele>5.596</ele>
        <time>2017-07-27T19:48:40Z</time>
      </trkpt>
      <trkpt lat="47.236586" lon="-2.172070">
        <ele>7.738</ele>
        <time>2017-07-27T19:49:00Z</time>
      </trkpt>
      <trkpt lat="47.235787" lon="-2.174826">
        <ele>6.213</ele>
        <time>2017-07-27T19:49:20Z</time>
      </trkpt>
      <trkpt lat="47.235367" lon="-2.175570">
        <ele>10.143</ele>
        <time>2017-07-27T19:49:40Z</time>
      </trkpt>
      <trkpt lat="47.233758" lon="-2.175411">
        <ele>9.807</ele>
        <time>2017-07-27T19:50:00Z</time>
      </trkpt>
      <trkpt lat="47.233268" lon="-2.175483">
        <ele>10.208</ele>
        <time>2017-07-27T19:50:20Z</time>
      </trkpt>
      <trkpt lat="47.232577" lon="-2.175793">
        <ele>14.332</ele>
        <time>2017-07-27T19:50:40Z</time>
      </trkpt>
      <trkpt lat="47.232015" lon="-2.176253">
        <ele>15.849</ele>
        <time>2017-07-27T19:51:00Z</time>
      </trkpt>
      <trkpt lat="47.231775" lon="-2.176268">
        <ele>14.669</ele>
        <time>2017-07-27T19:51:20Z</time>
      </trkpt>
      <trkpt lat="47.229885" lon="-2.175052">
        <ele>9.446</ele>
        <time>2017-07-27T19:51:40Z</time>
      </trkpt>
      <trkpt lat="47.229352" lon="-2.174486">
        <ele>11.653</ele>
        <time>2017-07-27T19:52:00Z</time>
      </trkpt>
      <trkpt lat="47.229233" lon="-2.174745">
        <ele>10.923</ele>
        <time>2017-07-27T19:52:20Z</time>
      </trkpt>
      <trkpt lat="47.229319" lon="-2.174406">
        <ele>11.860</ele>
        <time>2017-07-27T19:52:40Z</time>
      </trkpt>
      <trkpt lat="47.228839" lon="-2.173962">
        <ele>12.692</ele>
        <time>2017-07-27T19:53:00Z</time>
      </trkpt>
      <trkpt lat="47.227665" lon="-2.172340">
        <ele>11.828</ele>
        <time>2017-07-27T19:53:20Z</time>
      </trkpt>
      <trkpt lat="47.227571" lon="-2.172285">
        <ele>11.489</ele>
        <time>2017-07-27T19:53:40Z</time>
      </trkpt>
      <trkpt lat="47.227027" lon="-2.173343">
        <ele>10.617</ele>
        <time>2017-07-27T19:54:00Z</time>
      </trkpt>
      <trkpt lat="47.226712" lon="-2.173125">
        <ele>10.808</ele>
        <time>2017-07-27T19:54:20Z</time>
      </trkpt>
      <trkpt lat="47.224915" lon="-2.170743">
        <ele>11.093</ele>
        <time>2017-07-27T19:54:40Z</time>
      </trkpt>
      <trkpt lat="47.222686" lon="-2.168250">
        <ele>8.070</ele>
        <time>2017-07-27T19:55:00Z</time>
      </trkpt>
      <trkpt lat="47.222099" lon="-2.167309">
        <ele>10.220</ele>
        <time>2017-07-27T19:55:20Z</time>
      </trkpt>
      <trkpt lat="47.221753" lon="-2.167719">
        <ele>7.857</ele>
        <time>2017-07-27T19:55:40Z</time>
      </trkpt>
      <trkpt lat="47.222058" lon="-2.167303">
        <ele>10.164</ele>
        <time>2017-07-27T19:56:00Z</time>
      </trkpt>
      <trkpt lat="47.219709" lon="-2.164558">
        <ele>12.964</ele>
        <time>2017-07-27T19:56:20Z</time>
      </trkpt>
      <trkpt lat="47.218668" lon="-2.162470">
        <ele>15.551</ele>
        <time>2017-07-27T19:56:40Z</time>
      </trkpt>
      <trkpt lat="47.212944" lon="-2.159105">
        <ele>5.033</ele>
        <time>2017-07-27T19:57:00Z</time>
      </trkpt>
      <trkpt lat="47.212164" lon="-2.158443">
        <ele>4.813</ele>
        <time>2017-07-27T19:57:20Z</time>
      </trkpt>
      <trkpt lat="47.211414" lon="-2.157446">
        <ele>6.443</ele>
        <time>2017-07-27T19:57:40Z</time>
      </trkpt>
      <trkpt lat="47.206634" lon="-2.155759">
        <ele>11.607</ele>
        <time>2017-07-27T19:58:00Z</time>
      </trkpt>
      <trkpt lat="47.206334" lon="-2.155872">
        <ele>10.908</ele>
        <time>2017-07-27T19:58:20Z</time>
      </trkpt>
      <trkpt lat="47.206069" lon="-2.155563">
        <ele>11.372</ele>
        <time>2017-07-27T19:58:40Z</time>
      </trkpt>
      <trkpt lat="47.204171" lon="-2.154720">
        <ele>15.029</ele>
        <time>2017-07-27T19:59:00Z</time>
      </trkpt>
      <trkpt lat="47.203217" lon="-2.152863">
        <ele>21.699</ele>
        <time>2017-07-27T19:59:20Z</time>
      </trkpt>
      <trkpt lat="47.202736" lon="-2.152492">
        <ele>22.036</ele>
        <time>2017-07-27T19:59:40Z</time>
      </trkpt>
      <trkpt lat="47.200502" lon="-2.153148">
        <ele>20.973</ele>
        <time>2017-07-27T20:00:00Z</time>
      </trkpt>
      <trkpt lat="47.198637" lon="-2.152982">
        <ele>28.963</ele>
        <time>2017-07-27T20:00:20Z</time>
      </trkpt>
      <trkpt lat="47.197913" lon="-2.152753">
        <ele>27.980</ele>
        <time>2017-07-27T20:00:40Z</time>
      </trkpt>
      <trkpt lat="47.197335" lon="-2.152874">
        <ele>22.792</ele>
        <time>2017-07-27T20:01:00Z</time>
      </trkpt>
      <trkpt lat="47.196936" lon="-2.150013">
        <ele>19.046</ele>
        <time>2017-07-27T20:01:20Z</time>
      </trkpt>
      <trkpt lat="47.196280" lon="-2.150208">
        <ele>19.088</ele>
        <time>2017-07-27T20:01:40Z</time>
      </trkpt>
      <trkpt lat="47.195339" lon="-2.150858">
        <ele>18.916</ele>
        <time>2017-07-27T20:02:00Z</time>
      </trkpt>
      <trkpt lat="47.194175" lon="-2.150266">
        <ele>24.008</ele>
        <time>2017-07-27T20:02:20Z</time>
      </trkpt>
      <trkpt lat="47.193372" lon="-2.149080">
        <ele>27.955</ele>
        <time>2017-07-27T20:02:40Z</time>
      </trkpt>
      <trkpt lat="47.193238" lon="-2.147445">
        <ele>30.412</ele>
        <time>2017-07-27T20:03:00Z</time>
      </trkpt>
      <trkpt lat="47.191720" lon="-2.147721">
        <ele>25.272</ele>
        <time>2017-07-27T20:03:20Z</time>
      </trkpt>
      <trkpt lat="47.191021" lon="-2.148002">
        <ele>26.989</ele>
        <time>2017-07-27T20:03:40Z</time>
      </trkpt>
      <trkpt lat="47.188234" lon="-2.149890">
        <ele>27.646</ele>
        <time>2017-07-27T20:04:00Z</time>
      </trkpt>
      <trkpt lat="47.181795" lon="-2.151863">
        <ele>27.236</ele>
        <time>2017-07-27T20:04:20Z</time>
      </trkpt>
      <trkpt lat="47.181424" lon="-2.152170">
        <ele>27.283</ele>
        <time>2017-07-27T20:04:40Z</time>
      </trkpt>
      <trkpt lat="47.181201" lon="-2.152155">
        <ele>27.115</ele>
        <time>2017-07-27T20:05:00Z</time>
      </trkpt>
      <trkpt lat="47.181127" lon="-2.151690">
        <ele>27.186</ele>
        <time>2017-07-27T20:05:20Z</time>
      </trkpt>
      <trkpt lat="47.181253" lon="-2.152460">
        <ele>26.160</ele>
        <time>2017-07-27T20:05:40Z</time>
      </trkpt>
      <trkpt lat="47.173595" lon="-2.158757">
        <ele>12.026</ele>
        <time>2017-07-27T20:06:00Z</time>
      </trkpt>
      <trkpt lat="47.172912" lon="-2.159130">
        <ele>11.008</ele>
        <time>2017-07-27T20:06:20Z</time>
      </trkpt>
      <trkpt lat="47.172778" lon="-2.158912">
        <ele>11.039</ele>
        <time>2017-07-27T20:06:40Z</time>
      </trkpt>
      <trkpt lat="47.173788" lon="-2.155927">
        <ele>10.066</ele>
        <time>2017-07-27T20:07:00Z</time>
      </trkpt>
      <trkpt lat="47.174123" lon="-2.155104">
        <ele>8.826</ele>
        <time>2017-07-27T20:07:20Z</time>
      </trkpt>
      <trkpt lat="47.174609" lon="-2.154427">
        <ele>9.563</ele>
        <time>2017-07-27T20:07:40Z</time>
      </trkpt>
      <trkpt lat="47.174610" lon="-2.153742">
        <ele>7.280</ele>
        <time>2017-07-27T20:08:00Z</time>
      </trkpt>
      <trkpt lat="47.173648" lon="-2.149863">
        <ele>16.660</ele>
        <time>2017-07-27T20:08:20Z</time>
      </trkpt>
      <trkpt lat="47.173099" lon="-2.148637">
        <ele>16.967</ele>
        <time>2017-07-27T20:08:40Z</time>
      </trkpt>
      <trkpt lat="47.172980" lon="-2.147826">
        <ele>16.249</ele>
        <time>2017-07-27T20:09:00Z</time>
      </trkpt>
      <trkpt lat="47.172111" lon="-2.147919">
        <ele>12.198</ele>
        <time>2017-07-27T20:09:20Z</time>
      </trkpt>
      <trkpt lat="47.171821" lon="-2.144699">
        <ele>22.515</ele>
        <time>2017-07-27T20:09:40Z</time>
      </trkpt>
      <trkpt lat="47.169399" lon="-2.144119">
        <ele>20.126</ele>
        <time>2017-07-27T20:10:00Z</time>
      </trkpt>
      <trkpt lat="47.167144" lon="-2.144243">
        <ele>10.608</ele>
        <time>2017-07-27T20:10:20Z</time>
      </trkpt>
      <trkpt lat="47.166596" lon="-2.144104">
        <ele>7.550</ele>
        <time>2017-07-27T20:10:40Z</time>
      </trkpt>
      <trkpt lat="47.165769" lon="-2.143609">
        <ele>6.297</ele>
        <time>2017-07-27T20:11:00Z</time>
      </trkpt>
      <trkpt lat="47.164836" lon="-2.143698">
        <ele>8.417</ele>
        <time>2017-07-27T20:11:20Z</time>
      </trkpt>
      <trkpt lat="47.164561" lon="-2.143893">
        <ele>8.634</ele>
        <time>2017-07-27T20:11:40Z</time>
      </trkpt>
      <trkpt lat="47.164341" lon="-2.144873">
        <ele>8.141</ele>
        <time>2017-07-27T20:12:00Z</time>
      </trkpt>
      <trkpt lat="47.164335" lon="-2.145992">
        <ele>9.051</ele>
        <time>2017-07-27T20:12:20Z</time>
      </trkpt>
      <trkpt lat="47.164187" lon="-2.146220">
        <ele>9.998</ele>
        <time>2017-07-27T20:12:40Z</time>
      </trkpt>
      <trkpt lat="47.162313" lon="-2.146341">
        <ele>18.060</ele>
        <time>2017-07-27T20:13:00Z</time>
      </trkpt>
      <trkpt lat="47.160795" lon="-2.146247">
        <ele>16.993</ele>
        <time>2017-07-27T20:13:20Z</time>
      </trkpt>
      <trkpt lat="47.160268" lon="-2.146386">
        <ele>17.065</ele>
        <time>2017-07-27T20:13:40Z</time>
      </trkpt>
      <trkpt lat="47.159922" lon="-2.145422">
        <ele>18.321</ele>
        <time>2017-07-27T20:14:00Z</time>
      </trkpt>
      <trkpt lat="47.156767" lon="-2.145961">
        <ele>23.208</ele>
        <time>2017-07-27T20:14:20Z</time>
      </trkpt>
      <trkpt lat="47.154692" lon="-2.148098">
        <ele>19.810</ele>
        <time>2017-07-27T20:14:40Z</time>
      </trkpt>
      <trkpt lat="47.154285" lon="-2.148311">
        <ele>17.427</ele>
        <time>2017-07-27T20:15:00Z</time>
      </trkpt>
      <trkpt lat="47.152777" lon="-2.148036">
        <ele>13.037</ele>
        <time>2017-07-27T20:15:20Z</time>
      </trkpt>
      <trkpt lat="47.150402" lon="-2.148691">
        <ele>15.674</ele>
        <time>2017-07-27T20:15:40Z</time>
      </trkpt>
      <trkpt lat="47.148527" lon="-2.148652">
        <ele>18.081</ele>
        <time>2017-07-27T20:16:00Z</time>
      </trkpt>
      <trkpt lat="47.147123" lon="-2.148272">
        <ele>19.731</ele>
        <time>2017-07-27T20:16:20Z</time>
      </trkpt>
      <trkpt lat="47.146393" lon="-2.146710">
        <ele>20.238</ele>
        <time>2017-07-27T20:16:40Z</time>
      </trkpt>
      <trkpt lat="47.146059" lon="-2.140129">
        <ele>22.280</ele>
        <time>2017-07-27T20:17:00Z</time>
      </trkpt>
      <trkpt lat="47.144840" lon="-2.137317">
        <ele>25.478</ele>
        <time>2017-07-27T20:17:20Z</time>
      </trkpt>
      <trkpt lat="47.144669" lon="-2.135781">
        <ele>27.233</ele>
        <time>2017-07-27T20:17:40Z</time>
      </trkpt>
      <trkpt lat="47.144228" lon="-2.134113">
        <ele>28.226</ele>
        <time>2017-07-27T20:18:00Z</time>
      </trkpt>
      <trkpt lat="47.143307" lon="-2.133131">
        <ele>31.308</ele>
        <time>2017-07-27T20:18:20Z</time>
      </trkpt>
      <trkpt lat="47.142718" lon="-2.131798">
        <ele>34.298</ele>
        <time>2017-07-27T20:18:40Z</time>
      </trkpt>
      <trkpt lat="47.142083" lon="-2.131132">
        <ele>35.565</ele>
        <time>2017-07-27T20:19:00Z</time>
      </trkpt>
      <trkpt lat="47.141413" lon="-2.130714">
        <ele>34.085</ele>
        <time>2017-07-27T20:19:20Z</time>
      </trkpt>
      <trkpt lat="47.141794" lon="-2.130203">
        <ele>36.562</ele>
        <time>2017-07-27T20:19:40Z</time>
      </trkpt>
      <trkpt lat="47.142172" lon="-2.129301">
        <ele>35.219</ele>
        <time>2017-07-27T20:20:00Z</time>
      </trkpt>
      <trkpt lat="47.142705" lon="-2.127614">
        <ele>38.789</ele>
        <time>2017-07-27T20:20:20Z</time>
      </trkpt>
      <trkpt lat="47.143129" lon="-2.127086">
        <ele>38.126</ele>
        <time>2017-07-27T20:20:40Z</time>
      </trkpt>
      <trkpt lat="47.144399" lon="-2.126387">
        <ele>36.028</ele>
        <time>2017-07-27T20:21:00Z</time>
      </trkpt>
      <trkpt lat="47.144464" lon="-2.125750">
        <ele>37.071</ele>
        <time>2017-07-27T20:21:20Z</time>
      </trkpt>
      <trkpt lat="47.144278" lon="-2.124652">
        <ele>37.841</ele>
        <time>2017-07-27T20:21:40Z</time>
      </trkpt>
      <trkpt lat="47.143766" lon="-2.123635">
        <ele>39.515</ele>
        <time>2017-07-27T20:22:00Z</time>
      </trkpt>
      <trkpt lat="47.143338" lon="-2.122013">
        <ele>39.008</ele>
        <time>2017-07-27T20:22:20Z</time>
      </trkpt>
      <trkpt lat="47.143442" lon="-2.119900">
        <ele>39.088</ele>
        <time>2017-07-27T20:22:40Z</time>
      </trkpt>
      <trkpt lat="47.142277" lon="-2.118224">
        <ele>39.475</ele>
        <time>2017-07-27T20:23:00Z</time>
      </trkpt>
      <trkpt lat="47.141528" lon="-2.115929">
        <ele>40.565</ele>
        <time>2017-07-27T20:23:20Z</time>
      </trkpt>
      <trkpt lat="47.141537" lon="-2.113994">
        <ele>40.552</ele>
        <time>2017-07-27T20:23:40Z</time>
      </trkpt>
      <trkpt lat="47.140751" lon="-2.110397">
        <ele>40.089</ele>
        <time>2017-07-27T20:24:00Z</time>
      </trkpt>
      <trkpt lat="47.140275" lon="-2.106787">
        <ele>38.069</ele>
        <time>2017-07-27T20:24:20Z</time>
      </trkpt>
      <trkpt lat="47.140698" lon="-2.102728">
        <ele>34.986</ele>
        <time>2017-07-27T20:24:40Z</time>
      </trkpt>
      <trkpt lat="47.140560" lon="-2.102114">
        <ele>34.058</ele>
        <time>2017-07-27T20:25:00Z</time>
      </trkpt>
      <trkpt lat="47.136607" lon="-2.103185">
        <ele>29.748</ele>
        <time>2017-07-27T20:25:20Z</time>
      </trkpt>
      <trkpt lat="47.133357" lon="-2.105286">
        <ele>33.161</ele>
        <time>2017-07-27T20:25:40Z</time>
      </trkpt>
      <trkpt lat="47.131950" lon="-2.105897">
        <ele>30.517</ele>
        <time>2017-07-27T20:26:00Z</time>
      </trkpt>
      <trkpt lat="47.129547" lon="-2.107307">
        <ele>28.908</ele>
        <time>2017-07-27T20:26:20Z</time>
      </trkpt>
      <trkpt lat="47.127893" lon="-2.107811">
        <ele>31.045</ele>
        <time>2017-07-27T20:26:40Z</time>
      </trkpt>
      <trkpt lat="47.126997" lon="-2.107813">
        <ele>34.972</ele>
        <time>2017-07-27T20:27:00Z</time>
      </trkpt>
      <trkpt lat="47.125923" lon="-2.101209">
        <ele>31.652</ele>
        <time>2017-07-27T20:27:20Z</time>
      </trkpt>
      <trkpt lat="47.125330" lon="-2.099353">
        <ele>31.869</ele>
        <time>2017-07-27T20:27:40Z</time>
      </trkpt>
      <trkpt lat="47.124456" lon="-2.097820">
        <ele>29.076</ele>
        <time>2017-07-27T20:28:00Z</time>
      </trkpt>
      <trkpt lat="47.124542" lon="-2.093711">
        <ele>26.646</ele>
        <time>2017-07-27T20:28:20Z</time>
      </trkpt>
      <trkpt lat="47.124357" lon="-2.091150">
        <ele>21.353</ele>
        <time>2017-07-27T20:28:40Z</time>
      </trkpt>
      <trkpt lat="47.123647" lon="-2.090719">
        <ele>15.825</ele>
        <time>2017-07-27T20:29:00Z</time>
      </trkpt>
      <trkpt lat="47.122832" lon="-2.090509">
        <ele>14.627</ele>
        <time>2017-07-27T20:29:20Z</time>
      </trkpt>
      <trkpt lat="47.121208" lon="-2.090822">
        <ele>18.268</ele>
        <time>2017-07-27T20:29:40Z</time>
      </trkpt>
      <trkpt lat="47.120941" lon="-2.090437">
        <ele>16.414</ele>
        <time>2017-07-27T20:30:00Z</time>
      </trkpt>
      <trkpt lat="47.120508" lon="-2.090750">
        <ele>15.808</ele>
        <time>2017-07-27T20:30:20Z</time>
      </trkpt>
      <trkpt lat="47.119902" lon="-2.090709">
        <ele>9.333</ele>
        <time>2017-07-27T20:30:40Z</time>
      </trkpt>
      <trkpt lat="47.119426" lon="-2.091014">
        <ele>7.690</ele>
        <time>2017-07-27T20:31:00Z</time>
      </trkpt>
      <trkpt lat="47.119438" lon="-2.090545">
        <ele>6.080</ele>
        <time>2017-07-27T20:31:20Z</time>
      </trkpt>
      <trkpt lat="47.119265" lon="-2.090436">
        <ele>6.417</ele>
        <time>2017-07-27T20:31:40Z</time>
      </trkpt>
      <trkpt lat="47.118976" lon="-2.091451">
        <ele>9.344</ele>
        <time>2017-07-27T20:32:00Z</time>
      </trkpt>
      <trkpt lat="47.118941" lon="-2.092731">
        <ele>14.284</ele>
        <time>2017-07-27T20:32:20Z</time>
      </trkpt>
      <trkpt lat="47.118810" lon="-2.092942">
        <ele>14.321</ele>
        <time>2017-07-27T20:32:40Z</time>
      </trkpt>
      <trkpt lat="47.117854" lon="-2.092502">
        <ele>12.383</ele>
        <time>2017-07-27T20:33:00Z</time>
      </trkpt>
      <trkpt lat="47.117763" lon="-2.092417">
        <ele>11.615</ele>
        <time>2017-07-27T20:33:20Z</time>
      </trkpt>
      <trkpt lat="47.117913" lon="-2.092233">
        <ele>12.065</ele>
        <time>2017-07-27T20:33:40Z</time>
      </trkpt>
      <trkpt lat="47.117949" lon="-2.092503">
        <ele>12.611</ele>
        <time>2017-07-27T20:34:00Z</time>
      </trkpt>
      <trkpt lat="47.117783" lon="-2.092850">
        <ele>13.008</ele>
        <time>2017-07-27T20:34:20Z</time>
      </trkpt>
      <trkpt lat="47.117500" lon="-2.092628">
        <ele>11.052</ele>
        <time>2017-07-27T20:34:40Z</time>
      </trkpt>
      <trkpt lat="47.116637" lon="-2.092474">
        <ele>8.189</ele>
        <time>2017-07-27T20:35:00Z</time>
      </trkpt>
      <trkpt lat="47.116262" lon="-2.092752">
        <ele>6.749</ele>
        <time>2017-07-27T20:35:20Z</time>
      </trkpt>
      <trkpt lat="47.115884" lon="-2.092780">
        <ele>3.446</ele>
        <time>2017-07-27T20:35:40Z</time>
      </trkpt>
      <trkpt lat="47.115000" lon="-2.093477">
        <ele>4.063</ele>
        <time>2017-07-27T20:36:00Z</time>
      </trkpt>
      <trkpt lat="47.114816" lon="-2.094139">
        <ele>4.723</ele>
        <time>2017-07-27T20:36:20Z</time>
      </trkpt>
      <trkpt lat="47.114730" lon="-2.098163">
        <ele>3.050</ele>
        <time>2017-07-27T20:36:40Z</time>
      </trkpt>
      <trkpt lat="47.114470" lon="-2.098750">
        <ele>2.492</ele>
        <time>2017-07-27T20:37:00Z</time>
      </trkpt>
      <trkpt lat="47.114098" lon="-2.101773">
        <ele>8.819</ele>
        <time>2017-07-27T20:37:20Z</time>
      </trkpt>
      <trkpt lat="47.113729" lon="-2.102731">
        <ele>5.309</ele>
        <time>2017-07-27T20:37:40Z</time>
      </trkpt>
      <trkpt lat="47.113128" lon="-2.103490">
        <ele>7.619</ele>
        <time>2017-07-27T20:38:00Z</time>
      </trkpt>
      <trkpt lat="47.112371" lon="-2.103830">
        <ele>10.808</ele>
        <time>2017-07-27T20:38:20Z</time>
      </trkpt>
      <trkpt lat="47.111965" lon="-2.104429">
        <ele>7.042</ele>
        <time>2017-07-27T20:38:40Z</time>
      </trkpt>
      <trkpt lat="47.111553" lon="-2.104496">
        <ele>7.329</ele>
        <time>2017-07-27T20:39:00Z</time>
      </trkpt>
      <trkpt lat="47.111128" lon="-2.104172">
        <ele>12.059</ele>
        <time>2017-07-27T20:39:20Z</time>
      </trkpt>
      <trkpt lat="47.110942" lon="-2.104285">
        <ele>14.046</ele>
        <time>2017-07-27T20:39:40Z</time>
      </trkpt>
      <trkpt lat="47.110590" lon="-2.105221">
        <ele>10.253</ele>
        <time>2017-07-27T20:40:00Z</time>
      </trkpt>
      <trkpt lat="47.109988" lon="-2.105881">
        <ele>11.983</ele>
        <time>2017-07-27T20:40:20Z</time>
      </trkpt>
      <trkpt lat="47.109789" lon="-2.106820">
        <ele>7.830</ele>
        <time>2017-07-27T20:40:40Z</time>
      </trkpt>
      <trkpt lat="47.109441" lon="-2.107342">
        <ele>6.962</ele>
        <time>2017-07-27T20:41:00Z</time>
      </trkpt>
      <trkpt lat="47.109263" lon="-2.107417">
        <ele>7.337</ele>
        <time>2017-07-27T20:41:20Z</time>
      </trkpt>
      <trkpt lat="47.109014" lon="-2.107181">
        <ele>10.449</ele>
        <time>2017-07-27T20:41:40Z</time>
      </trkpt>
      <trkpt lat="47.108630" lon="-2.107339">
        <ele>3.413</ele>
        <time>2017-07-27T20:42:00Z</time>
      </trkpt>
      <trkpt lat="47.108446" lon="-2.107230">
        <ele>2.808</ele>
        <time>2017-07-27T20:42:20Z</time>
      </trkpt>
      <trkpt lat="47.108363" lon="-2.106981">
        <ele>4.164</ele>
        <time>2017-07-27T20:42:40Z</time>
      </trkpt>
      <trkpt lat="47.108852" lon="-2.106158">
        <ele>16.081</ele>
        <time>2017-07-27T20:43:00Z</time>
      </trkpt>
      <trkpt lat="47.110361" lon="-2.102603">
        <ele>26.321</ele>
        <time>2017-07-27T20:43:20Z</time>
      </trkpt>
      <trkpt lat="47.110197" lon="-2.102133">
        <ele>28.438</ele>
        <time>2017-07-27T20:43:40Z</time>
      </trkpt>
      <trkpt lat="47.109298" lon="-2.101427">
        <ele>28.985</ele>
        <time>2017-07-27T20:44:00Z</time>
      </trkpt>
      <trkpt lat="47.110360" lon="-2.099067">
        <ele>30.425</ele>
        <time>2017-07-27T20:44:20Z</time>
      </trkpt>
      <trkpt lat="47.110441" lon="-2.098334">
        <ele>30.642</ele>
        <time>2017-07-27T20:44:40Z</time>
      </trkpt>
      <trkpt lat="47.109724" lon="-2.095662">
        <ele>26.064</ele>
        <time>2017-07-27T20:45:00Z</time>
      </trkpt>
      <trkpt lat="47.108489" lon="-2.092862">
        <ele>24.939</ele>
        <time>2017-07-27T20:45:20Z</time>
      </trkpt>
      <trkpt lat="47.108165" lon="-2.091120">
        <ele>27.601</ele>
        <time>2017-07-27T20:45:40Z</time>
      </trkpt>
      <trkpt lat="47.107568" lon="-2.090511">
        <ele>26.421</ele>
        <time>2017-07-27T20:46:00Z</time>
      </trkpt>
      <trkpt lat="47.107395" lon="-2.089538">
        <ele>26.408</ele>
        <time>2017-07-27T20:46:20Z</time>
      </trkpt>
      <trkpt lat="47.107707" lon="-2.088282">
        <ele>27.894</ele>
        <time>2017-07-27T20:46:40Z</time>
      </trkpt>
      <trkpt lat="47.107128" lon="-2.086101">
        <ele>29.341</ele>
        <time>2017-07-27T20:47:00Z</time>
      </trkpt>
      <trkpt lat="47.106980" lon="-2.084839">
        <ele>30.831</ele>
        <time>2017-07-27T20:47:20Z</time>
      </trkpt>
      <trkpt lat="47.104788" lon="-2.080600">
        <ele>24.118</ele>
        <time>2017-07-27T20:47:40Z</time>
      </trkpt>
      <trkpt lat="47.104198" lon="-2.079866">
        <ele>27.065</ele>
        <time>2017-07-27T20:48:00Z</time>
      </trkpt>
      <trkpt lat="47.103909" lon="-2.078956">
        <ele>23.425</ele>
        <time>2017-07-27T20:48:20Z</time>
      </trkpt>
      <trkpt lat="47.103875" lon="-2.078147">
        <ele>23.082</ele>
        <time>2017-07-27T20:48:40Z</time>
      </trkpt>
      <trkpt lat="47.104137" lon="-2.076707">
        <ele>24.964</ele>
        <time>2017-07-27T20:49:00Z</time>
      </trkpt>
      <trkpt lat="47.103515" lon="-2.074812">
        <ele>22.384</ele>
        <time>2017-07-27T20:49:20Z</time>
      </trkpt>
      <trkpt lat="47.103860" lon="-2.073083">
        <ele>28.007</ele>
        <time>2017-07-27T20:49:40Z</time>
      </trkpt>
      <trkpt lat="47.104369" lon="-2.071947">
        <ele>29.317</ele>
        <time>2017-07-27T20:50:00Z</time>
      </trkpt>
      <trkpt lat="47.104499" lon="-2.070590">
        <ele>31.208</ele>
        <time>2017-07-27T20:50:20Z</time>
      </trkpt>
      <trkpt lat="47.104949" lon="-2.069140">
        <ele>33.359</ele>
        <time>2017-07-27T20:50:40Z</time>
      </trkpt>
      <trkpt lat="47.104404" lon="-2.068268">
        <ele>34.716</ele>
        <time>2017-07-27T20:51:00Z</time>
      </trkpt>
      <trkpt lat="47.103492" lon="-2.066121">
        <ele>37.016</ele>
        <time>2017-07-27T20:51:20Z</time>
      </trkpt>
      <trkpt lat="47.102855" lon="-2.065007">
        <ele>37.733</ele>
        <time>2017-07-27T20:51:40Z</time>
      </trkpt>
      <trkpt lat="47.102284" lon="-2.063473">
        <ele>37.610</ele>
        <time>2017-07-27T20:52:00Z</time>
      </trkpt>
      <trkpt lat="47.101278" lon="-2.062383">
        <ele>37.410</ele>
        <time>2017-07-27T20:52:20Z</time>
      </trkpt>
      <trkpt lat="47.100704" lon="-2.060777">
        <ele>37.087</ele>
        <time>2017-07-27T20:52:40Z</time>
      </trkpt>
      <trkpt lat="47.099802" lon="-2.060706">
        <ele>36.949</ele>
        <time>2017-07-27T20:53:00Z</time>
      </trkpt>
      <trkpt lat="47.099166" lon="-2.060135">
        <ele>34.582</ele>
        <time>2017-07-27T20:53:20Z</time>
      </trkpt>
      <trkpt lat="47.098580" lon="-2.059182">
        <ele>33.143</ele>
        <time>2017-07-27T20:53:40Z</time>
      </trkpt>
      <trkpt lat="47.097607" lon="-2.056302">
        <ele>33.317</ele>
        <time>2017-07-27T20:54:00Z</time>
      </trkpt>
      <trkpt lat="47.096745" lon="-2.055201">
        <ele>33.308</ele>
        <time>2017-07-27T20:54:20Z</time>
      </trkpt>
      <trkpt lat="47.095807" lon="-2.052895">
        <ele>22.149</ele>
        <time>2017-07-27T20:54:40Z</time>
      </trkpt>
      <trkpt lat="47.095814" lon="-2.051301">
        <ele>19.976</ele>
        <time>2017-07-27T20:55:00Z</time>
      </trkpt>
      <trkpt lat="47.096798" lon="-2.049743">
        <ele>24.876</ele>
        <time>2017-07-27T20:55:20Z</time>
      </trkpt>
      <trkpt lat="47.096846" lon="-2.049464">
        <ele>25.993</ele>
        <time>2017-07-27T20:55:40Z</time>
      </trkpt>
      <trkpt lat="47.096025" lon="-2.047957">
        <ele>33.060</ele>
        <time>2017-07-27T20:56:00Z</time>
      </trkpt>
      <trkpt lat="47.096305" lon="-2.047184">
        <ele>32.360</ele>
        <time>2017-07-27T20:56:20Z</time>
      </trkpt>
      <trkpt lat="47.096370" lon="-2.046410">
        <ele>32.087</ele>
        <time>2017-07-27T20:56:40Z</time>
      </trkpt>
      <trkpt lat="47.096151" lon="-2.044875">
        <ele>33.029</ele>
        <time>2017-07-27T20:57:00Z</time>
      </trkpt>
      <trkpt lat="47.095746" lon="-2.044874">
        <ele>33.511</ele>
        <time>2017-07-27T20:57:20Z</time>
      </trkpt>
      <trkpt lat="47.094060" lon="-2.042627">
        <ele>37.921</ele>
        <time>2017-07-27T20:57:40Z</time>
      </trkpt>
      <trkpt lat="47.093588" lon="-2.043262">
        <ele>34.103</ele>
        <time>2017-07-27T20:58:00Z</time>
      </trkpt>
      <trkpt lat="47.092700" lon="-2.043685">
        <ele>32.708</ele>
        <time>2017-07-27T20:58:20Z</time>
      </trkpt>
      <trkpt lat="47.092182" lon="-2.043652">
        <ele>34.052</ele>
        <time>2017-07-27T20:58:40Z</time>
      </trkpt>
      <trkpt lat="47.091705" lon="-2.042934">
        <ele>35.719</ele>
        <time>2017-07-27T20:59:00Z</time>
      </trkpt>
      <trkpt lat="47.091208" lon="-2.043510">
        <ele>38.069</ele>
        <time>2017-07-27T20:59:20Z</time>
      </trkpt>
      <trkpt lat="47.091008" lon="-2.043515">
        <ele>38.026</ele>
        <time>2017-07-27T20:59:40Z</time>
      </trkpt>
      <trkpt lat="47.089445" lon="-2.040457">
        <ele>35.033</ele>
        <time>2017-07-27T21:00:00Z</time>
      </trkpt>
      <trkpt lat="47.089478" lon="-2.040194">
        <ele>35.423</ele>
        <time>2017-07-27T21:00:20Z</time>
      </trkpt>
      <trkpt lat="47.090207" lon="-2.039143">
        <ele>37.360</ele>
        <time>2017-07-27T21:00:40Z</time>
      </trkpt>
      <trkpt lat="47.089643" lon="-2.037287">
        <ele>39.352</ele>
        <time>2017-07-27T21:01:00Z</time>
      </trkpt>
      <trkpt lat="47.089521" lon="-2.036976">
        <ele>40.692</ele>
        <time>2017-07-27T21:01:20Z</time>
      </trkpt>
      <trkpt lat="47.088428" lon="-2.035780">
        <ele>39.373</ele>
        <time>2017-07-27T21:01:40Z</time>
      </trkpt>
      <trkpt lat="47.087123" lon="-2.038201">
        <ele>34.620</ele>
        <time>2017-07-27T21:02:00Z</time>
      </trkpt>
      <trkpt lat="47.085047" lon="-2.039850">
        <ele>22.808</ele>
        <time>2017-07-27T21:02:20Z</time>
      </trkpt>
      <trkpt lat="47.083940" lon="-2.037103">
        <ele>22.070</ele>
        <time>2017-07-27T21:02:40Z</time>
      </trkpt>
      <trkpt lat="47.083222" lon="-2.033644">
        <ele>22.617</ele>
        <time>2017-07-27T21:03:00Z</time>
      </trkpt>
      <trkpt lat="47.083182" lon="-2.033159">
        <ele>23.257</ele>
        <time>2017-07-27T21:03:20Z</time>
      </trkpt>
      <trkpt lat="47.083350" lon="-2.032633">
        <ele>26.164</ele>
        <time>2017-07-27T21:03:40Z</time>
      </trkpt>
      <trkpt lat="47.083082" lon="-2.032838">
        <ele>22.441</ele>
        <time>2017-07-27T21:04:00Z</time>
      </trkpt>
      <trkpt lat="47.083033" lon="-2.032565">
        <ele>22.791</ele>
        <time>2017-07-27T21:04:20Z</time>
      </trkpt>
      <trkpt lat="47.083516" lon="-2.031437">
        <ele>27.798</ele>
        <time>2017-07-27T21:04:40Z</time>
      </trkpt>
      <trkpt lat="47.083880" lon="-2.031133">
        <ele>30.090</ele>
        <time>2017-07-27T21:05:00Z</time>
      </trkpt>
      <trkpt lat="47.084186" lon="-2.030330">
        <ele>30.164</ele>
        <time>2017-07-27T21:05:20Z</time>
      </trkpt>
      <trkpt lat="47.083906" lon="-2.027708">
        <ele>27.006</ele>
        <time>2017-07-27T21:05:40Z</time>
      </trkpt>
      <trkpt lat="47.083518" lon="-2.026042">
        <ele>30.916</ele>
        <time>2017-07-27T21:06:00Z</time>
      </trkpt>
      <trkpt lat="47.082734" lon="-2.024322">
        <ele>27.808</ele>
        <time>2017-07-27T21:06:20Z</time>
      </trkpt>
      <trkpt lat="47.082343" lon="-2.023011">
        <ele>25.697</ele>
        <time>2017-07-27T21:06:40Z</time>
      </trkpt>
      <trkpt lat="47.080469" lon="-2.018926">
        <ele>23.664</ele>
        <time>2017-07-27T21:07:00Z</time>
      </trkpt>
      <trkpt lat="47.080575" lon="-2.018680">
        <ele>24.184</ele>
        <time>2017-07-27T21:07:20Z</time>
      </trkpt>
      <trkpt lat="47.081914" lon="-2.017388">
        <ele>28.951</ele>
        <time>2017-07-27T21:07:40Z</time>
      </trkpt>
      <trkpt lat="47.083165" lon="-2.015338">
        <ele>32.398</ele>
        <time>2017-07-27T21:08:00Z</time>
      </trkpt>
      <trkpt lat="47.084434" lon="-2.015950">
        <ele>29.638</ele>
        <time>2017-07-27T21:08:20Z</time>
      </trkpt>
      <trkpt lat="47.085623" lon="-2.017008">
        <ele>30.895</ele>
        <time>2017-07-27T21:08:40Z</time>
      </trkpt>
      <trkpt lat="47.085928" lon="-2.016888">
        <ele>31.177</ele>
        <time>2017-07-27T21:09:00Z</time>
      </trkpt>
      <trkpt lat="47.082157" lon="-2.011308">
        <ele>31.545</ele>
        <time>2017-07-27T21:09:20Z</time>
      </trkpt>
      <trkpt lat="47.081935" lon="-2.010567">
        <ele>32.047</ele>
        <time>2017-07-27T21:09:40Z</time>
      </trkpt>
      <trkpt lat="47.081047" lon="-2.009380">
        <ele>33.011</ele>
        <time>2017-07-27T21:10:00Z</time>
      </trkpt>
      <trkpt lat="47.080495" lon="-2.008361">
        <ele>33.708</ele>
        <time>2017-07-27T21:10:20Z</time>
      </trkpt>
      <trkpt lat="47.078901" lon="-2.004194">
        <ele>31.925</ele>
        <time>2017-07-27T21:10:40Z</time>
      </trkpt>
      <trkpt lat="47.078533" lon="-1.999716">
        <ele>29.352</ele>
        <time>2017-07-27T21:11:00Z</time>
      </trkpt>
      <trkpt lat="47.077900" lon="-1.998516">
        <ele>29.642</ele>
        <time>2017-07-27T21:11:20Z</time>
      </trkpt>
      <trkpt lat="47.075920" lon="-1.993111">
        <ele>27.329</ele>
        <time>2017-07-27T21:11:40Z</time>
      </trkpt>
      <trkpt lat="47.075682" lon="-1.992866">
        <ele>26.516</ele>
        <time>2017-07-27T21:12:00Z</time>
      </trkpt>
      <trkpt lat="47.074993" lon="-1.993141">
        <ele>26.746</ele>
        <time>2017-07-27T21:12:20Z</time>
      </trkpt>
      <trkpt lat="47.073381" lon="-1.993072">
        <ele>27.893</ele>
        <time>2017-07-27T21:12:40Z</time>
      </trkpt>
      <trkpt lat="47.072474" lon="-1.993376">
        <ele>26.275</ele>
        <time>2017-07-27T21:13:00Z</time>
      </trkpt>
      <trkpt lat="47.068852" lon="-1.995992">
        <ele>24.466</ele>
        <time>2017-07-27T21:13:20Z</time>
      </trkpt>
      <trkpt lat="47.065902" lon="-1.997815">
        <ele>13.929</ele>
        <time>2017-07-27T21:13:40Z</time>
      </trkpt>
      <trkpt lat="47.064003" lon="-1.998264">
        <ele>8.121</ele>
        <time>2017-07-27T21:14:00Z</time>
      </trkpt>
      <trkpt lat="47.063791" lon="-1.998466">
        <ele>7.308</ele>
        <time>2017-07-27T21:14:20Z</time>
      </trkpt>
      <trkpt lat="47.063673" lon="-1.998948">
        <ele>7.047</ele>
        <time>2017-07-27T21:14:40Z</time>
      </trkpt>
      <trkpt lat="47.063538" lon="-2.000821">
        <ele>5.334</ele>
        <time>2017-07-27T21:15:00Z</time>
      </trkpt>
      <trkpt lat="47.063340" lon="-2.000824">
        <ele>6.074</ele>
        <time>2017-07-27T21:15:20Z</time>
      </trkpt>
      <trkpt lat="47.063053" lon="-2.000552">
        <ele>6.071</ele>
        <time>2017-07-27T21:15:40Z</time>
      </trkpt>
      <trkpt lat="47.063095" lon="-2.000955">
        <ele>5.998</ele>
        <time>2017-07-27T21:16:00Z</time>
      </trkpt>
      <trkpt lat="47.062357" lon="-2.001290">
        <ele>4.578</ele>
        <time>2017-07-27T21:16:20Z</time>
      </trkpt>
      <trkpt lat="47.062231" lon="-2.001820">
        <ele>4.025</ele>
        <time>2017-07-27T21:16:40Z</time>
      </trkpt>
      <trkpt lat="47.060755" lon="-2.002300">
        <ele>1.567</ele>
        <time>2017-07-27T21:17:00Z</time>
      </trkpt>
      <trkpt lat="47.057173" lon="-1.998464">
        <ele>3.087</ele>
        <time>2017-07-27T21:17:20Z</time>
      </trkpt>
      <trkpt lat="47.056571" lon="-1.998117">
        <ele>3.042</ele>
        <time>2017-07-27T21:17:40Z</time>
      </trkpt>
      <trkpt lat="47.054239" lon="-1.995998">
        <ele>-0.726</ele>
        <time>2017-07-27T21:18:00Z</time>
      </trkpt>
      <trkpt lat="47.054649" lon="-1.996521">
        <ele>0.908</ele>
        <time>2017-07-27T21:18:20Z</time>
      </trkpt>
      <trkpt lat="47.054574" lon="-1.996640">
        <ele>0.919</ele>
        <time>2017-07-27T21:18:40Z</time>
      </trkpt>
      <trkpt lat="47.054377" lon="-1.996601">
        <ele>0.556</ele>
        <time>2017-07-27T21:19:00Z</time>
      </trkpt>
      <trkpt lat="47.054203" lon="-1.997268">
        <ele>1.086</ele>
        <time>2017-07-27T21:19:20Z</time>
      </trkpt>
      <trkpt lat="47.054377" lon="-1.996553">
        <ele>0.253</ele>
        <time>2017-07-27T21:19:40Z</time>
      </trkpt>
      <trkpt lat="47.054223" lon="-1.996339">
        <ele>-1.560</ele>
        <time>2017-07-27T21:20:00Z</time>
      </trkpt>
      <trkpt lat="47.053838" lon="-1.994554">
        <ele>2.520</ele>
        <time>2017-07-27T21:20:20Z</time>
      </trkpt>
      <trkpt lat="47.053564" lon="-1.994235">
        <ele>1.857</ele>
        <time>2017-07-27T21:20:40Z</time>
      </trkpt>
      <trkpt lat="47.052933" lon="-1.993910">
        <ele>1.489</ele>
        <time>2017-07-27T21:21:00Z</time>
      </trkpt>
      <trkpt lat="47.052417" lon="-1.992599">
        <ele>0.369</ele>
        <time>2017-07-27T21:21:20Z</time>
      </trkpt>
      <trkpt lat="47.051754" lon="-1.992341">
        <ele>1.604</ele>
        <time>2017-07-27T21:21:40Z</time>
      </trkpt>
      <trkpt lat="47.050793" lon="-1.990584">
        <ele>1.124</ele>
        <time>2017-07-27T21:22:00Z</time>
      </trkpt>
      <trkpt lat="47.050323" lon="-1.990448">
        <ele>1.008</ele>
        <time>2017-07-27T21:22:20Z</time>
      </trkpt>
      <trkpt lat="47.049286" lon="-1.990559">
        <ele>1.497</ele>
        <time>2017-07-27T21:22:40Z</time>
      </trkpt>
      <trkpt lat="47.048319" lon="-1.991132">
        <ele>2.164</ele>
        <time>2017-07-27T21:23:00Z</time>
      </trkpt>
      <trkpt lat="47.046533" lon="-1.991520">
        <ele>3.464</ele>
        <time>2017-07-27T21:23:20Z</time>
      </trkpt>
      <trkpt lat="47.044848" lon="-1.991211">
        <ele>2.671</ele>
        <time>2017-07-27T21:23:40Z</time>
      </trkpt>
      <trkpt lat="47.043269" lon="-1.990415">
        <ele>5.458</ele>
        <time>2017-07-27T21:24:00Z</time>
      </trkpt>
      <trkpt lat="47.040846" lon="-1.988484">
        <ele>3.178</ele>
        <time>2017-07-27T21:24:20Z</time>
      </trkpt>
      <trkpt lat="47.039323" lon="-1.985971">
        <ele>2.095</ele>
        <time>2017-07-27T21:24:40Z</time>
      </trkpt>
      <trkpt lat="47.038618" lon="-1.985265">
        <ele>1.047</ele>
        <time>2017-07-27T21:25:00Z</time>
      </trkpt>
      <trkpt lat="47.037817" lon="-1.985186">
        <ele>2.957</ele>
        <time>2017-07-27T21:25:20Z</time>
      </trkpt>
      <trkpt lat="47.036652" lon="-1.985471">
        <ele>4.000</ele>
        <time>2017-07-27T21:25:40Z</time>
      </trkpt>
      <trkpt lat="47.036317" lon="-1.985342">
        <ele>3.620</ele>
        <time>2017-07-27T21:26:00Z</time>
      </trkpt>
      <trkpt lat="47.032600" lon="-1.981966">
        <ele>8.008</ele>
        <time>2017-07-27T21:26:20Z</time>
      </trkpt>
      <trkpt lat="47.031978" lon="-1.981564">
        <ele>4.616</ele>
        <time>2017-07-27T21:26:40Z</time>
      </trkpt>
      <trkpt lat="47.030825" lon="-1.979948">
        <ele>0.293</ele>
        <time>2017-07-27T21:27:00Z</time>
      </trkpt>
      <trkpt lat="47.029566" lon="-1.978836">
        <ele>0.583</ele>
        <time>2017-07-27T21:27:20Z</time>
      </trkpt>
      <trkpt lat="47.029166" lon="-1.977002">
        <ele>0.010</ele>
        <time>2017-07-27T21:27:40Z</time>
      </trkpt>
      <trkpt lat="47.029053" lon="-1.973433">
        <ele>1.177</ele>
        <time>2017-07-27T21:28:00Z</time>
      </trkpt>
      <trkpt lat="47.029112" lon="-1.975344">
        <ele>2.437</ele>
        <time>2017-07-27T21:28:20Z</time>
      </trkpt>
      <trkpt lat="47.028971" lon="-1.975522">
        <ele>3.034</ele>
        <time>2017-07-27T21:28:40Z</time>
      </trkpt>
      <trkpt lat="47.026953" lon="-1.975555">
        <ele>1.026</ele>
        <time>2017-07-27T21:29:00Z</time>
      </trkpt>
      <trkpt lat="47.026689" lon="-1.975673">
        <ele>-0.911</ele>
        <time>2017-07-27T21:29:20Z</time>
      </trkpt>
      <trkpt lat="47.021866" lon="-1.976087">
        <ele>-1.121</ele>
        <time>2017-07-27T21:29:40Z</time>
      </trkpt>
      <trkpt lat="47.021675" lon="-1.976203">
        <ele>-1.003</ele>
        <time>2017-07-27T21:30:00Z</time>
      </trkpt>
      <trkpt lat="47.015997" lon="-1.986865">
        <ele>-0.408</ele>
        <time>2017-07-27T21:30:20Z</time>
      </trkpt>
      <trkpt lat="47.011201" lon="-1.987020">
        <ele>0.012</ele>
        <time>2017-07-27T21:30:40Z</time>
      </trkpt>
      <trkpt lat="47.010475" lon="-1.987186">
        <ele>0.329</ele>
        <time>2017-07-27T21:31:00Z</time>
      </trkpt>
      <trkpt lat="47.009908" lon="-1.987645">
        <ele>0.719</ele>
        <time>2017-07-27T21:31:20Z</time>
      </trkpt>
      <trkpt lat="47.009161" lon="-1.987025">
        <ele>0.796</ele>
        <time>2017-07-27T21:31:40Z</time>
      </trkpt>
      <trkpt lat="47.008770" lon="-1.986939">
        <ele>1.673</ele>
        <time>2017-07-27T21:32:00Z</time>
      </trkpt>
      <trkpt lat="47.006330" lon="-1.987819">
        <ele>1.883</ele>
        <time>2017-07-27T21:32:20Z</time>
      </trkpt>
      <trkpt lat="47.005433" lon="-1.987986">
        <ele>2.210</ele>
        <time>2017-07-27T21:32:40Z</time>
      </trkpt>
      <trkpt lat="47.002766" lon="-1.989512">
        <ele>0.032</ele>
        <time>2017-07-27T21:33:00Z</time>
      </trkpt>
      <trkpt lat="47.001232" lon="-1.990745">
        <ele>1.112</ele>
        <time>2017-07-27T21:33:20Z</time>
      </trkpt>
      <trkpt lat="47.001081" lon="-1.991980">
        <ele>1.032</ele>
        <time>2017-07-27T21:33:40Z</time>
      </trkpt>
      <trkpt lat="46.999076" lon="-1.994309">
        <ele>0.505</ele>
        <time>2017-07-27T21:34:00Z</time>
      </trkpt>
      <trkpt lat="46.996769" lon="-1.997358">
        <ele>0.008</ele>
        <time>2017-07-27T21:34:20Z</time>
      </trkpt>
      <trkpt lat="46.995642" lon="-1.997880">
        <ele>-0.252</ele>
        <time>2017-07-27T21:34:40Z</time>
      </trkpt>
      <trkpt lat="46.993517" lon="-1.998129">
        <ele>0.029</ele>
        <time>2017-07-27T21:35:00Z</time>
      </trkpt>
      <trkpt lat="46.992667" lon="-1.998467">
        <ele>-0.379</ele>
        <time>2017-07-27T21:35:20Z</time>
      </trkpt>
      <trkpt lat="46.992237" lon="-1.998765">
        <ele>0.436</ele>
        <time>2017-07-27T21:35:40Z</time>
      </trkpt>
      <trkpt lat="46.989152" lon="-2.002130">
        <ele>-0.983</ele>
        <time>2017-07-27T21:36:00Z</time>
      </trkpt>
      <trkpt lat="46.987864" lon="-2.002229">
        <ele>1.763</ele>
        <time>2017-07-27T21:36:20Z</time>
      </trkpt>
      <trkpt lat="46.986463" lon="-2.002781">
        <ele>1.370</ele>
        <time>2017-07-27T21:36:40Z</time>
      </trkpt>
      <trkpt lat="46.985265" lon="-2.002209">
        <ele>1.082</ele>
        <time>2017-07-27T21:37:00Z</time>
      </trkpt>
      <trkpt lat="46.984640" lon="-2.001460">
        <ele>0.095</ele>
        <time>2017-07-27T21:37:20Z</time>
      </trkpt>
      <trkpt lat="46.984404" lon="-2.001426">
        <ele>0.049</ele>
        <time>2017-07-27T21:37:40Z</time>
      </trkpt>
      <trkpt lat="46.982722" lon="-2.002071">
        <ele>2.423</ele>
        <time>2017-07-27T21:38:00Z</time>
      </trkpt>
      <trkpt lat="46.980788" lon="-2.001827">
        <ele>1.808</ele>
        <time>2017-07-27T21:38:20Z</time>
      </trkpt>
      <trkpt lat="46.979139" lon="-2.001067">
        <ele>-2.510</ele>
        <time>2017-07-27T21:38:40Z</time>
      </trkpt>
      <trkpt lat="46.975361" lon="-2.001727">
        <ele>2.347</ele>
        <time>2017-07-27T21:39:00Z</time>
      </trkpt>
      <trkpt lat="46.974716" lon="-1.999947">
        <ele>4.287</ele>
        <time>2017-07-27T21:39:20Z</time>
      </trkpt>
      <trkpt lat="46.974646" lon="-1.999082">
        <ele>6.124</ele>
        <time>2017-07-27T21:39:40Z</time>
      </trkpt>
      <trkpt lat="46.974849" lon="-1.998702">
        <ele>5.511</ele>
        <time>2017-07-27T21:40:00Z</time>
      </trkpt>
      <trkpt lat="46.974622" lon="-1.998036">
        <ele>6.321</ele>
        <time>2017-07-27T21:40:20Z</time>
      </trkpt>
      <trkpt lat="46.973815" lon="-1.998631">
        <ele>5.788</ele>
        <time>2017-07-27T21:40:40Z</time>
      </trkpt>
      <trkpt lat="46.973059" lon="-1.996857">
        <ele>3.010</ele>
        <time>2017-07-27T21:41:00Z</time>
      </trkpt>
      <trkpt lat="46.973232" lon="-1.996811">
        <ele>3.011</ele>
        <time>2017-07-27T21:41:20Z</time>
      </trkpt>
      <trkpt lat="46.973158" lon="-1.996972">
        <ele>3.121</ele>
        <time>2017-07-27T21:41:40Z</time>
      </trkpt>
      <trkpt lat="46.972903" lon="-1.996808">
        <ele>3.003</ele>
        <time>2017-07-27T21:42:00Z</time>
      </trkpt>
      <trkpt lat="46.972153" lon="-1.997740">
        <ele>1.808</ele>
        <time>2017-07-27T21:42:20Z</time>
      </trkpt>
      <trkpt lat="46.970492" lon="-2.001042">
        <ele>1.812</ele>
        <time>2017-07-27T21:42:40Z</time>
      </trkpt>
      <trkpt lat="46.970008" lon="-2.001712">
        <ele>3.289</ele>
        <time>2017-07-27T21:43:00Z</time>
      </trkpt>
      <trkpt lat="46.965868" lon="-2.004520">
        <ele>2.929</ele>
        <time>2017-07-27T21:43:20Z</time>
      </trkpt>
      <trkpt lat="46.963749" lon="-2.004892">
        <ele>0.036</ele>
        <time>2017-07-27T21:43:40Z</time>
      </trkpt>
      <trkpt lat="46.960320" lon="-2.007716">
        <ele>-0.163</ele>
        <time>2017-07-27T21:44:00Z</time>
      </trkpt>
      <trkpt lat="46.959266" lon="-2.009244">
        <ele>0.453</ele>
        <time>2017-07-27T21:44:20Z</time>
      </trkpt>
      <trkpt lat="46.957499" lon="-2.014432">
        <ele>2.050</ele>
        <time>2017-07-27T21:44:40Z</time>
      </trkpt>
      <trkpt lat="46.957206" lon="-2.014749">
        <ele>2.052</ele>
        <time>2017-07-27T21:45:00Z</time>
      </trkpt>
      <trkpt lat="46.954665" lon="-2.015822">
        <ele>2.046</ele>
        <time>2017-07-27T21:45:20Z</time>
      </trkpt>
      <trkpt lat="46.954003" lon="-2.016279">
        <ele>0.688</ele>
        <time>2017-07-27T21:45:40Z</time>
      </trkpt>
      <trkpt lat="46.952966" lon="-2.018005">
        <ele>1.116</ele>
        <time>2017-07-27T21:46:00Z</time>
      </trkpt>
      <trkpt lat="46.951218" lon="-2.021600">
        <ele>0.208</ele>
        <time>2017-07-27T21:46:20Z</time>
      </trkpt>
      <trkpt lat="46.950501" lon="-2.022558">
        <ele>0.265</ele>
        <time>2017-07-27T21:46:40Z</time>
      </trkpt>
      <trkpt lat="46.927197" lon="-2.040786">
        <ele>2.832</ele>
        <time>2017-07-27T21:47:00Z</time>
      </trkpt>
      <trkpt lat="46.926659" lon="-2.040910">
        <ele>1.782</ele>
        <time>2017-07-27T21:47:20Z</time>
      </trkpt>
      <trkpt lat="46.925830" lon="-2.040659">
        <ele>2.019</ele>
        <time>2017-07-27T21:47:40Z</time>
      </trkpt>
      <trkpt lat="46.924867" lon="-2.040591">
        <ele>2.546</ele>
        <time>2017-07-27T21:48:00Z</time>
      </trkpt>
      <trkpt lat="46.920405" lon="-2.042617">
        <ele>3.836</ele>
        <time>2017-07-27T21:48:20Z</time>
      </trkpt>
      <trkpt lat="46.918895" lon="-2.043790">
        <ele>3.433</ele>
        <time>2017-07-27T21:48:40Z</time>
      </trkpt>
      <trkpt lat="46.917050" lon="-2.046216">
        <ele>3.085</ele>
        <time>2017-07-27T21:49:00Z</time>
      </trkpt>
      <trkpt lat="46.916339" lon="-2.046571">
        <ele>3.238</ele>
        <time>2017-07-27T21:49:20Z</time>
      </trkpt>
      <trkpt lat="46.915514" lon="-2.046673">
        <ele>4.070</ele>
        <time>2017-07-27T21:49:40Z</time>
      </trkpt>
      <trkpt lat="46.914018" lon="-2.045415">
        <ele>5.517</ele>
        <time>2017-07-27T21:50:00Z</time>
      </trkpt>
      <trkpt lat="46.913542" lon="-2.045374">
        <ele>5.908</ele>
        <time>2017-07-27T21:50:20Z</time>
      </trkpt>
      <trkpt lat="46.912998" lon="-2.045539">
        <ele>6.334</ele>
        <time>2017-07-27T21:50:40Z</time>
      </trkpt>
      <trkpt lat="46.912243" lon="-2.045936">
        <ele>7.021</ele>
        <time>2017-07-27T21:51:00Z</time>
      </trkpt>
      <trkpt lat="46.911058" lon="-2.046879">
        <ele>5.041</ele>
        <time>2017-07-27T21:51:20Z</time>
      </trkpt>
      <trkpt lat="46.911104" lon="-2.047332">
        <ele>3.698</ele>
        <time>2017-07-27T21:51:40Z</time>
      </trkpt>
      <trkpt lat="46.911416" lon="-2.047753">
        <ele>3.095</ele>
        <time>2017-07-27T21:52:00Z</time>
      </trkpt>
      <trkpt lat="46.911352" lon="-2.048009">
        <ele>3.085</ele>
        <time>2017-07-27T21:52:20Z</time>
      </trkpt>
      <trkpt lat="46.911260" lon="-2.048043">
        <ele>3.012</ele>
        <time>2017-07-27T21:52:40Z</time>
      </trkpt>
      <trkpt lat="46.911325" lon="-2.047758">
        <ele>2.874</ele>
        <time>2017-07-27T21:53:00Z</time>
      </trkpt>
      <trkpt lat="46.911198" lon="-2.047931">
        <ele>2.761</ele>
        <time>2017-07-27T21:53:20Z</time>
      </trkpt>
      <trkpt lat="46.911531" lon="-2.047490">
        <ele>3.521</ele>
        <time>2017-07-27T21:53:40Z</time>
      </trkpt>
      <trkpt lat="46.911501" lon="-2.047331">
        <ele>4.013</ele>
        <time>2017-07-27T21:54:00Z</time>
      </trkpt>
      <trkpt lat="46.910769" lon="-2.047017">
        <ele>4.608</ele>
        <time>2017-07-27T21:54:20Z</time>
      </trkpt>
      <trkpt lat="46.910575" lon="-2.047071">
        <ele>4.067</ele>
        <time>2017-07-27T21:54:40Z</time>
      </trkpt>
      <trkpt lat="46.907892" lon="-2.048790">
        <ele>3.074</ele>
        <time>2017-07-27T21:55:00Z</time>
      </trkpt>
      <trkpt lat="46.905340" lon="-2.050753">
        <ele>2.254</ele>
        <time>2017-07-27T21:55:20Z</time>
      </trkpt>
      <trkpt lat="46.904840" lon="-2.051583">
        <ele>2.161</ele>
        <time>2017-07-27T21:55:40Z</time>
      </trkpt>
      <trkpt lat="46.904613" lon="-2.052270">
        <ele>2.978</ele>
        <time>2017-07-27T21:56:00Z</time>
      </trkpt>
      <trkpt lat="46.904208" lon="-2.054166">
        <ele>-0.128</ele>
        <time>2017-07-27T21:56:20Z</time>
      </trkpt>
      <trkpt lat="46.904190" lon="-2.055718">
        <ele>1.095</ele>
        <time>2017-07-27T21:56:40Z</time>
      </trkpt>
      <trkpt lat="46.903929" lon="-2.056484">
        <ele>0.797</ele>
        <time>2017-07-27T21:57:00Z</time>
      </trkpt>
      <trkpt lat="46.903072" lon="-2.058078">
        <ele>2.133</ele>
        <time>2017-07-27T21:57:20Z</time>
      </trkpt>
      <trkpt lat="46.901785" lon="-2.059598">
        <ele>0.023</ele>
        <time>2017-07-27T21:57:40Z</time>
      </trkpt>
      <trkpt lat="46.900132" lon="-2.062549">
        <ele>0.415</ele>
        <time>2017-07-27T21:58:00Z</time>
      </trkpt>
      <trkpt lat="46.899709" lon="-2.062974">
        <ele>0.308</ele>
        <time>2017-07-27T21:58:20Z</time>
      </trkpt>
      <trkpt lat="46.898923" lon="-2.063366">
        <ele>0.284</ele>
        <time>2017-07-27T21:58:40Z</time>
      </trkpt>
      <trkpt lat="46.895507" lon="-2.064549">
        <ele>0.531</ele>
        <time>2017-07-27T21:59:00Z</time>
      </trkpt>
      <trkpt lat="46.894616" lon="-2.065208">
        <ele>0.691</ele>
        <time>2017-07-27T21:59:20Z</time>
      </trkpt>
      <trkpt lat="46.893474" lon="-2.065788">
        <ele>1.058</ele>
        <time>2017-07-27T21:59:40Z</time>
      </trkpt>
      <trkpt lat="46.893236" lon="-2.066199">
        <ele>0.715</ele>
        <time>2017-07-27T22:00:00Z</time>
      </trkpt>
      <trkpt lat="46.892634" lon="-2.066582">
        <ele>0.925</ele>
        <time>2017-07-27T22:00:20Z</time>
      </trkpt>
      <trkpt lat="46.891670" lon="-2.067827">
        <ele>1.062</ele>
        <time>2017-07-27T22:00:40Z</time>
      </trkpt>
      <trkpt lat="46.890932" lon="-2.069564">
        <ele>2.474</ele>
        <time>2017-07-27T22:01:00Z</time>
      </trkpt>
      <trkpt lat="46.889588" lon="-2.071355">
        <ele>-0.599</ele>
        <time>2017-07-27T22:01:20Z</time>
      </trkpt>
      <trkpt lat="46.887884" lon="-2.074346">
        <ele>1.007</ele>
        <time>2017-07-27T22:01:40Z</time>
      </trkpt>
      <trkpt lat="46.887689" lon="-2.074929">
        <ele>0.027</ele>
        <time>2017-07-27T22:02:00Z</time>
      </trkpt>
      <trkpt lat="46.887648" lon="-2.075595">
        <ele>1.108</ele>
        <time>2017-07-27T22:02:20Z</time>
      </trkpt>
      <trkpt lat="46.889970" lon="-2.095720">
        <ele>1.070</ele>
        <time>2017-07-27T22:02:40Z</time>
      </trkpt>
      <trkpt lat="46.889967" lon="-2.097697">
        <ele>1.347</ele>
        <time>2017-07-27T22:03:00Z</time>
      </trkpt>
      <trkpt lat="46.889273" lon="-2.110057">
        <ele>3.117</ele>
        <time>2017-07-27T22:03:20Z</time>
      </trkpt>
      <trkpt lat="46.888905" lon="-2.111534">
        <ele>6.064</ele>
        <time>2017-07-27T22:03:40Z</time>
      </trkpt>
      <trkpt lat="46.889364" lon="-2.119713">
        <ele>2.791</ele>
        <time>2017-07-27T22:04:00Z</time>
      </trkpt>
      <trkpt lat="46.891290" lon="-2.135168">
        <ele>4.471</ele>
        <time>2017-07-27T22:04:20Z</time>
      </trkpt>
      <trkpt lat="46.891539" lon="-2.136055">
        <ele>3.558</ele>
        <time>2017-07-27T22:04:40Z</time>
      </trkpt>
      <trkpt lat="46.891315" lon="-2.137211">
        <ele>3.090</ele>
        <time>2017-07-27T22:05:00Z</time>
      </trkpt>
      <trkpt lat="46.891592" lon="-2.137415">
        <ele>2.334</ele>
        <time>2017-07-27T22:05:20Z</time>
      </trkpt>
      <trkpt lat="46.891889" lon="-2.138983">
        <ele>4.055</ele>
        <time>2017-07-27T22:05:40Z</time>
      </trkpt>
      <trkpt lat="46.890807" lon="-2.140842">
        <ele>4.010</ele>
        <time>2017-07-27T22:06:00Z</time>
      </trkpt>
      <trkpt lat="46.891427" lon="-2.141328">
        <ele>1.508</ele>
        <time>2017-07-27T22:06:20Z</time>
      </trkpt>
      <trkpt lat="46.890286" lon="-2.143518">
        <ele>5.384</ele>
        <time>2017-07-27T22:06:40Z</time>
      </trkpt>
      <trkpt lat="46.890112" lon="-2.143581">
        <ele>6.831</ele>
        <time>2017-07-27T22:07:00Z</time>
      </trkpt>
      <trkpt lat="46.887757" lon="-2.139511">
        <ele>8.651</ele>
        <time>2017-07-27T22:07:20Z</time>
      </trkpt>
      <trkpt lat="46.886114" lon="-2.137160">
        <ele>4.038</ele>
        <time>2017-07-27T22:07:40Z</time>
      </trkpt>
      <trkpt lat="46.886086" lon="-2.136864">
        <ele>4.085</ele>
        <time>2017-07-27T22:08:00Z</time>
      </trkpt>
      <trkpt lat="46.885328" lon="-2.151764">
        <ele>5.035</ele>
        <time>2017-07-27T22:08:20Z</time>
      </trkpt>
      <trkpt lat="46.885186" lon="-2.151715">
        <ele>5.382</ele>
        <time>2017-07-27T22:08:40Z</time>
      </trkpt>
      <trkpt lat="46.885157" lon="-2.151446">
        <ele>5.114</ele>
        <time>2017-07-27T22:09:00Z</time>
      </trkpt>
      <trkpt lat="46.885263" lon="-2.150340">
        <ele>5.133</ele>
        <time>2017-07-27T22:09:20Z</time>
      </trkpt>
      <trkpt lat="46.884398" lon="-2.149164">
        <ele>7.823</ele>
        <time>2017-07-27T22:09:40Z</time>
      </trkpt>
      <trkpt lat="46.884050" lon="-2.148167">
        <ele>7.015</ele>
        <time>2017-07-27T22:10:00Z</time>
      </trkpt>
      <trkpt lat="46.883409" lon="-2.142729">
        <ele>6.608</ele>
        <time>2017-07-27T22:10:20Z</time>
      </trkpt>
      <trkpt lat="46.883235" lon="-2.142523">
        <ele>6.194</ele>
        <time>2017-07-27T22:10:40Z</time>
      </trkpt>
      <trkpt lat="46.879383" lon="-2.142019">
        <ele>8.361</ele>
        <time>2017-07-27T22:11:00Z</time>
      </trkpt>
      <trkpt lat="46.878872" lon="-2.141151">
        <ele>7.991</ele>
        <time>2017-07-27T22:11:20Z</time>
      </trkpt>
      <trkpt lat="46.878748" lon="-2.140506">
        <ele>8.028</ele>
        <time>2017-07-27T22:11:40Z</time>
      </trkpt>
      <trkpt lat="46.878772" lon="-2.138584">
        <ele>7.925</ele>
        <time>2017-07-27T22:12:00Z</time>
      </trkpt>
      <trkpt lat="46.878456" lon="-2.136397">
        <ele>5.655</ele>
        <time>2017-07-27T22:12:20Z</time>
      </trkpt>
      <trkpt lat="46.878521" lon="-2.135321">
        <ele>5.992</ele>
        <time>2017-07-27T22:12:40Z</time>
      </trkpt>
      <trkpt lat="46.878822" lon="-2.134705">
        <ele>7.084</ele>
        <time>2017-07-27T22:13:00Z</time>
      </trkpt>
      <trkpt lat="46.878098" lon="-2.131195">
        <ele>12.426</ele>
        <time>2017-07-27T22:13:20Z</time>
      </trkpt>
      <trkpt lat="46.878532" lon="-2.130101">
        <ele>13.847</ele>
        <time>2017-07-27T22:13:40Z</time>
      </trkpt>
      <trkpt lat="46.878455" lon="-2.127651">
        <ele>10.911</ele>
        <time>2017-07-27T22:14:00Z</time>
      </trkpt>
      <trkpt lat="46.878632" lon="-2.125817">
        <ele>17.808</ele>
        <time>2017-07-27T22:14:20Z</time>
      </trkpt>
      <trkpt lat="46.878475" lon="-2.125094">
        <ele>12.523</ele>
        <time>2017-07-27T22:14:40Z</time>
      </trkpt>
      <trkpt lat="46.877277" lon="-2.124847">
        <ele>11.820</ele>
        <time>2017-07-27T22:15:00Z</time>
      </trkpt>
      <trkpt lat="46.876710" lon="-2.124592">
        <ele>13.940</ele>
        <time>2017-07-27T22:15:20Z</time>
      </trkpt>
      <trkpt lat="46.875363" lon="-2.123585">
        <ele>13.197</ele>
        <time>2017-07-27T22:15:40Z</time>
      </trkpt>
      <trkpt lat="46.874719" lon="-2.123489">
        <ele>8.774</ele>
        <time>2017-07-27T22:16:00Z</time>
      </trkpt>
      <trkpt lat="46.873847" lon="-2.124307">
        <ele>13.874</ele>
        <time>2017-07-27T22:16:20Z</time>
      </trkpt>
      <trkpt lat="46.873448" lon="-2.124364">
        <ele>12.571</ele>
        <time>2017-07-27T22:16:40Z</time>
      </trkpt>
      <trkpt lat="46.873029" lon="-2.124357">
        <ele>13.323</ele>
        <time>2017-07-27T22:17:00Z</time>
      </trkpt>
      <trkpt lat="46.871371" lon="-2.123496">
        <ele>8.844</ele>
        <time>2017-07-27T22:17:20Z</time>
      </trkpt>
      <trkpt lat="46.870832" lon="-2.123501">
        <ele>8.205</ele>
        <time>2017-07-27T22:17:40Z</time>
      </trkpt>
      <trkpt lat="46.870523" lon="-2.123594">
        <ele>7.715</ele>
        <time>2017-07-27T22:18:00Z</time>
      </trkpt>
      <trkpt lat="46.870526" lon="-2.123746">
        <ele>8.808</ele>
        <time>2017-07-27T22:18:20Z</time>
      </trkpt>
      <trkpt lat="46.870173" lon="-2.123877">
        <ele>7.255</ele>
        <time>2017-07-27T22:18:40Z</time>
      </trkpt>
      <trkpt lat="46.869643" lon="-2.124535">
        <ele>7.752</ele>
        <time>2017-07-27T22:19:00Z</time>
      </trkpt>
      <trkpt lat="46.869032" lon="-2.124906">
        <ele>10.162</ele>
        <time>2017-07-27T22:19:20Z</time>
      </trkpt>
      <trkpt lat="46.868546" lon="-2.124715">
        <ele>7.949</ele>
        <time>2017-07-27T22:19:40Z</time>
      </trkpt>
      <trkpt lat="46.868171" lon="-2.124866">
        <ele>11.126</ele>
        <time>2017-07-27T22:20:00Z</time>
      </trkpt>
      <trkpt lat="46.867581" lon="-2.124698">
        <ele>14.916</ele>
        <time>2017-07-27T22:20:20Z</time>
      </trkpt>
      <trkpt lat="46.866594" lon="-2.123853">
        <ele>13.083</ele>
        <time>2017-07-27T22:20:40Z</time>
      </trkpt>
      <trkpt lat="46.866353" lon="-2.123832">
        <ele>12.955</ele>
        <time>2017-07-27T22:21:00Z</time>
      </trkpt>
      <trkpt lat="46.865214" lon="-2.124539">
        <ele>9.992</ele>
        <time>2017-07-27T22:21:20Z</time>
      </trkpt>
      <trkpt lat="46.864910" lon="-2.124507">
        <ele>8.273</ele>
        <time>2017-07-27T22:21:40Z</time>
      </trkpt>
      <trkpt lat="46.864576" lon="-2.124988">
        <ele>10.020</ele>
        <time>2017-07-27T22:22:00Z</time>
      </trkpt>
      <trkpt lat="46.864037" lon="-2.124877">
        <ele>10.008</ele>
        <time>2017-07-27T22:22:20Z</time>
      </trkpt>
      <trkpt lat="46.863537" lon="-2.124968">
        <ele>12.590</ele>
        <time>2017-07-27T22:22:40Z</time>
      </trkpt>
      <trkpt lat="46.862947" lon="-2.123724">
        <ele>11.827</ele>
        <time>2017-07-27T22:23:00Z</time>
      </trkpt>
      <trkpt lat="46.862535" lon="-2.122410">
        <ele>13.297</ele>
        <time>2017-07-27T22:23:20Z</time>
      </trkpt>
      <trkpt lat="46.862095" lon="-2.121833">
        <ele>14.024</ele>
        <time>2017-07-27T22:23:40Z</time>
      </trkpt>
      <trkpt lat="46.862281" lon="-2.120999">
        <ele>12.961</ele>
        <time>2017-07-27T22:24:00Z</time>
      </trkpt>
      <trkpt lat="46.862173" lon="-2.120461">
        <ele>11.851</ele>
        <time>2017-07-27T22:24:20Z</time>
      </trkpt>
      <trkpt lat="46.861812" lon="-2.120293">
        <ele>12.088</ele>
        <time>2017-07-27T22:24:40Z</time>
      </trkpt>
      <trkpt lat="46.861337" lon="-2.120309">
        <ele>14.460</ele>
        <time>2017-07-27T22:25:00Z</time>
      </trkpt>
      <trkpt lat="46.860974" lon="-2.120083">
        <ele>14.123</ele>
        <time>2017-07-27T22:25:20Z</time>
      </trkpt>
      <trkpt lat="46.859151" lon="-2.118113">
        <ele>12.483</ele>
        <time>2017-07-27T22:25:40Z</time>
      </trkpt>
      <trkpt lat="46.858612" lon="-2.118958">
        <ele>12.011</ele>
        <time>2017-07-27T22:26:00Z</time>
      </trkpt>
      <trkpt lat="46.858546" lon="-2.119425">
        <ele>12.908</ele>
        <time>2017-07-27T22:26:20Z</time>
      </trkpt>
      <trkpt lat="46.858312" lon="-2.119788">
        <ele>13.083</ele>
        <time>2017-07-27T22:26:40Z</time>
      </trkpt>
      <trkpt lat="46.857017" lon="-2.121118">
        <ele>13.080</ele>
        <time>2017-07-27T22:27:00Z</time>
      </trkpt>
      <trkpt lat="46.856689" lon="-2.121842">
        <ele>11.140</ele>
        <time>2017-07-27T22:27:20Z</time>
      </trkpt>
      <trkpt lat="46.856798" lon="-2.122720">
        <ele>13.267</ele>
        <time>2017-07-27T22:27:40Z</time>
      </trkpt>
      <trkpt lat="46.856614" lon="-2.122907">
        <ele>13.124</ele>
        <time>2017-07-27T22:28:00Z</time>
      </trkpt>
      <trkpt lat="46.855784" lon="-2.122944">
        <ele>10.544</ele>
        <time>2017-07-27T22:28:20Z</time>
      </trkpt>
      <trkpt lat="46.855309" lon="-2.123386">
        <ele>10.311</ele>
        <time>2017-07-27T22:28:40Z</time>
      </trkpt>
      <trkpt lat="46.854414" lon="-2.124546">
        <ele>12.983</ele>
        <time>2017-07-27T22:29:00Z</time>
      </trkpt>
      <trkpt lat="46.852172" lon="-2.126792">
        <ele>11.989</ele>
        <time>2017-07-27T22:29:20Z</time>
      </trkpt>
      <trkpt lat="46.851979" lon="-2.127224">
        <ele>14.106</ele>
        <time>2017-07-27T22:29:40Z</time>
      </trkpt>
      <trkpt lat="46.852080" lon="-2.127245">
        <ele>14.726</ele>
        <time>2017-07-27T22:30:00Z</time>
      </trkpt>
      <trkpt lat="46.851782" lon="-2.127544">
        <ele>15.608</ele>
        <time>2017-07-27T22:30:20Z</time>
      </trkpt>
      <trkpt lat="46.851562" lon="-2.127557">
        <ele>14.529</ele>
        <time>2017-07-27T22:30:40Z</time>
      </trkpt>
      <trkpt lat="46.851550" lon="-2.127928">
        <ele>16.296</ele>
        <time>2017-07-27T22:31:00Z</time>
      </trkpt>
      <trkpt lat="46.851098" lon="-2.127911">
        <ele>12.976</ele>
        <time>2017-07-27T22:31:20Z</time>
      </trkpt>
      <trkpt lat="46.850611" lon="-2.128147">
        <ele>13.283</ele>
        <time>2017-07-27T22:31:40Z</time>
      </trkpt>
      <trkpt lat="46.850369" lon="-2.128496">
        <ele>14.290</ele>
        <time>2017-07-27T22:32:00Z</time>
      </trkpt>
      <trkpt lat="46.849801" lon="-2.128779">
        <ele>9.290</ele>
        <time>2017-07-27T22:32:20Z</time>
      </trkpt>
      <trkpt lat="46.849467" lon="-2.129505">
        <ele>11.357</ele>
        <time>2017-07-27T22:32:40Z</time>
      </trkpt>
      <trkpt lat="46.847953" lon="-2.130374">
        <ele>9.079</ele>
        <time>2017-07-27T22:33:00Z</time>
      </trkpt>
      <trkpt lat="46.847814" lon="-2.130611">
        <ele>9.256</ele>
        <time>2017-07-27T22:33:20Z</time>
      </trkpt>
      <trkpt lat="46.846795" lon="-2.130895">
        <ele>9.759</ele>
        <time>2017-07-27T22:33:40Z</time>
      </trkpt>
      <trkpt lat="46.846675" lon="-2.131343">
        <ele>10.814</ele>
        <time>2017-07-27T22:34:00Z</time>
      </trkpt>
      <trkpt lat="46.846303" lon="-2.131659">
        <ele>10.708</ele>
        <time>2017-07-27T22:34:20Z</time>
      </trkpt>
      <trkpt lat="46.846037" lon="-2.132164">
        <ele>10.526</ele>
        <time>2017-07-27T22:34:40Z</time>
      </trkpt>
      <trkpt lat="46.844781" lon="-2.132638">
        <ele>10.743</ele>
        <time>2017-07-27T22:35:00Z</time>
      </trkpt>
      <trkpt lat="46.844334" lon="-2.133113">
        <ele>10.623</ele>
        <time>2017-07-27T22:35:20Z</time>
      </trkpt>
      <trkpt lat="46.843517" lon="-2.133345">
        <ele>8.790</ele>
        <time>2017-07-27T22:35:40Z</time>
      </trkpt>
      <trkpt lat="46.842728" lon="-2.134227">
        <ele>8.977</ele>
        <time>2017-07-27T22:36:00Z</time>
      </trkpt>
      <trkpt lat="46.841626" lon="-2.134873">
        <ele>7.917</ele>
        <time>2017-07-27T22:36:20Z</time>
      </trkpt>
      <trkpt lat="46.841498" lon="-2.135529">
        <ele>9.374</ele>
        <time>2017-07-27T22:36:40Z</time>
      </trkpt>
      <trkpt lat="46.841578" lon="-2.137982">
        <ele>7.536</ele>
        <time>2017-07-27T22:37:00Z</time>
      </trkpt>
      <trkpt lat="46.841757" lon="-2.139029">
        <ele>8.028</ele>
        <time>2017-07-27T22:37:20Z</time>
      </trkpt>
      <trkpt lat="46.841659" lon="-2.139288">
        <ele>9.089</ele>
        <time>2017-07-27T22:37:40Z</time>
      </trkpt>
      <trkpt lat="46.840548" lon="-2.139158">
        <ele>11.017</ele>
        <time>2017-07-27T22:38:00Z</time>
      </trkpt>
      <trkpt lat="46.839491" lon="-2.138830">
        <ele>10.008</ele>
        <time>2017-07-27T22:38:20Z</time>
      </trkpt>
      <trkpt lat="46.839031" lon="-2.138470">
        <ele>8.893</ele>
        <time>2017-07-27T22:38:40Z</time>
      </trkpt>
      <trkpt lat="46.836848" lon="-2.137601">
        <ele>7.880</ele>
        <time>2017-07-27T22:39:00Z</time>
      </trkpt>
      <trkpt lat="46.836197" lon="-2.137715">
        <ele>6.650</ele>
        <time>2017-07-27T22:39:20Z</time>
      </trkpt>
      <trkpt lat="46.835643" lon="-2.138048">
        <ele>9.037</ele>
        <time>2017-07-27T22:39:40Z</time>
      </trkpt>
      <trkpt lat="46.835077" lon="-2.138175">
        <ele>7.754</ele>
        <time>2017-07-27T22:40:00Z</time>
      </trkpt>
      <trkpt lat="46.834059" lon="-2.138226">
        <ele>7.424</ele>
        <time>2017-07-27T22:40:20Z</time>
      </trkpt>
      <trkpt lat="46.832566" lon="-2.139115">
        <ele>7.821</ele>
        <time>2017-07-27T22:40:40Z</time>
      </trkpt>
      <trkpt lat="46.831195" lon="-2.140220">
        <ele>8.473</ele>
        <time>2017-07-27T22:41:00Z</time>
      </trkpt>
      <trkpt lat="46.829391" lon="-2.139905">
        <ele>7.343</ele>
        <time>2017-07-27T22:41:20Z</time>
      </trkpt>
      <trkpt lat="46.828971" lon="-2.139695">
        <ele>8.764</ele>
        <time>2017-07-27T22:41:40Z</time>
      </trkpt>
      <trkpt lat="46.827104" lon="-2.139459">
        <ele>9.010</ele>
        <time>2017-07-27T22:42:00Z</time>
      </trkpt>
      <trkpt lat="46.825369" lon="-2.138751">
        <ele>6.808</ele>
        <time>2017-07-27T22:42:20Z</time>
      </trkpt>
      <trkpt lat="46.823291" lon="-2.138252">
        <ele>7.065</ele>
        <time>2017-07-27T22:42:40Z</time>
      </trkpt>
      <trkpt lat="46.821646" lon="-2.137685">
        <ele>6.782</ele>
        <time>2017-07-27T22:43:00Z</time>
      </trkpt>
      <trkpt lat="46.820301" lon="-2.137092">
        <ele>11.462</ele>
        <time>2017-07-27T22:43:20Z</time>
      </trkpt>
      <trkpt lat="46.820295" lon="-2.136589">
        <ele>9.969</ele>
        <time>2017-07-27T22:43:40Z</time>
      </trkpt>
      <trkpt lat="46.819864" lon="-2.134926">
        <ele>10.766</ele>
        <time>2017-07-27T22:44:00Z</time>
      </trkpt>
      <trkpt lat="46.819852" lon="-2.133889">
        <ele>9.516</ele>
        <time>2017-07-27T22:44:20Z</time>
      </trkpt>
      <trkpt lat="46.820068" lon="-2.132616">
        <ele>7.873</ele>
        <time>2017-07-27T22:44:40Z</time>
      </trkpt>
      <trkpt lat="46.819322" lon="-2.131212">
        <ele>7.045</ele>
        <time>2017-07-27T22:45:00Z</time>
      </trkpt>
      <trkpt lat="46.818286" lon="-2.130544">
        <ele>4.391</ele>
        <time>2017-07-27T22:45:20Z</time>
      </trkpt>
      <trkpt lat="46.817159" lon="-2.128983">
        <ele>8.981</ele>
        <time>2017-07-27T22:45:40Z</time>
      </trkpt>
      <trkpt lat="46.816072" lon="-2.126079">
        <ele>7.119</ele>
        <time>2017-07-27T22:46:00Z</time>
      </trkpt>
      <trkpt lat="46.815419" lon="-2.125595">
        <ele>9.308</ele>
        <time>2017-07-27T22:46:20Z</time>
      </trkpt>
      <trkpt lat="46.814821" lon="-2.124716">
        <ele>8.980</ele>
        <time>2017-07-27T22:46:40Z</time>
      </trkpt>
      <trkpt lat="46.814329" lon="-2.124517">
        <ele>12.317</ele>
        <time>2017-07-27T22:47:00Z</time>
      </trkpt>
      <trkpt lat="46.813667" lon="-2.123846">
        <ele>12.197</ele>
        <time>2017-07-27T22:47:20Z</time>
      </trkpt>
      <trkpt lat="46.813326" lon="-2.124026">
        <ele>13.024</ele>
        <time>2017-07-27T22:47:40Z</time>
      </trkpt>
      <trkpt lat="46.813176" lon="-2.123830">
        <ele>11.491</ele>
        <time>2017-07-27T22:48:00Z</time>
      </trkpt>
      <trkpt lat="46.812803" lon="-2.122962">
        <ele>6.981</ele>
        <time>2017-07-27T22:48:20Z</time>
      </trkpt>
      <trkpt lat="46.813444" lon="-2.121786">
        <ele>4.058</ele>
        <time>2017-07-27T22:48:40Z</time>
      </trkpt>
      <trkpt lat="46.813338" lon="-2.121511">
        <ele>4.060</ele>
        <time>2017-07-27T22:49:00Z</time>
      </trkpt>
      <trkpt lat="46.812081" lon="-2.119191">
        <ele>6.131</ele>
        <time>2017-07-27T22:49:20Z</time>
      </trkpt>
      <trkpt lat="46.810835" lon="-2.118529">
        <ele>9.761</ele>
        <time>2017-07-27T22:49:40Z</time>
      </trkpt>
      <trkpt lat="46.810478" lon="-2.118031">
        <ele>8.707</ele>
        <time>2017-07-27T22:50:00Z</time>
      </trkpt>
      <trkpt lat="46.810105" lon="-2.117073">
        <ele>6.808</ele>
        <time>2017-07-27T22:50:20Z</time>
      </trkpt>
      <trkpt lat="46.809951" lon="-2.115995">
        <ele>6.314</ele>
        <time>2017-07-27T22:50:40Z</time>
      </trkpt>
      <trkpt lat="46.808317" lon="-2.111548">
        <ele>11.631</ele>
        <time>2017-07-27T22:51:00Z</time>
      </trkpt>
      <trkpt lat="46.807855" lon="-2.109805">
        <ele>11.881</ele>
        <time>2017-07-27T22:51:20Z</time>
      </trkpt>
      <trkpt lat="46.806657" lon="-2.107263">
        <ele>14.558</ele>
        <time>2017-07-27T22:51:40Z</time>
      </trkpt>
      <trkpt lat="46.805873" lon="-2.103531">
        <ele>13.165</ele>
        <time>2017-07-27T22:52:00Z</time>
      </trkpt>
      <trkpt lat="46.805475" lon="-2.102243">
        <ele>13.595</ele>
        <time>2017-07-27T22:52:20Z</time>
      </trkpt>
      <trkpt lat="46.805039" lon="-2.101422">
        <ele>10.032</ele>
        <time>2017-07-27T22:52:40Z</time>
      </trkpt>
      <trkpt lat="46.805001" lon="-2.100157">
        <ele>10.434</ele>
        <time>2017-07-27T22:53:00Z</time>
      </trkpt>
      <trkpt lat="46.804675" lon="-2.098936">
        <ele>18.146</ele>
        <time>2017-07-27T22:53:20Z</time>
      </trkpt>
      <trkpt lat="46.803942" lon="-2.098196">
        <ele>24.688</ele>
        <time>2017-07-27T22:53:40Z</time>
      </trkpt>
      <trkpt lat="46.803020" lon="-2.095772">
        <ele>25.716</ele>
        <time>2017-07-27T22:54:00Z</time>
      </trkpt>
      <trkpt lat="46.802345" lon="-2.092969">
        <ele>22.708</ele>
        <time>2017-07-27T22:54:20Z</time>
      </trkpt>
      <trkpt lat="46.801676" lon="-2.091185">
        <ele>22.955</ele>
        <time>2017-07-27T22:54:40Z</time>
      </trkpt>
      <trkpt lat="46.801492" lon="-2.089896">
        <ele>21.412</ele>
        <time>2017-07-27T22:55:00Z</time>
      </trkpt>
      <trkpt lat="46.800854" lon="-2.087531">
        <ele>11.132</ele>
        <time>2017-07-27T22:55:20Z</time>
      </trkpt>
      <trkpt lat="46.800480" lon="-2.086669">
        <ele>12.669</ele>
        <time>2017-07-27T22:55:40Z</time>
      </trkpt>
      <trkpt lat="46.799623" lon="-2.082377">
        <ele>8.836</ele>
        <time>2017-07-27T22:56:00Z</time>
      </trkpt>
      <trkpt lat="46.799372" lon="-2.081843">
        <ele>7.886</ele>
        <time>2017-07-27T22:56:20Z</time>
      </trkpt>
      <trkpt lat="46.799183" lon="-2.079858">
        <ele>8.393</ele>
        <time>2017-07-27T22:56:40Z</time>
      </trkpt>
      <trkpt lat="46.798365" lon="-2.077019">
        <ele>12.035</ele>
        <time>2017-07-27T22:57:00Z</time>
      </trkpt>
      <trkpt lat="46.797671" lon="-2.076641">
        <ele>15.649</ele>
        <time>2017-07-27T22:57:20Z</time>
      </trkpt>
      <trkpt lat="46.797120" lon="-2.076602">
        <ele>15.902</ele>
        <time>2017-07-27T22:57:40Z</time>
      </trkpt>
      <trkpt lat="46.794913" lon="-2.077561">
        <ele>11.922</ele>
        <time>2017-07-27T22:58:00Z</time>
      </trkpt>
      <trkpt lat="46.794316" lon="-2.078066">
        <ele>8.008</ele>
        <time>2017-07-27T22:58:20Z</time>
      </trkpt>
      <trkpt lat="46.792617" lon="-2.080289">
        <ele>6.055</ele>
        <time>2017-07-27T22:58:40Z</time>
      </trkpt>
      <trkpt lat="46.791858" lon="-2.080963">
        <ele>5.792</ele>
        <time>2017-07-27T22:59:00Z</time>
      </trkpt>
      <trkpt lat="46.791455" lon="-2.081554">
        <ele>3.942</ele>
        <time>2017-07-27T22:59:20Z</time>
      </trkpt>
      <trkpt lat="46.789821" lon="-2.080398">
        <ele>3.499</ele>
        <time>2017-07-27T22:59:40Z</time>
      </trkpt>
      <trkpt lat="46.789159" lon="-2.080355">
        <ele>5.076</ele>
        <time>2017-07-27T23:00:00Z</time>
      </trkpt>
      <trkpt lat="46.787865" lon="-2.080587">
        <ele>5.846</ele>
        <time>2017-07-27T23:00:20Z</time>
      </trkpt>
      <trkpt lat="46.786980" lon="-2.080055">
        <ele>11.143</ele>
        <time>2017-07-27T23:00:40Z</time>
      </trkpt>
      <trkpt lat="46.786267" lon="-2.078767">
        <ele>5.335</ele>
        <time>2017-07-27T23:01:00Z</time>
      </trkpt>
      <trkpt lat="46.784768" lon="-2.075342">
        <ele>6.869</ele>
        <time>2017-07-27T23:01:20Z</time>
      </trkpt>
      <trkpt lat="46.784762" lon="-2.075081">
        <ele>6.804</ele>
        <time>2017-07-27T23:01:40Z</time>
      </trkpt>
      <trkpt lat="46.782747" lon="-2.070721">
        <ele>5.524</ele>
        <time>2017-07-27T23:02:00Z</time>
      </trkpt>
      <trkpt lat="46.781611" lon="-2.068807">
        <ele>3.908</ele>
        <time>2017-07-27T23:02:20Z</time>
      </trkpt>
      <trkpt lat="46.781311" lon="-2.067858">
        <ele>5.937</ele>
        <time>2017-07-27T23:02:40Z</time>
      </trkpt>
      <trkpt lat="46.780591" lon="-2.067010">
        <ele>9.234</ele>
        <time>2017-07-27T23:03:00Z</time>
      </trkpt>
      <trkpt lat="46.780160" lon="-2.065992">
        <ele>11.644</ele>
        <time>2017-07-27T23:03:20Z</time>
      </trkpt>
      <trkpt lat="46.779928" lon="-2.065848">
        <ele>8.891</ele>
        <time>2017-07-27T23:03:40Z</time>
      </trkpt>
      <trkpt lat="46.779479" lon="-2.065100">
        <ele>13.688</ele>
        <time>2017-07-27T23:04:00Z</time>
      </trkpt>
      <trkpt lat="46.779266" lon="-2.063843">
        <ele>9.258</ele>
        <time>2017-07-27T23:04:20Z</time>
      </trkpt>
      <trkpt lat="46.779075" lon="-2.063589">
        <ele>8.535</ele>
        <time>2017-07-27T23:04:40Z</time>
      </trkpt>
      <trkpt lat="46.778492" lon="-2.063372">
        <ele>8.687</ele>
        <time>2017-07-27T23:05:00Z</time>
      </trkpt>
      <trkpt lat="46.776668" lon="-2.060264">
        <ele>7.218</ele>
        <time>2017-07-27T23:05:20Z</time>
      </trkpt>
      <trkpt lat="46.775108" lon="-2.057945">
        <ele>7.398</ele>
        <time>2017-07-27T23:05:40Z</time>
      </trkpt>
      <trkpt lat="46.773727" lon="-2.056276">
        <ele>2.617</ele>
        <time>2017-07-27T23:06:00Z</time>
      </trkpt>
      <trkpt lat="46.770799" lon="-2.052143">
        <ele>6.708</ele>
        <time>2017-07-27T23:06:20Z</time>
      </trkpt>
      <trkpt lat="46.770677" lon="-2.051458">
        <ele>9.282</ele>
        <time>2017-07-27T23:06:40Z</time>
      </trkpt>
      <trkpt lat="46.771374" lon="-2.049496">
        <ele>2.499</ele>
        <time>2017-07-27T23:07:00Z</time>
      </trkpt>
      <trkpt lat="46.771302" lon="-2.048567">
        <ele>5.489</ele>
        <time>2017-07-27T23:07:20Z</time>
      </trkpt>
      <trkpt lat="46.770275" lon="-2.046106">
        <ele>4.096</ele>
        <time>2017-07-27T23:07:40Z</time>
      </trkpt>
      <trkpt lat="46.768854" lon="-2.043989">
        <ele>2.213</ele>
        <time>2017-07-27T23:08:00Z</time>
      </trkpt>
      <trkpt lat="46.767349" lon="-2.042385">
        <ele>2.583</ele>
        <time>2017-07-27T23:08:20Z</time>
      </trkpt>
      <trkpt lat="46.766365" lon="-2.040205">
        <ele>6.810</ele>
        <time>2017-07-27T23:08:40Z</time>
      </trkpt>
      <trkpt lat="46.766201" lon="-2.039469">
        <ele>5.632</ele>
        <time>2017-07-27T23:09:00Z</time>
      </trkpt>
      <trkpt lat="46.766063" lon="-2.037078">
        <ele>12.543</ele>
        <time>2017-07-27T23:09:20Z</time>
      </trkpt>
      <trkpt lat="46.765742" lon="-2.035650">
        <ele>10.364</ele>
        <time>2017-07-27T23:09:40Z</time>
      </trkpt>
      <trkpt lat="46.763888" lon="-2.031502">
        <ele>7.410</ele>
        <time>2017-07-27T23:10:00Z</time>
      </trkpt>
      <trkpt lat="46.763628" lon="-2.029617">
        <ele>9.908</ele>
        <time>2017-07-27T23:10:20Z</time>
      </trkpt>
      <trkpt lat="46.763447" lon="-2.029166">
        <ele>8.625</ele>
        <time>2017-07-27T23:10:40Z</time>
      </trkpt>
      <trkpt lat="46.760544" lon="-2.026593">
        <ele>6.042</ele>
        <time>2017-07-27T23:11:00Z</time>
      </trkpt>
      <trkpt lat="46.759470" lon="-2.025185">
        <ele>6.622</ele>
        <time>2017-07-27T23:11:20Z</time>
      </trkpt>
      <trkpt lat="46.758788" lon="-2.024883">
        <ele>5.759</ele>
        <time>2017-07-27T23:11:40Z</time>
      </trkpt>
      <trkpt lat="46.757275" lon="-2.024553">
        <ele>4.336</ele>
        <time>2017-07-27T23:12:00Z</time>
      </trkpt>
      <trkpt lat="46.756331" lon="-2.023449">
        <ele>3.366</ele>
        <time>2017-07-27T23:12:20Z</time>
      </trkpt>
      <trkpt lat="46.755172" lon="-2.022521">
        <ele>1.143</ele>
        <time>2017-07-27T23:12:40Z</time>
      </trkpt>
      <trkpt lat="46.754382" lon="-2.020743">
        <ele>1.945</ele>
        <time>2017-07-27T23:13:00Z</time>
      </trkpt>
      <trkpt lat="46.753325" lon="-2.019400">
        <ele>3.168</ele>
        <time>2017-07-27T23:13:20Z</time>
      </trkpt>
      <trkpt lat="46.751347" lon="-2.016352">
        <ele>4.042</ele>
        <time>2017-07-27T23:13:40Z</time>
      </trkpt>
      <trkpt lat="46.751065" lon="-2.016147">
        <ele>4.126</ele>
        <time>2017-07-27T23:14:00Z</time>
      </trkpt>
      <trkpt lat="46.750965" lon="-2.015803">
        <ele>3.508</ele>
        <time>2017-07-27T23:14:20Z</time>
      </trkpt>
      <trkpt lat="46.750140" lon="-2.014830">
        <ele>4.087</ele>
        <time>2017-07-27T23:14:40Z</time>
      </trkpt>
      <trkpt lat="46.749517" lon="-2.013710">
        <ele>5.534</ele>
        <time>2017-07-27T23:15:00Z</time>
      </trkpt>
      <trkpt lat="46.746598" lon="-2.011890">
        <ele>9.214</ele>
        <time>2017-07-27T23:15:20Z</time>
      </trkpt>
      <trkpt lat="46.745216" lon="-2.010272">
        <ele>6.071</ele>
        <time>2017-07-27T23:15:40Z</time>
      </trkpt>
      <trkpt lat="46.743607" lon="-2.008913">
        <ele>3.028</ele>
        <time>2017-07-27T23:16:00Z</time>
      </trkpt>
      <trkpt lat="46.741094" lon="-2.005088">
        <ele>2.798</ele>
        <time>2017-07-27T23:16:20Z</time>
      </trkpt>
      <trkpt lat="46.740629" lon="-2.004114">
        <ele>3.085</ele>
        <time>2017-07-27T23:16:40Z</time>
      </trkpt>
      <trkpt lat="46.740635" lon="-2.003528">
        <ele>2.717</ele>
        <time>2017-07-27T23:17:00Z</time>
      </trkpt>
      <trkpt lat="46.741293" lon="-2.000507">
        <ele>5.311</ele>
        <time>2017-07-27T23:17:20Z</time>
      </trkpt>
      <trkpt lat="46.741499" lon="-1.996511">
        <ele>6.221</ele>
        <time>2017-07-27T23:17:40Z</time>
      </trkpt>
      <trkpt lat="46.742082" lon="-1.994238">
        <ele>3.503</ele>
        <time>2017-07-27T23:18:00Z</time>
      </trkpt>
      <trkpt lat="46.742040" lon="-1.993319">
        <ele>5.608</ele>
        <time>2017-07-27T23:18:20Z</time>
      </trkpt>
      <trkpt lat="46.741569" lon="-1.992824">
        <ele>4.062</ele>
        <time>2017-07-27T23:18:40Z</time>
      </trkpt>
      <trkpt lat="46.740091" lon="-1.992637">
        <ele>9.069</ele>
        <time>2017-07-27T23:19:00Z</time>
      </trkpt>
      <trkpt lat="46.739132" lon="-1.992168">
        <ele>6.949</ele>
        <time>2017-07-27T23:19:20Z</time>
      </trkpt>
      <trkpt lat="46.733755" lon="-1.987036">
        <ele>9.036</ele>
        <time>2017-07-27T23:19:40Z</time>
      </trkpt>
      <trkpt lat="46.733648" lon="-1.985252">
        <ele>9.193</ele>
        <time>2017-07-27T23:20:00Z</time>
      </trkpt>
      <trkpt lat="46.733366" lon="-1.984741">
        <ele>11.053</ele>
        <time>2017-07-27T23:20:20Z</time>
      </trkpt>
      <trkpt lat="46.731883" lon="-1.983324">
        <ele>12.030</ele>
        <time>2017-07-27T23:20:40Z</time>
      </trkpt>
      <trkpt lat="46.731246" lon="-1.982937">
        <ele>11.322</ele>
        <time>2017-07-27T23:21:00Z</time>
      </trkpt>
      <trkpt lat="46.729943" lon="-1.982507">
        <ele>9.449</ele>
        <time>2017-07-27T23:21:20Z</time>
      </trkpt>
      <trkpt lat="46.727380" lon="-1.981368">
        <ele>10.402</ele>
        <time>2017-07-27T23:21:40Z</time>
      </trkpt>
      <trkpt lat="46.724751" lon="-1.979515">
        <ele>9.222</ele>
        <time>2017-07-27T23:22:00Z</time>
      </trkpt>
      <trkpt lat="46.723876" lon="-1.978386">
        <ele>6.308</ele>
        <time>2017-07-27T23:22:20Z</time>
      </trkpt>
      <trkpt lat="46.723372" lon="-1.977156">
        <ele>8.995</ele>
        <time>2017-07-27T23:22:40Z</time>
      </trkpt>
      <trkpt lat="46.720561" lon="-1.972447">
        <ele>9.212</ele>
        <time>2017-07-27T23:23:00Z</time>
      </trkpt>
      <trkpt lat="46.718737" lon="-1.969003">
        <ele>15.772</ele>
        <time>2017-07-27T23:23:20Z</time>
      </trkpt>
      <trkpt lat="46.718414" lon="-1.968900">
        <ele>15.099</ele>
        <time>2017-07-27T23:23:40Z</time>
      </trkpt>
      <trkpt lat="46.718303" lon="-1.968987">
        <ele>14.916</ele>
        <time>2017-07-27T23:24:00Z</time>
      </trkpt>
      <trkpt lat="46.717630" lon="-1.970528">
        <ele>13.426</ele>
        <time>2017-07-27T23:24:20Z</time>
      </trkpt>
      <trkpt lat="46.716368" lon="-1.972313">
        <ele>11.363</ele>
        <time>2017-07-27T23:24:40Z</time>
      </trkpt>
      <trkpt lat="46.714172" lon="-1.976175">
        <ele>8.065</ele>
        <time>2017-07-27T23:25:00Z</time>
      </trkpt>
      <trkpt lat="46.712784" lon="-1.977839">
        <ele>6.053</ele>
        <time>2017-07-27T23:25:20Z</time>
      </trkpt>
      <trkpt lat="46.712092" lon="-1.979222">
        <ele>3.804</ele>
        <time>2017-07-27T23:25:40Z</time>
      </trkpt>
      <trkpt lat="46.711664" lon="-1.979568">
        <ele>5.614</ele>
        <time>2017-07-27T23:26:00Z</time>
      </trkpt>
      <trkpt lat="46.711526" lon="-1.979989">
        <ele>5.008</ele>
        <time>2017-07-27T23:26:20Z</time>
      </trkpt>
      <trkpt lat="46.710081" lon="-1.980594">
        <ele>5.326</ele>
        <time>2017-07-27T23:26:40Z</time>
      </trkpt>
      <trkpt lat="46.709679" lon="-1.980591">
        <ele>5.683</ele>
        <time>2017-07-27T23:27:00Z</time>
      </trkpt>
      <trkpt lat="46.707851" lon="-1.979065">
        <ele>7.943</ele>
        <time>2017-07-27T23:27:20Z</time>
      </trkpt>
      <trkpt lat="46.706677" lon="-1.978981">
        <ele>6.080</ele>
        <time>2017-07-27T23:27:40Z</time>
      </trkpt>
      <trkpt lat="46.705517" lon="-1.979295">
        <ele>3.257</ele>
        <time>2017-07-27T23:28:00Z</time>
      </trkpt>
      <trkpt lat="46.704600" lon="-1.978963">
        <ele>6.877</ele>
        <time>2017-07-27T23:28:20Z</time>
      </trkpt>
      <trkpt lat="46.702270" lon="-1.976602">
        <ele>13.564</ele>
        <time>2017-07-27T23:28:40Z</time>
      </trkpt>
      <trkpt lat="46.699972" lon="-1.973429">
        <ele>14.286</ele>
        <time>2017-07-27T23:29:00Z</time>
      </trkpt>
      <trkpt lat="46.697458" lon="-1.971422">
        <ele>10.716</ele>
        <time>2017-07-27T23:29:20Z</time>
      </trkpt>
      <trkpt lat="46.693623" lon="-1.967372">
        <ele>12.076</ele>
        <time>2017-07-27T23:29:40Z</time>
      </trkpt>
      <trkpt lat="46.693302" lon="-1.966644">
        <ele>11.513</ele>
        <time>2017-07-27T23:30:00Z</time>
      </trkpt>
      <trkpt lat="46.693136" lon="-1.965575">
        <ele>13.008</ele>
        <time>2017-07-27T23:30:20Z</time>
      </trkpt>
      <trkpt lat="46.693289" lon="-1.961342">
        <ele>7.942</ele>
        <time>2017-07-27T23:30:40Z</time>
      </trkpt>
      <trkpt lat="46.694120" lon="-1.960457">
        <ele>2.669</ele>
        <time>2017-07-27T23:31:00Z</time>
      </trkpt>
      <trkpt lat="46.694430" lon="-1.959810">
        <ele>3.969</ele>
        <time>2017-07-27T23:31:20Z</time>
      </trkpt>
      <trkpt lat="46.694724" lon="-1.957237">
        <ele>9.056</ele>
        <time>2017-07-27T23:31:40Z</time>
      </trkpt>
      <trkpt lat="46.695048" lon="-1.955878">
        <ele>7.713</ele>
        <time>2017-07-27T23:32:00Z</time>
      </trkpt>
      <trkpt lat="46.695527" lon="-1.954726">
        <ele>8.823</ele>
        <time>2017-07-27T23:32:20Z</time>
      </trkpt>
      <trkpt lat="46.695336" lon="-1.952543">
        <ele>7.410</ele>
        <time>2017-07-27T23:32:40Z</time>
      </trkpt>
      <trkpt lat="46.695954" lon="-1.951879">
        <ele>8.232</ele>
        <time>2017-07-27T23:33:00Z</time>
      </trkpt>
      <trkpt lat="46.696863" lon="-1.949816">
        <ele>8.322</ele>
        <time>2017-07-27T23:33:20Z</time>
      </trkpt>
      <trkpt lat="46.697525" lon="-1.948963">
        <ele>5.362</ele>
        <time>2017-07-27T23:33:40Z</time>
      </trkpt>
      <trkpt lat="46.698120" lon="-1.947312">
        <ele>4.208</ele>
        <time>2017-07-27T23:34:00Z</time>
      </trkpt>
      <trkpt lat="46.697830" lon="-1.945570">
        <ele>5.108</ele>
        <time>2017-07-27T23:34:20Z</time>
      </trkpt>
      <trkpt lat="46.697010" lon="-1.943098">
        <ele>5.163</ele>
        <time>2017-07-27T23:34:40Z</time>
      </trkpt>
      <trkpt lat="46.696572" lon="-1.940966">
        <ele>2.040</ele>
        <time>2017-07-27T23:35:00Z</time>
      </trkpt>
      <trkpt lat="46.696258" lon="-1.940267">
        <ele>3.560</ele>
        <time>2017-07-27T23:35:20Z</time>
      </trkpt>
      <trkpt lat="46.696442" lon="-1.939907">
        <ele>3.077</ele>
        <time>2017-07-27T23:35:40Z</time>
      </trkpt>
      <trkpt lat="46.696408" lon="-1.939634">
        <ele>3.084</ele>
        <time>2017-07-27T23:36:00Z</time>
      </trkpt>
      <trkpt lat="46.696112" lon="-1.939531">
        <ele>3.744</ele>
        <time>2017-07-27T23:36:20Z</time>
      </trkpt>
      <trkpt lat="46.696359" lon="-1.940785">
        <ele>2.351</ele>
        <time>2017-07-27T23:36:40Z</time>
      </trkpt>
      <trkpt lat="46.696311" lon="-1.941127">
        <ele>2.393</ele>
        <time>2017-07-27T23:37:00Z</time>
      </trkpt>
      <trkpt lat="46.696043" lon="-1.941347">
        <ele>3.022</ele>
        <time>2017-07-27T23:37:20Z</time>
      </trkpt>
      <trkpt lat="46.696071" lon="-1.941060">
        <ele>3.062</ele>
        <time>2017-07-27T23:37:40Z</time>
      </trkpt>
      <trkpt lat="46.694532" lon="-1.937803">
        <ele>3.108</ele>
        <time>2017-07-27T23:38:00Z</time>
      </trkpt>
      <trkpt lat="46.694163" lon="-1.936563">
        <ele>3.008</ele>
        <time>2017-07-27T23:38:20Z</time>
      </trkpt>
      <trkpt lat="46.694227" lon="-1.936058">
        <ele>2.193</ele>
        <time>2017-07-27T23:38:40Z</time>
      </trkpt>
      <trkpt lat="46.694432" lon="-1.935866">
        <ele>2.930</ele>
        <time>2017-07-27T23:39:00Z</time>
      </trkpt>
      <trkpt lat="46.695092" lon="-1.935728">
        <ele>3.410</ele>
        <time>2017-07-27T23:39:20Z</time>
      </trkpt>
      <trkpt lat="46.695649" lon="-1.935887">
        <ele>3.537</ele>
        <time>2017-07-27T23:39:40Z</time>
      </trkpt>
      <trkpt lat="46.695967" lon="-1.935759">
        <ele>3.324</ele>
        <time>2017-07-27T23:40:00Z</time>
      </trkpt>
      <trkpt lat="46.696208" lon="-1.934467">
        <ele>3.984</ele>
        <time>2017-07-27T23:40:20Z</time>
      </trkpt>
      <trkpt lat="46.696104" lon="-1.934230">
        <ele>4.831</ele>
        <time>2017-07-27T23:40:40Z</time>
      </trkpt>
      <trkpt lat="46.694154" lon="-1.933411">
        <ele>3.033</ele>
        <time>2017-07-27T23:41:00Z</time>
      </trkpt>
      <trkpt lat="46.693822" lon="-1.933489">
        <ele>3.068</ele>
        <time>2017-07-27T23:41:20Z</time>
      </trkpt>
      <trkpt lat="46.693104" lon="-1.933235">
        <ele>3.942</ele>
        <time>2017-07-27T23:41:40Z</time>
      </trkpt>
      <trkpt lat="46.691692" lon="-1.933108">
        <ele>2.326</ele>
        <time>2017-07-27T23:42:00Z</time>
      </trkpt>
      <trkpt lat="46.691070" lon="-1.932069">
        <ele>1.608</ele>
        <time>2017-07-27T23:42:20Z</time>
      </trkpt>
      <trkpt lat="46.690638" lon="-1.931648">
        <ele>2.147</ele>
        <time>2017-07-27T23:42:40Z</time>
      </trkpt>
      <trkpt lat="46.689279" lon="-1.931725">
        <ele>1.644</ele>
        <time>2017-07-27T23:43:00Z</time>
      </trkpt>
      <trkpt lat="46.688089" lon="-1.932447">
        <ele>3.134</ele>
        <time>2017-07-27T23:43:20Z</time>
      </trkpt>
      <trkpt lat="46.686831" lon="-1.932176">
        <ele>3.061</ele>
        <time>2017-07-27T23:43:40Z</time>
      </trkpt>
      <trkpt lat="46.685957" lon="-1.931616">
        <ele>3.068</ele>
        <time>2017-07-27T23:44:00Z</time>
      </trkpt>
      <trkpt lat="46.684485" lon="-1.930168">
        <ele>2.968</ele>
        <time>2017-07-27T23:44:20Z</time>
      </trkpt>
      <trkpt lat="46.681978" lon="-1.926621">
        <ele>3.325</ele>
        <time>2017-07-27T23:44:40Z</time>
      </trkpt>
      <trkpt lat="46.681105" lon="-1.925157">
        <ele>8.057</ele>
        <time>2017-07-27T23:45:00Z</time>
      </trkpt>
      <trkpt lat="46.680511" lon="-1.923758">
        <ele>5.469</ele>
        <time>2017-07-27T23:45:20Z</time>
      </trkpt>
      <trkpt lat="46.679491" lon="-1.922584">
        <ele>3.104</ele>
        <time>2017-07-27T23:45:40Z</time>
      </trkpt>
      <trkpt lat="46.678713" lon="-1.922060">
        <ele>3.324</ele>
        <time>2017-07-27T23:46:00Z</time>
      </trkpt>
      <trkpt lat="46.678414" lon="-1.921623">
        <ele>2.808</ele>
        <time>2017-07-27T23:46:20Z</time>
      </trkpt>
      <trkpt lat="46.678112" lon="-1.920511">
        <ele>2.887</ele>
        <time>2017-07-27T23:46:40Z</time>
      </trkpt>
      <trkpt lat="46.676012" lon="-1.916791">
        <ele>4.444</ele>
        <time>2017-07-27T23:47:00Z</time>
      </trkpt>
      <trkpt lat="46.674821" lon="-1.914121">
        <ele>3.184</ele>
        <time>2017-07-27T23:47:20Z</time>
      </trkpt>
      <trkpt lat="46.673976" lon="-1.912866">
        <ele>3.811</ele>
        <time>2017-07-27T23:47:40Z</time>
      </trkpt>
      <trkpt lat="46.672782" lon="-1.910177">
        <ele>3.668</ele>
        <time>2017-07-27T23:48:00Z</time>
      </trkpt>
      <trkpt lat="46.671466" lon="-1.908089">
        <ele>2.738</ele>
        <time>2017-07-27T23:48:20Z</time>
      </trkpt>
      <trkpt lat="46.671646" lon="-1.907658">
        <ele>3.445</ele>
        <time>2017-07-27T23:48:40Z</time>
      </trkpt>
      <trkpt lat="46.671594" lon="-1.907036">
        <ele>4.927</ele>
        <time>2017-07-27T23:49:00Z</time>
      </trkpt>
      <trkpt lat="46.671622" lon="-1.907819">
        <ele>2.933</ele>
        <time>2017-07-27T23:49:20Z</time>
      </trkpt>
      <trkpt lat="46.670986" lon="-1.908688">
        <ele>5.723</ele>
        <time>2017-07-27T23:49:40Z</time>
      </trkpt>
      <trkpt lat="46.670008" lon="-1.908309">
        <ele>6.815</ele>
        <time>2017-07-27T23:50:00Z</time>
      </trkpt>
      <trkpt lat="46.669485" lon="-1.908304">
        <ele>6.008</ele>
        <time>2017-07-27T23:50:20Z</time>
      </trkpt>
      <trkpt lat="46.669002" lon="-1.908523">
        <ele>5.724</ele>
        <time>2017-07-27T23:50:40Z</time>
      </trkpt>
      <trkpt lat="46.667574" lon="-1.909621">
        <ele>6.141</ele>
        <time>2017-07-27T23:51:00Z</time>
      </trkpt>
      <trkpt lat="46.667318" lon="-1.910676">
        <ele>6.061</ele>
        <time>2017-07-27T23:51:20Z</time>
      </trkpt>
      <trkpt lat="46.666851" lon="-1.911035">
        <ele>5.718</ele>
        <time>2017-07-27T23:51:40Z</time>
      </trkpt>
      <trkpt lat="46.666684" lon="-1.910767">
        <ele>5.055</ele>
        <time>2017-07-27T23:52:00Z</time>
      </trkpt>
      <trkpt lat="46.666693" lon="-1.910165">
        <ele>6.515</ele>
        <time>2017-07-27T23:52:20Z</time>
      </trkpt>
      <trkpt lat="46.666985" lon="-1.908921">
        <ele>7.622</ele>
        <time>2017-07-27T23:52:40Z</time>
      </trkpt>
      <trkpt lat="46.667027" lon="-1.907630">
        <ele>6.154</ele>
        <time>2017-07-27T23:53:00Z</time>
      </trkpt>
      <trkpt lat="46.666642" lon="-1.906293">
        <ele>7.759</ele>
        <time>2017-07-27T23:53:20Z</time>
      </trkpt>
      <trkpt lat="46.665715" lon="-1.906043">
        <ele>9.103</ele>
        <time>2017-07-27T23:53:40Z</time>
      </trkpt>
      <trkpt lat="46.665247" lon="-1.906185">
        <ele>9.223</ele>
        <time>2017-07-27T23:54:00Z</time>
      </trkpt>
      <trkpt lat="46.664540" lon="-1.905923">
        <ele>6.808</ele>
        <time>2017-07-27T23:54:20Z</time>
      </trkpt>
      <trkpt lat="46.663548" lon="-1.906384">
        <ele>3.066</ele>
        <time>2017-07-27T23:54:40Z</time>
      </trkpt>
      <trkpt lat="46.661444" lon="-1.905938">
        <ele>5.173</ele>
        <time>2017-07-27T23:55:00Z</time>
      </trkpt>
      <trkpt lat="46.661176" lon="-1.905524">
        <ele>3.533</ele>
        <time>2017-07-27T23:55:20Z</time>
      </trkpt>
      <trkpt lat="46.660899" lon="-1.904388">
        <ele>3.280</ele>
        <time>2017-07-27T23:55:40Z</time>
      </trkpt>
      <trkpt lat="46.660815" lon="-1.903029">
        <ele>8.147</ele>
        <time>2017-07-27T23:56:00Z</time>
      </trkpt>
      <trkpt lat="46.661240" lon="-1.901377">
        <ele>7.527</ele>
        <time>2017-07-27T23:56:20Z</time>
      </trkpt>
      <trkpt lat="46.660750" lon="-1.900159">
        <ele>9.074</ele>
        <time>2017-07-27T23:56:40Z</time>
      </trkpt>
      <trkpt lat="46.659998" lon="-1.899559">
        <ele>9.236</ele>
        <time>2017-07-27T23:57:00Z</time>
      </trkpt>
      <trkpt lat="46.657653" lon="-1.898224">
        <ele>9.054</ele>
        <time>2017-07-27T23:57:20Z</time>
      </trkpt>
      <trkpt lat="46.654647" lon="-1.896201">
        <ele>7.556</ele>
        <time>2017-07-27T23:57:40Z</time>
      </trkpt>
      <trkpt lat="46.654469" lon="-1.896140">
        <ele>7.111</ele>
        <time>2017-07-27T23:58:00Z</time>
      </trkpt>
      <trkpt lat="46.654196" lon="-1.896389">
        <ele>7.008</ele>
        <time>2017-07-27T23:58:20Z</time>
      </trkpt>
      <trkpt lat="46.653767" lon="-1.897013">
        <ele>9.316</ele>
        <time>2017-07-27T23:58:40Z</time>
      </trkpt>
      <trkpt lat="46.653069" lon="-1.897667">
        <ele>7.423</ele>
        <time>2017-07-27T23:59:00Z</time>
      </trkpt>
      <trkpt lat="46.652270" lon="-1.897038">
        <ele>9.253</ele>
        <time>2017-07-27T23:59:20Z</time>
      </trkpt>
      <trkpt lat="46.651370" lon="-1.897631">
        <ele>12.060</ele>
        <time>2017-07-27T23:59:40Z</time>
      </trkpt>
      <trkpt lat="46.650581" lon="-1.896939">
        <ele>11.077</ele>
        <time>2017-07-28T00:00:00Z</time>
      </trkpt>
      <trkpt lat="46.649986" lon="-1.895953">
        <ele>14.047</ele>
        <time>2017-07-28T00:00:20Z</time>
      </trkpt>
      <trkpt lat="46.649031" lon="-1.893197">
        <ele>17.024</ele>
        <time>2017-07-28T00:00:40Z</time>
      </trkpt>
      <trkpt lat="46.648389" lon="-1.893494">
        <ele>17.226</ele>
        <time>2017-07-28T00:01:00Z</time>
      </trkpt>
      <trkpt lat="46.647692" lon="-1.894490">
        <ele>17.473</ele>
        <time>2017-07-28T00:01:20Z</time>
      </trkpt>
      <trkpt lat="46.646748" lon="-1.894167">
        <ele>18.785</ele>
        <time>2017-07-28T00:01:40Z</time>
      </trkpt>
      <trkpt lat="46.646190" lon="-1.893610">
        <ele>18.313</ele>
        <time>2017-07-28T00:02:00Z</time>
      </trkpt>
      <trkpt lat="46.645568" lon="-1.893367">
        <ele>18.008</ele>
        <time>2017-07-28T00:02:20Z</time>
      </trkpt>
      <trkpt lat="46.645054" lon="-1.893705">
        <ele>19.048</ele>
        <time>2017-07-28T00:02:40Z</time>
      </trkpt>
      <trkpt lat="46.644446" lon="-1.893864">
        <ele>17.035</ele>
        <time>2017-07-28T00:03:00Z</time>
      </trkpt>
      <trkpt lat="46.643984" lon="-1.893504">
        <ele>16.665</ele>
        <time>2017-07-28T00:03:20Z</time>
      </trkpt>
      <trkpt lat="46.643152" lon="-1.893671">
        <ele>14.912</ele>
        <time>2017-07-28T00:03:40Z</time>
      </trkpt>
      <trkpt lat="46.642688" lon="-1.894732">
        <ele>12.779</ele>
        <time>2017-07-28T00:04:00Z</time>
      </trkpt>
      <trkpt lat="46.640873" lon="-1.894169">
        <ele>9.459</ele>
        <time>2017-07-28T00:04:20Z</time>
      </trkpt>
      <trkpt lat="46.639579" lon="-1.894399">
        <ele>4.686</ele>
        <time>2017-07-28T00:04:40Z</time>
      </trkpt>
      <trkpt lat="46.638999" lon="-1.894196">
        <ele>4.888</ele>
        <time>2017-07-28T00:05:00Z</time>
      </trkpt>
      <trkpt lat="46.637792" lon="-1.892456">
        <ele>8.251</ele>
        <time>2017-07-28T00:05:20Z</time>
      </trkpt>
      <trkpt lat="46.635285" lon="-1.890575">
        <ele>5.001</ele>
        <time>2017-07-28T00:05:40Z</time>
      </trkpt>
      <trkpt lat="46.633996" lon="-1.887599">
        <ele>6.111</ele>
        <time>2017-07-28T00:06:00Z</time>
      </trkpt>
      <trkpt lat="46.633169" lon="-1.886785">
        <ele>6.208</ele>
        <time>2017-07-28T00:06:20Z</time>
      </trkpt>
      <trkpt lat="46.631937" lon="-1.884764">
        <ele>4.696</ele>
        <time>2017-07-28T00:06:40Z</time>
      </trkpt>
      <trkpt lat="46.631648" lon="-1.884128">
        <ele>4.143</ele>
        <time>2017-07-28T00:07:00Z</time>
      </trkpt>
      <trkpt lat="46.631617" lon="-1.882415">
        <ele>6.353</ele>
        <time>2017-07-28T00:07:20Z</time>
      </trkpt>
      <trkpt lat="46.631318" lon="-1.882036">
        <ele>5.210</ele>
        <time>2017-07-28T00:07:40Z</time>
      </trkpt>
      <trkpt lat="46.631191" lon="-1.880854">
        <ele>11.497</ele>
        <time>2017-07-28T00:08:00Z</time>
      </trkpt>
      <trkpt lat="46.630512" lon="-1.879948">
        <ele>10.497</ele>
        <time>2017-07-28T00:08:20Z</time>
      </trkpt>
      <trkpt lat="46.629832" lon="-1.877735">
        <ele>8.564</ele>
        <time>2017-07-28T00:08:40Z</time>
      </trkpt>
      <trkpt lat="46.629542" lon="-1.877186">
        <ele>10.096</ele>
        <time>2017-07-28T00:09:00Z</time>
      </trkpt>
      <trkpt lat="46.629320" lon="-1.877115">
        <ele>8.026</ele>
        <time>2017-07-28T00:09:20Z</time>
      </trkpt>
      <trkpt lat="46.628893" lon="-1.876531">
        <ele>5.147</ele>
        <time>2017-07-28T00:09:40Z</time>
      </trkpt>
      <trkpt lat="46.628897" lon="-1.876039">
        <ele>7.111</ele>
        <time>2017-07-28T00:10:00Z</time>
      </trkpt>
      <trkpt lat="46.628370" lon="-1.875090">
        <ele>8.708</ele>
        <time>2017-07-28T00:10:20Z</time>
      </trkpt>
      <trkpt lat="46.627246" lon="-1.874384">
        <ele>9.183</ele>
        <time>2017-07-28T00:10:40Z</time>
      </trkpt>
      <trkpt lat="46.626836" lon="-1.873851">
        <ele>7.020</ele>
        <time>2017-07-28T00:11:00Z</time>
      </trkpt>
      <trkpt lat="46.626204" lon="-1.873584">
        <ele>6.710</ele>
        <time>2017-07-28T00:11:20Z</time>
      </trkpt>
      <trkpt lat="46.626210" lon="-1.873384">
        <ele>6.687</ele>
        <time>2017-07-28T00:11:40Z</time>
      </trkpt>
      <trkpt lat="46.626587" lon="-1.873223">
        <ele>6.074</ele>
        <time>2017-07-28T00:12:00Z</time>
      </trkpt>
      <trkpt lat="46.626145" lon="-1.873643">
        <ele>6.934</ele>
        <time>2017-07-28T00:12:20Z</time>
      </trkpt>
      <trkpt lat="46.625724" lon="-1.873748">
        <ele>7.091</ele>
        <time>2017-07-28T00:12:40Z</time>
      </trkpt>
      <trkpt lat="46.624335" lon="-1.873690">
        <ele>8.373</ele>
        <time>2017-07-28T00:13:00Z</time>
      </trkpt>
      <trkpt lat="46.622895" lon="-1.873120">
        <ele>6.736</ele>
        <time>2017-07-28T00:13:20Z</time>
      </trkpt>
      <trkpt lat="46.621464" lon="-1.872181">
        <ele>8.017</ele>
        <time>2017-07-28T00:13:40Z</time>
      </trkpt>
      <trkpt lat="46.621179" lon="-1.872158">
        <ele>6.718</ele>
        <time>2017-07-28T00:14:00Z</time>
      </trkpt>
      <trkpt lat="46.620386" lon="-1.872498">
        <ele>6.408</ele>
        <time>2017-07-28T00:14:20Z</time>
      </trkpt>
      <trkpt lat="46.618905" lon="-1.871679">
        <ele>5.934</ele>
        <time>2017-07-28T00:14:40Z</time>
      </trkpt>
      <trkpt lat="46.618354" lon="-1.871014">
        <ele>6.481</ele>
        <time>2017-07-28T00:15:00Z</time>
      </trkpt>
      <trkpt lat="46.618027" lon="-1.870942">
        <ele>4.531</ele>
        <time>2017-07-28T00:15:20Z</time>
      </trkpt>
      <trkpt lat="46.617508" lon="-1.870431">
        <ele>5.068</ele>
        <time>2017-07-28T00:15:40Z</time>
      </trkpt>
      <trkpt lat="46.616534" lon="-1.868804">
        <ele>3.755</ele>
        <time>2017-07-28T00:16:00Z</time>
      </trkpt>
      <trkpt lat="46.616087" lon="-1.866598">
        <ele>2.745</ele>
        <time>2017-07-28T00:16:20Z</time>
      </trkpt>
      <trkpt lat="46.616057" lon="-1.864802">
        <ele>6.772</ele>
        <time>2017-07-28T00:16:40Z</time>
      </trkpt>
      <trkpt lat="46.616203" lon="-1.864569">
        <ele>7.394</ele>
        <time>2017-07-28T00:17:00Z</time>
      </trkpt>
      <trkpt lat="46.615838" lon="-1.863830">
        <ele>5.269</ele>
        <time>2017-07-28T00:17:20Z</time>
      </trkpt>
      <trkpt lat="46.616343" lon="-1.863444">
        <ele>7.804</ele>
        <time>2017-07-28T00:17:40Z</time>
      </trkpt>
      <trkpt lat="46.616348" lon="-1.863308">
        <ele>7.924</ele>
        <time>2017-07-28T00:18:00Z</time>
      </trkpt>
      <trkpt lat="46.616013" lon="-1.862086">
        <ele>7.508</ele>
        <time>2017-07-28T00:18:20Z</time>
      </trkpt>
      <trkpt lat="46.615815" lon="-1.861925">
        <ele>7.047</ele>
        <time>2017-07-28T00:18:40Z</time>
      </trkpt>
      <trkpt lat="46.615499" lon="-1.861983">
        <ele>7.314</ele>
        <time>2017-07-28T00:19:00Z</time>
      </trkpt>
      <trkpt lat="46.615312" lon="-1.861638">
        <ele>7.824</ele>
        <time>2017-07-28T00:19:20Z</time>
      </trkpt>
      <trkpt lat="46.614853" lon="-1.861744">
        <ele>9.191</ele>
        <time>2017-07-28T00:19:40Z</time>
      </trkpt>
      <trkpt lat="46.614768" lon="-1.861641">
        <ele>8.958</ele>
        <time>2017-07-28T00:20:00Z</time>
      </trkpt>
      <trkpt lat="46.614408" lon="-1.859907">
        <ele>3.158</ele>
        <time>2017-07-28T00:20:20Z</time>
      </trkpt>
      <trkpt lat="46.613923" lon="-1.860717">
        <ele>5.565</ele>
        <time>2017-07-28T00:20:40Z</time>
      </trkpt>
      <trkpt lat="46.613502" lon="-1.860957">
        <ele>5.627</ele>
        <time>2017-07-28T00:21:00Z</time>
      </trkpt>
      <trkpt lat="46.613389" lon="-1.860636">
        <ele>5.879</ele>
        <time>2017-07-28T00:21:20Z</time>
      </trkpt>
      <trkpt lat="46.612971" lon="-1.860497">
        <ele>5.905</ele>
        <time>2017-07-28T00:21:40Z</time>
      </trkpt>
      <trkpt lat="46.612603" lon="-1.859726">
        <ele>7.325</ele>
        <time>2017-07-28T00:22:00Z</time>
      </trkpt>
      <trkpt lat="46.611720" lon="-1.855512">
        <ele>14.008</ele>
        <time>2017-07-28T00:22:20Z</time>
      </trkpt>
      <trkpt lat="46.611433" lon="-1.855357">
        <ele>13.248</ele>
        <time>2017-07-28T00:22:40Z</time>
      </trkpt>
      <trkpt lat="46.610817" lon="-1.854619">
        <ele>13.435</ele>
        <time>2017-07-28T00:23:00Z</time>
      </trkpt>
      <trkpt lat="46.608976" lon="-1.853703">
        <ele>11.835</ele>
        <time>2017-07-28T00:23:20Z</time>
      </trkpt>
      <trkpt lat="46.607621" lon="-1.852465">
        <ele>10.422</ele>
        <time>2017-07-28T00:23:40Z</time>
      </trkpt>
      <trkpt lat="46.602634" lon="-1.850181">
        <ele>5.539</ele>
        <time>2017-07-28T00:24:00Z</time>
      </trkpt>
      <trkpt lat="46.602212" lon="-1.849857">
        <ele>5.089</ele>
        <time>2017-07-28T00:24:20Z</time>
      </trkpt>
      <trkpt lat="46.602290" lon="-1.849302">
        <ele>2.086</ele>
        <time>2017-07-28T00:24:40Z</time>
      </trkpt>
      <trkpt lat="46.602737" lon="-1.849386">
        <ele>2.968</ele>
        <time>2017-07-28T00:25:00Z</time>
      </trkpt>
      <trkpt lat="46.602796" lon="-1.849270">
        <ele>3.153</ele>
        <time>2017-07-28T00:25:20Z</time>
      </trkpt>
      <trkpt lat="46.603103" lon="-1.847180">
        <ele>6.004</ele>
        <time>2017-07-28T00:25:40Z</time>
      </trkpt>
      <trkpt lat="46.603544" lon="-1.845637">
        <ele>5.014</ele>
        <time>2017-07-28T00:26:00Z</time>
      </trkpt>
      <trkpt lat="46.603528" lon="-1.844852">
        <ele>5.008</ele>
        <time>2017-07-28T00:26:20Z</time>
      </trkpt>
      <trkpt lat="46.602423" lon="-1.844900">
        <ele>7.616</ele>
        <time>2017-07-28T00:26:40Z</time>
      </trkpt>
      <trkpt lat="46.600894" lon="-1.844403">
        <ele>10.973</ele>
        <time>2017-07-28T00:27:00Z</time>
      </trkpt>
      <trkpt lat="46.600087" lon="-1.844296">
        <ele>6.893</ele>
        <time>2017-07-28T00:27:20Z</time>
      </trkpt>
      <trkpt lat="46.599191" lon="-1.844383">
        <ele>4.110</ele>
        <time>2017-07-28T00:27:40Z</time>
      </trkpt>
      <trkpt lat="46.598737" lon="-1.844734">
        <ele>3.587</ele>
        <time>2017-07-28T00:28:00Z</time>
      </trkpt>
      <trkpt lat="46.598187" lon="-1.844453">
        <ele>2.577</ele>
        <time>2017-07-28T00:28:20Z</time>
      </trkpt>
      <trkpt lat="46.597624" lon="-1.842894">
        <ele>2.494</ele>
        <time>2017-07-28T00:28:40Z</time>
      </trkpt>
      <trkpt lat="46.596553" lon="-1.840605">
        <ele>2.666</ele>
        <time>2017-07-28T00:29:00Z</time>
      </trkpt>
      <trkpt lat="46.596216" lon="-1.839102">
        <ele>2.983</ele>
        <time>2017-07-28T00:29:20Z</time>
      </trkpt>
      <trkpt lat="46.595660" lon="-1.838056">
        <ele>1.625</ele>
        <time>2017-07-28T00:29:40Z</time>
      </trkpt>
      <trkpt lat="46.595524" lon="-1.834409">
        <ele>0.117</ele>
        <time>2017-07-28T00:30:00Z</time>
      </trkpt>
      <trkpt lat="46.595717" lon="-1.832952">
        <ele>4.808</ele>
        <time>2017-07-28T00:30:20Z</time>
      </trkpt>
      <trkpt lat="46.594353" lon="-1.833776">
        <ele>1.019</ele>
        <time>2017-07-28T00:30:40Z</time>
      </trkpt>
      <trkpt lat="46.592885" lon="-1.833301">
        <ele>1.576</ele>
        <time>2017-07-28T00:31:00Z</time>
      </trkpt>
      <trkpt lat="46.592509" lon="-1.835020">
        <ele>3.016</ele>
        <time>2017-07-28T00:31:20Z</time>
      </trkpt>
      <trkpt lat="46.592354" lon="-1.835211">
        <ele>3.023</ele>
        <time>2017-07-28T00:31:40Z</time>
      </trkpt>
      <trkpt lat="46.591804" lon="-1.835337">
        <ele>3.070</ele>
        <time>2017-07-28T00:32:00Z</time>
      </trkpt>
      <trkpt lat="46.591443" lon="-1.835740">
        <ele>2.940</ele>
        <time>2017-07-28T00:32:20Z</time>
      </trkpt>
      <trkpt lat="46.590595" lon="-1.837251">
        <ele>2.997</ele>
        <time>2017-07-28T00:32:40Z</time>
      </trkpt>
      <trkpt lat="46.590222" lon="-1.837638">
        <ele>2.579</ele>
        <time>2017-07-28T00:33:00Z</time>
      </trkpt>
      <trkpt lat="46.586431" lon="-1.839044">
        <ele>7.391</ele>
        <time>2017-07-28T00:33:20Z</time>
      </trkpt>
      <trkpt lat="46.585454" lon="-1.839601">
        <ele>8.881</ele>
        <time>2017-07-28T00:33:40Z</time>
      </trkpt>
      <trkpt lat="46.585032" lon="-1.839498">
        <ele>9.819</ele>
        <time>2017-07-28T00:34:00Z</time>
      </trkpt>
      <trkpt lat="46.584418" lon="-1.839051">
        <ele>14.008</ele>
        <time>2017-07-28T00:34:20Z</time>
      </trkpt>
      <trkpt lat="46.584074" lon="-1.838690">
        <ele>14.050</ele>
        <time>2017-07-28T00:34:40Z</time>
      </trkpt>
      <trkpt lat="46.583687" lon="-1.837914">
        <ele>13.097</ele>
        <time>2017-07-28T00:35:00Z</time>
      </trkpt>
      <trkpt lat="46.583381" lon="-1.837721">
        <ele>13.047</ele>
        <time>2017-07-28T00:35:20Z</time>
      </trkpt>
      <trkpt lat="46.582965" lon="-1.837654">
        <ele>12.714</ele>
        <time>2017-07-28T00:35:40Z</time>
      </trkpt>
      <trkpt lat="46.582727" lon="-1.837809">
        <ele>12.131</ele>
        <time>2017-07-28T00:36:00Z</time>
      </trkpt>
      <trkpt lat="46.582309" lon="-1.837362">
        <ele>12.051</ele>
        <time>2017-07-28T00:36:20Z</time>
      </trkpt>
      <trkpt lat="46.581610" lon="-1.837159">
        <ele>12.628</ele>
        <time>2017-07-28T00:36:40Z</time>
      </trkpt>
      <trkpt lat="46.581056" lon="-1.837300">
        <ele>16.270</ele>
        <time>2017-07-28T00:37:00Z</time>
      </trkpt>
      <trkpt lat="46.580652" lon="-1.836781">
        <ele>17.078</ele>
        <time>2017-07-28T00:37:20Z</time>
      </trkpt>
      <trkpt lat="46.580194" lon="-1.834970">
        <ele>18.033</ele>
        <time>2017-07-28T00:37:40Z</time>
      </trkpt>
      <trkpt lat="46.579558" lon="-1.833807">
        <ele>17.526</ele>
        <time>2017-07-28T00:38:00Z</time>
      </trkpt>
      <trkpt lat="46.579095" lon="-1.832364">
        <ele>13.408</ele>
        <time>2017-07-28T00:38:20Z</time>
      </trkpt>
      <trkpt lat="46.578459" lon="-1.831352">
        <ele>13.138</ele>
        <time>2017-07-28T00:38:40Z</time>
      </trkpt>
      <trkpt lat="46.578459" lon="-1.829966">
        <ele>15.485</ele>
        <time>2017-07-28T00:39:00Z</time>
      </trkpt>
      <trkpt lat="46.577723" lon="-1.826092">
        <ele>16.255</ele>
        <time>2017-07-28T00:39:20Z</time>
      </trkpt>
      <trkpt lat="46.577437" lon="-1.825297">
        <ele>17.082</ele>
        <time>2017-07-28T00:39:40Z</time>
      </trkpt>
      <trkpt lat="46.576867" lon="-1.825109">
        <ele>15.729</ele>
        <time>2017-07-28T00:40:00Z</time>
      </trkpt>
      <trkpt lat="46.576457" lon="-1.824724">
        <ele>15.049</ele>
        <time>2017-07-28T00:40:20Z</time>
      </trkpt>
      <trkpt lat="46.576206" lon="-1.823518">
        <ele>13.876</ele>
        <time>2017-07-28T00:40:40Z</time>
      </trkpt>
      <trkpt lat="46.576414" lon="-1.822684">
        <ele>10.388</ele>
        <time>2017-07-28T00:41:00Z</time>
      </trkpt>
      <trkpt lat="46.574319" lon="-1.821710">
        <ele>12.075</ele>
        <time>2017-07-28T00:41:20Z</time>
      </trkpt>
      <trkpt lat="46.573529" lon="-1.821097">
        <ele>10.328</ele>
        <time>2017-07-28T00:41:40Z</time>
      </trkpt>
      <trkpt lat="46.572611" lon="-1.821304">
        <ele>9.020</ele>
        <time>2017-07-28T00:42:00Z</time>
      </trkpt>
      <trkpt lat="46.572287" lon="-1.821228">
        <ele>11.308</ele>
        <time>2017-07-28T00:42:20Z</time>
      </trkpt>
      <trkpt lat="46.571712" lon="-1.819315">
        <ele>8.998</ele>
        <time>2017-07-28T00:42:40Z</time>
      </trkpt>
      <trkpt lat="46.571398" lon="-1.818863">
        <ele>11.695</ele>
        <time>2017-07-28T00:43:00Z</time>
      </trkpt>
      <trkpt lat="46.570904" lon="-1.818671">
        <ele>13.035</ele>
        <time>2017-07-28T00:43:20Z</time>
      </trkpt>
      <trkpt lat="46.570312" lon="-1.818586">
        <ele>11.122</ele>
        <time>2017-07-28T00:43:40Z</time>
      </trkpt>
      <trkpt lat="46.569920" lon="-1.818774">
        <ele>5.039</ele>
        <time>2017-07-28T00:44:00Z</time>
      </trkpt>
      <trkpt lat="46.569685" lon="-1.819055">
        <ele>4.579</ele>
        <time>2017-07-28T00:44:20Z</time>
      </trkpt>
      <trkpt lat="46.569207" lon="-1.820340">
        <ele>9.666</ele>
        <time>2017-07-28T00:44:40Z</time>
      </trkpt>
      <trkpt lat="46.569026" lon="-1.820424">
        <ele>11.458</ele>
        <time>2017-07-28T00:45:00Z</time>
      </trkpt>
      <trkpt lat="46.568695" lon="-1.820204">
        <ele>12.777</ele>
        <time>2017-07-28T00:45:20Z</time>
      </trkpt>
      <trkpt lat="46.568490" lon="-1.819829">
        <ele>12.061</ele>
        <time>2017-07-28T00:45:40Z</time>
      </trkpt>
      <trkpt lat="46.568426" lon="-1.818567">
        <ele>10.727</ele>
        <time>2017-07-28T00:46:00Z</time>
      </trkpt>
      <trkpt lat="46.568214" lon="-1.818065">
        <ele>10.308</ele>
        <time>2017-07-28T00:46:20Z</time>
      </trkpt>
      <trkpt lat="46.566814" lon="-1.816221">
        <ele>8.328</ele>
        <time>2017-07-28T00:46:40Z</time>
      </trkpt>
      <trkpt lat="46.565859" lon="-1.813698">
        <ele>8.315</ele>
        <time>2017-07-28T00:47:00Z</time>
      </trkpt>
      <trkpt lat="46.565163" lon="-1.813050">
        <ele>12.885</ele>
        <time>2017-07-28T00:47:20Z</time>
      </trkpt>
      <trkpt lat="46.564054" lon="-1.811633">
        <ele>11.122</ele>
        <time>2017-07-28T00:47:40Z</time>
      </trkpt>
      <trkpt lat="46.563291" lon="-1.809924">
        <ele>11.939</ele>
        <time>2017-07-28T00:48:00Z</time>
      </trkpt>
      <trkpt lat="46.561878" lon="-1.810000">
        <ele>8.319</ele>
        <time>2017-07-28T00:48:20Z</time>
      </trkpt>
      <trkpt lat="46.561500" lon="-1.810731">
        <ele>10.716</ele>
        <time>2017-07-28T00:48:40Z</time>
      </trkpt>
      <trkpt lat="46.561359" lon="-1.810765">
        <ele>10.048</ele>
        <time>2017-07-28T00:49:00Z</time>
      </trkpt>
      <trkpt lat="46.560360" lon="-1.809789">
        <ele>4.328</ele>
        <time>2017-07-28T00:49:20Z</time>
      </trkpt>
      <trkpt lat="46.558518" lon="-1.808687">
        <ele>5.389</ele>
        <time>2017-07-28T00:49:40Z</time>
      </trkpt>
      <trkpt lat="46.557706" lon="-1.808769">
        <ele>5.617</ele>
        <time>2017-07-28T00:50:00Z</time>
      </trkpt>
      <trkpt lat="46.556566" lon="-1.810795">
        <ele>6.908</ele>
        <time>2017-07-28T00:50:20Z</time>
      </trkpt>
      <trkpt lat="46.556484" lon="-1.811361">
        <ele>8.353</ele>
        <time>2017-07-28T00:50:40Z</time>
      </trkpt>
      <trkpt lat="46.555864" lon="-1.812512">
        <ele>7.240</ele>
        <time>2017-07-28T00:51:00Z</time>
      </trkpt>
      <trkpt lat="46.555866" lon="-1.812794">
        <ele>7.150</ele>
        <time>2017-07-28T00:51:20Z</time>
      </trkpt>
      <trkpt lat="46.556281" lon="-1.813362">
        <ele>10.037</ele>
        <time>2017-07-28T00:51:40Z</time>
      </trkpt>
      <trkpt lat="46.556330" lon="-1.813653">
        <ele>12.024</ele>
        <time>2017-07-28T00:52:00Z</time>
      </trkpt>
      <trkpt lat="46.555885" lon="-1.815151">
        <ele>14.934</ele>
        <time>2017-07-28T00:52:20Z</time>
      </trkpt>
      <trkpt lat="46.555597" lon="-1.815702">
        <ele>15.161</ele>
        <time>2017-07-28T00:52:40Z</time>
      </trkpt>
      <trkpt lat="46.554899" lon="-1.816260">
        <ele>13.963</ele>
        <time>2017-07-28T00:53:00Z</time>
      </trkpt>
      <trkpt lat="46.554289" lon="-1.814876">
        <ele>4.625</ele>
        <time>2017-07-28T00:53:20Z</time>
      </trkpt>
      <trkpt lat="46.553376" lon="-1.813483">
        <ele>3.226</ele>
        <time>2017-07-28T00:53:40Z</time>
      </trkpt>
      <trkpt lat="46.552947" lon="-1.812279">
        <ele>4.008</ele>
        <time>2017-07-28T00:54:00Z</time>
      </trkpt>
      <trkpt lat="46.551867" lon="-1.811477">
        <ele>4.908</ele>
        <time>2017-07-28T00:54:20Z</time>
      </trkpt>
      <trkpt lat="46.550507" lon="-1.809945">
        <ele>3.473</ele>
        <time>2017-07-28T00:54:40Z</time>
      </trkpt>
      <trkpt lat="46.550316" lon="-1.809919">
        <ele>4.280</ele>
        <time>2017-07-28T00:55:00Z</time>
      </trkpt>
      <trkpt lat="46.550018" lon="-1.810349">
        <ele>4.230</ele>
        <time>2017-07-28T00:55:20Z</time>
      </trkpt>
      <trkpt lat="46.549837" lon="-1.810376">
        <ele>4.157</ele>
        <time>2017-07-28T00:55:40Z</time>
      </trkpt>
      <trkpt lat="46.548287" lon="-1.808904">
        <ele>6.024</ele>
        <time>2017-07-28T00:56:00Z</time>
      </trkpt>
      <trkpt lat="46.547225" lon="-1.811046">
        <ele>11.534</ele>
        <time>2017-07-28T00:56:20Z</time>
      </trkpt>
      <trkpt lat="46.546374" lon="-1.810805">
        <ele>10.091</ele>
        <time>2017-07-28T00:56:40Z</time>
      </trkpt>
      <trkpt lat="46.545506" lon="-1.810023">
        <ele>6.413</ele>
        <time>2017-07-28T00:57:00Z</time>
      </trkpt>
      <trkpt lat="46.545251" lon="-1.810269">
        <ele>9.855</ele>
        <time>2017-07-28T00:57:20Z</time>
      </trkpt>
      <trkpt lat="46.544172" lon="-1.810363">
        <ele>8.307</ele>
        <time>2017-07-28T00:57:40Z</time>
      </trkpt>
      <trkpt lat="46.543684" lon="-1.809155">
        <ele>2.017</ele>
        <time>2017-07-28T00:58:00Z</time>
      </trkpt>
      <trkpt lat="46.543473" lon="-1.807535">
        <ele>0.508</ele>
        <time>2017-07-28T00:58:20Z</time>
      </trkpt>
      <trkpt lat="46.543657" lon="-1.806241">
        <ele>2.076</ele>
        <time>2017-07-28T00:58:40Z</time>
      </trkpt>
      <trkpt lat="46.542969" lon="-1.803140">
        <ele>1.993</ele>
        <time>2017-07-28T00:59:00Z</time>
      </trkpt>
      <trkpt lat="46.542946" lon="-1.802310">
        <ele>3.113</ele>
        <time>2017-07-28T00:59:20Z</time>
      </trkpt>
      <trkpt lat="46.543058" lon="-1.802044">
        <ele>3.090</ele>
        <time>2017-07-28T00:59:40Z</time>
      </trkpt>
      <trkpt lat="46.542724" lon="-1.801557">
        <ele>3.357</ele>
        <time>2017-07-28T01:00:00Z</time>
      </trkpt>
      <trkpt lat="46.541887" lon="-1.802057">
        <ele>0.867</ele>
        <time>2017-07-28T01:00:20Z</time>
      </trkpt>
      <trkpt lat="46.540268" lon="-1.801872">
        <ele>2.094</ele>
        <time>2017-07-28T01:00:40Z</time>
      </trkpt>
      <trkpt lat="46.539412" lon="-1.803061">
        <ele>0.156</ele>
        <time>2017-07-28T01:01:00Z</time>
      </trkpt>
      <trkpt lat="46.538576" lon="-1.803726">
        <ele>1.668</ele>
        <time>2017-07-28T01:01:20Z</time>
      </trkpt>
      <trkpt lat="46.536235" lon="-1.804885">
        <ele>-1.042</ele>
        <time>2017-07-28T01:01:40Z</time>
      </trkpt>
      <trkpt lat="46.534393" lon="-1.806284">
        <ele>-0.126</ele>
        <time>2017-07-28T01:02:00Z</time>
      </trkpt>
      <trkpt lat="46.534211" lon="-1.805982">
        <ele>0.308</ele>
        <time>2017-07-28T01:02:20Z</time>
      </trkpt>
      <trkpt lat="46.530140" lon="-1.808926">
        <ele>1.097</ele>
        <time>2017-07-28T01:02:40Z</time>
      </trkpt>
      <trkpt lat="46.529117" lon="-1.808769">
        <ele>2.014</ele>
        <time>2017-07-28T01:03:00Z</time>
      </trkpt>
      <trkpt lat="46.528655" lon="-1.807872">
        <ele>4.054</ele>
        <time>2017-07-28T01:03:20Z</time>
      </trkpt>
      <trkpt lat="46.528105" lon="-1.807566">
        <ele>2.921</ele>
        <time>2017-07-28T01:03:40Z</time>
      </trkpt>
      <trkpt lat="46.527937" lon="-1.806104">
        <ele>3.428</ele>
        <time>2017-07-28T01:04:00Z</time>
      </trkpt>
      <trkpt lat="46.526941" lon="-1.806718">
        <ele>1.088</ele>
        <time>2017-07-28T01:04:20Z</time>
      </trkpt>
      <trkpt lat="46.525195" lon="-1.806990">
        <ele>3.565</ele>
        <time>2017-07-28T01:04:40Z</time>
      </trkpt>
      <trkpt lat="46.525061" lon="-1.807682">
        <ele>1.247</ele>
        <time>2017-07-28T01:05:00Z</time>
      </trkpt>
      <trkpt lat="46.524513" lon="-1.807538">
        <ele>1.881</ele>
        <time>2017-07-28T01:05:20Z</time>
      </trkpt>
      <trkpt lat="46.524365" lon="-1.807711">
        <ele>1.861</ele>
        <time>2017-07-28T01:05:40Z</time>
      </trkpt>
      <trkpt lat="46.524092" lon="-1.811466">
        <ele>11.617</ele>
        <time>2017-07-28T01:06:00Z</time>
      </trkpt>
      <trkpt lat="46.523674" lon="-1.813365">
        <ele>17.908</ele>
        <time>2017-07-28T01:06:20Z</time>
      </trkpt>
      <trkpt lat="46.522231" lon="-1.813409">
        <ele>15.339</ele>
        <time>2017-07-28T01:06:40Z</time>
      </trkpt>
      <trkpt lat="46.521828" lon="-1.812923">
        <ele>16.716</ele>
        <time>2017-07-28T01:07:00Z</time>
      </trkpt>
      <trkpt lat="46.521167" lon="-1.812480">
        <ele>20.556</ele>
        <time>2017-07-28T01:07:20Z</time>
      </trkpt>
      <trkpt lat="46.520565" lon="-1.812890">
        <ele>17.513</ele>
        <time>2017-07-28T01:07:40Z</time>
      </trkpt>
      <trkpt lat="46.519294" lon="-1.813021">
        <ele>16.570</ele>
        <time>2017-07-28T01:08:00Z</time>
      </trkpt>
      <trkpt lat="46.518725" lon="-1.812503">
        <ele>18.840</ele>
        <time>2017-07-28T01:08:20Z</time>
      </trkpt>
      <trkpt lat="46.517711" lon="-1.809907">
        <ele>19.687</ele>
        <time>2017-07-28T01:08:40Z</time>
      </trkpt>
      <trkpt lat="46.517210" lon="-1.809699">
        <ele>15.679</ele>
        <time>2017-07-28T01:09:00Z</time>
      </trkpt>
      <trkpt lat="46.516636" lon="-1.809750">
        <ele>11.679</ele>
        <time>2017-07-28T01:09:20Z</time>
      </trkpt>
      <trkpt lat="46.516069" lon="-1.810032">
        <ele>14.805</ele>
        <time>2017-07-28T01:09:40Z</time>
      </trkpt>
      <trkpt lat="46.515250" lon="-1.809790">
        <ele>19.325</ele>
        <time>2017-07-28T01:10:00Z</time>
      </trkpt>
      <trkpt lat="46.514467" lon="-1.810671">
        <ele>20.208</ele>
        <time>2017-07-28T01:10:20Z</time>
      </trkpt>
      <trkpt lat="46.514211" lon="-1.811386">
        <ele>17.598</ele>
        <time>2017-07-28T01:10:40Z</time>
      </trkpt>
      <trkpt lat="46.513315" lon="-1.812860">
        <ele>16.955</ele>
        <time>2017-07-28T01:11:00Z</time>
      </trkpt>
      <trkpt lat="46.512097" lon="-1.813810">
        <ele>15.525</ele>
        <time>2017-07-28T01:11:20Z</time>
      </trkpt>
      <trkpt lat="46.511541" lon="-1.813364">
        <ele>17.582</ele>
        <time>2017-07-28T01:11:40Z</time>
      </trkpt>
      <trkpt lat="46.511326" lon="-1.813441">
        <ele>16.879</ele>
        <time>2017-07-28T01:12:00Z</time>
      </trkpt>
      <trkpt lat="46.510960" lon="-1.815579">
        <ele>14.419</ele>
        <time>2017-07-28T01:12:20Z</time>
      </trkpt>
      <trkpt lat="46.510588" lon="-1.816455">
        <ele>10.936</ele>
        <time>2017-07-28T01:12:40Z</time>
      </trkpt>
      <trkpt lat="46.510322" lon="-1.818493">
        <ele>3.658</ele>
        <time>2017-07-28T01:13:00Z</time>
      </trkpt>
      <trkpt lat="46.509831" lon="-1.818405">
        <ele>3.438</ele>
        <time>2017-07-28T01:13:20Z</time>
      </trkpt>
      <trkpt lat="46.508232" lon="-1.817405">
        <ele>1.770</ele>
        <time>2017-07-28T01:13:40Z</time>
      </trkpt>
      <trkpt lat="46.505988" lon="-1.816775">
        <ele>2.217</ele>
        <time>2017-07-28T01:14:00Z</time>
      </trkpt>
      <trkpt lat="46.504373" lon="-1.815153">
        <ele>4.908</ele>
        <time>2017-07-28T01:14:20Z</time>
      </trkpt>
      <trkpt lat="46.503469" lon="-1.813788">
        <ele>7.464</ele>
        <time>2017-07-28T01:14:40Z</time>
      </trkpt>
      <trkpt lat="46.502269" lon="-1.808202">
        <ele>11.221</ele>
        <time>2017-07-28T01:15:00Z</time>
      </trkpt>
      <trkpt lat="46.502210" lon="-1.806648">
        <ele>12.931</ele>
        <time>2017-07-28T01:15:20Z</time>
      </trkpt>
      <trkpt lat="46.501767" lon="-1.805375">
        <ele>12.918</ele>
        <time>2017-07-28T01:15:40Z</time>
      </trkpt>
      <trkpt lat="46.501580" lon="-1.805238">
        <ele>13.085</ele>
        <time>2017-07-28T01:16:00Z</time>
      </trkpt>
      <trkpt lat="46.502162" lon="-1.803242">
        <ele>9.285</ele>
        <time>2017-07-28T01:16:20Z</time>
      </trkpt>
      <trkpt lat="46.502376" lon="-1.800722">
        <ele>6.262</ele>
        <time>2017-07-28T01:16:40Z</time>
      </trkpt>
      <trkpt lat="46.502728" lon="-1.798995">
        <ele>1.554</ele>
        <time>2017-07-28T01:17:00Z</time>
      </trkpt>
      <trkpt lat="46.502594" lon="-1.798444">
        <ele>2.667</ele>
        <time>2017-07-28T01:17:20Z</time>
      </trkpt>
      <trkpt lat="46.502709" lon="-1.798179">
        <ele>3.681</ele>
        <time>2017-07-28T01:17:40Z</time>
      </trkpt>
      <trkpt lat="46.502984" lon="-1.798227">
        <ele>3.419</ele>
        <time>2017-07-28T01:18:00Z</time>
      </trkpt>
      <trkpt lat="46.503291" lon="-1.798844">
        <ele>2.008</ele>
        <time>2017-07-28T01:18:20Z</time>
      </trkpt>
      <trkpt lat="46.503151" lon="-1.798915">
        <ele>2.037</ele>
        <time>2017-07-28T01:18:40Z</time>
      </trkpt>
      <trkpt lat="46.503048" lon="-1.798661">
        <ele>2.084</ele>
        <time>2017-07-28T01:19:00Z</time>
      </trkpt>
      <trkpt lat="46.502859" lon="-1.798855">
        <ele>1.414</ele>
        <time>2017-07-28T01:19:20Z</time>
      </trkpt>
      <trkpt lat="46.502679" lon="-1.798781">
        <ele>1.671</ele>
        <time>2017-07-28T01:19:40Z</time>
      </trkpt>
      <trkpt lat="46.502606" lon="-1.798357">
        <ele>2.948</ele>
        <time>2017-07-28T01:20:00Z</time>
      </trkpt>
      <trkpt lat="46.502841" lon="-1.798032">
        <ele>4.168</ele>
        <time>2017-07-28T01:20:20Z</time>
      </trkpt>
      <trkpt lat="46.503043" lon="-1.797017">
        <ele>6.025</ele>
        <time>2017-07-28T01:20:40Z</time>
      </trkpt>
      <trkpt lat="46.504296" lon="-1.793643">
        <ele>3.277</ele>
        <time>2017-07-28T01:21:00Z</time>
      </trkpt>
      <trkpt lat="46.504990" lon="-1.790942">
        <ele>-0.653</ele>
        <time>2017-07-28T01:21:20Z</time>
      </trkpt>
      <trkpt lat="46.505127" lon="-1.790122">
        <ele>2.304</ele>
        <time>2017-07-28T01:21:40Z</time>
      </trkpt>
      <trkpt lat="46.505048" lon="-1.789610">
        <ele>2.114</ele>
        <time>2017-07-28T01:22:00Z</time>
      </trkpt>
      <trkpt lat="46.502692" lon="-1.787033">
        <ele>1.608</ele>
        <time>2017-07-28T01:22:20Z</time>
      </trkpt>
      <trkpt lat="46.501621" lon="-1.786098">
        <ele>4.076</ele>
        <time>2017-07-28T01:22:40Z</time>
      </trkpt>
      <trkpt lat="46.500769" lon="-1.785917">
        <ele>4.763</ele>
        <time>2017-07-28T01:23:00Z</time>
      </trkpt>
      <trkpt lat="46.500461" lon="-1.786285">
        <ele>3.233</ele>
        <time>2017-07-28T01:23:20Z</time>
      </trkpt>
      <trkpt lat="46.499628" lon="-1.785069">
        <ele>4.020</ele>
        <time>2017-07-28T01:23:40Z</time>
      </trkpt>
      <trkpt lat="46.498834" lon="-1.784936">
        <ele>5.037</ele>
        <time>2017-07-28T01:24:00Z</time>
      </trkpt>
      <trkpt lat="46.498573" lon="-1.785191">
        <ele>5.077</ele>
        <time>2017-07-28T01:24:20Z</time>
      </trkpt>
      <trkpt lat="46.498347" lon="-1.785082">
        <ele>5.014</ele>
        <time>2017-07-28T01:24:40Z</time>
      </trkpt>
      <trkpt lat="46.497602" lon="-1.786155">
        <ele>6.566</ele>
        <time>2017-07-28T01:25:00Z</time>
      </trkpt>
      <trkpt lat="46.496290" lon="-1.789358">
        <ele>8.061</ele>
        <time>2017-07-28T01:25:20Z</time>
      </trkpt>
      <trkpt lat="46.496132" lon="-1.790752">
        <ele>5.421</ele>
        <time>2017-07-28T01:25:40Z</time>
      </trkpt>
      <trkpt lat="46.496363" lon="-1.793574">
        <ele>3.313</ele>
        <time>2017-07-28T01:26:00Z</time>
      </trkpt>
      <trkpt lat="46.496100" lon="-1.794735">
        <ele>2.008</ele>
        <time>2017-07-28T01:26:20Z</time>
      </trkpt>
      <trkpt lat="46.495924" lon="-1.794855">
        <ele>2.777</ele>
        <time>2017-07-28T01:26:40Z</time>
      </trkpt>
      <trkpt lat="46.495558" lon="-1.794801">
        <ele>4.744</ele>
        <time>2017-07-28T01:27:00Z</time>
      </trkpt>
      <trkpt lat="46.494258" lon="-1.794128">
        <ele>4.564</ele>
        <time>2017-07-28T01:27:20Z</time>
      </trkpt>
      <trkpt lat="46.493480" lon="-1.792760">
        <ele>8.241</ele>
        <time>2017-07-28T01:27:40Z</time>
      </trkpt>
      <trkpt lat="46.494671" lon="-1.791494">
        <ele>11.558</ele>
        <time>2017-07-28T01:28:00Z</time>
      </trkpt>
      <trkpt lat="46.494792" lon="-1.784148">
        <ele>8.858</ele>
        <time>2017-07-28T01:28:20Z</time>
      </trkpt>
      <trkpt lat="46.496538" lon="-1.784123">
        <ele>4.985</ele>
        <time>2017-07-28T01:28:40Z</time>
      </trkpt>
      <trkpt lat="46.496595" lon="-1.784513">
        <ele>6.157</ele>
        <time>2017-07-28T01:29:00Z</time>
      </trkpt>
      <trkpt lat="46.496540" lon="-1.784077">
        <ele>4.923</ele>
        <time>2017-07-28T01:29:20Z</time>
      </trkpt>
      <trkpt lat="46.496686" lon="-1.784228">
        <ele>4.383</ele>
        <time>2017-07-28T01:29:40Z</time>
      </trkpt>
      <trkpt lat="46.496826" lon="-1.784016">
        <ele>4.611</ele>
        <time>2017-07-28T01:30:00Z</time>
      </trkpt>
      <trkpt lat="46.496802" lon="-1.783646">
        <ele>4.108</ele>
        <time>2017-07-28T01:30:20Z</time>
      </trkpt>
      <trkpt lat="46.497006" lon="-1.783327">
        <ele>3.833</ele>
        <time>2017-07-28T01:30:40Z</time>
      </trkpt>
      <trkpt lat="46.496916" lon="-1.783032">
        <ele>4.130</ele>
        <time>2017-07-28T01:31:00Z</time>
      </trkpt>
      <trkpt lat="46.498229" lon="-1.777694">
        <ele>3.420</ele>
        <time>2017-07-28T01:31:20Z</time>
      </trkpt>
      <trkpt lat="46.498172" lon="-1.777231">
        <ele>4.527</ele>
        <time>2017-07-28T01:31:40Z</time>
      </trkpt>
      <trkpt lat="46.495977" lon="-1.777634">
        <ele>11.424</ele>
        <time>2017-07-28T01:32:00Z</time>
      </trkpt>
      <trkpt lat="46.492931" lon="-1.776472">
        <ele>8.424</ele>
        <time>2017-07-28T01:32:20Z</time>
      </trkpt>
      <trkpt lat="46.492500" lon="-1.776455">
        <ele>9.831</ele>
        <time>2017-07-28T01:32:40Z</time>
      </trkpt>
      <trkpt lat="46.491337" lon="-1.774826">
        <ele>7.733</ele>
        <time>2017-07-28T01:33:00Z</time>
      </trkpt>
      <trkpt lat="46.489640" lon="-1.770850">
        <ele>7.485</ele>
        <time>2017-07-28T01:33:20Z</time>
      </trkpt>
      <trkpt lat="46.488956" lon="-1.769563">
        <ele>6.189</ele>
        <time>2017-07-28T01:33:40Z</time>
      </trkpt>
      <trkpt lat="46.484571" lon="-1.765387">
        <ele>5.417</ele>
        <time>2017-07-28T01:34:00Z</time>
      </trkpt>
      <trkpt lat="46.480848" lon="-1.760995">
        <ele>7.108</ele>
        <time>2017-07-28T01:34:20Z</time>
      </trkpt>
      <trkpt lat="46.478136" lon="-1.760113">
        <ele>6.199</ele>
        <time>2017-07-28T01:34:40Z</time>
      </trkpt>
      <trkpt lat="46.477665" lon="-1.759589">
        <ele>5.466</ele>
        <time>2017-07-28T01:35:00Z</time>
      </trkpt>
      <trkpt lat="46.477509" lon="-1.759080">
        <ele>8.326</ele>
        <time>2017-07-28T01:35:20Z</time>
      </trkpt>
      <trkpt lat="46.476783" lon="-1.758016">
        <ele>7.053</ele>
        <time>2017-07-28T01:35:40Z</time>
      </trkpt>
      <trkpt lat="46.475469" lon="-1.756430">
        <ele>8.220</ele>
        <time>2017-07-28T01:36:00Z</time>
      </trkpt>
      <trkpt lat="46.475188" lon="-1.755912">
        <ele>7.420</ele>
        <time>2017-07-28T01:36:20Z</time>
      </trkpt>
      <trkpt lat="46.474943" lon="-1.754367">
        <ele>6.417</ele>
        <time>2017-07-28T01:36:40Z</time>
      </trkpt>
      <trkpt lat="46.474519" lon="-1.753338">
        <ele>3.869</ele>
        <time>2017-07-28T01:37:00Z</time>
      </trkpt>
      <trkpt lat="46.474295" lon="-1.751852">
        <ele>6.123</ele>
        <time>2017-07-28T01:37:20Z</time>
      </trkpt>
      <trkpt lat="46.473831" lon="-1.750988">
        <ele>2.983</ele>
        <time>2017-07-28T01:37:40Z</time>
      </trkpt>
      <trkpt lat="46.473701" lon="-1.750207">
        <ele>4.611</ele>
        <time>2017-07-28T01:38:00Z</time>
      </trkpt>
      <trkpt lat="46.473422" lon="-1.749794">
        <ele>3.208</ele>
        <time>2017-07-28T01:38:20Z</time>
      </trkpt>
      <trkpt lat="46.473386" lon="-1.748215">
        <ele>6.323</ele>
        <time>2017-07-28T01:38:40Z</time>
      </trkpt>
      <trkpt lat="46.472662" lon="-1.746943">
        <ele>9.830</ele>
        <time>2017-07-28T01:39:00Z</time>
      </trkpt>
      <trkpt lat="46.471592" lon="-1.744534">
        <ele>8.810</ele>
        <time>2017-07-28T01:39:20Z</time>
      </trkpt>
      <trkpt lat="46.470157" lon="-1.742301">
        <ele>8.127</ele>
        <time>2017-07-28T01:39:40Z</time>
      </trkpt>
      <trkpt lat="46.468767" lon="-1.741172">
        <ele>4.944</ele>
        <time>2017-07-28T01:40:00Z</time>
      </trkpt>
      <trkpt lat="46.468496" lon="-1.740321">
        <ele>5.594</ele>
        <time>2017-07-28T01:40:20Z</time>
      </trkpt>
      <trkpt lat="46.468328" lon="-1.738787">
        <ele>5.771</ele>
        <time>2017-07-28T01:40:40Z</time>
      </trkpt>
      <trkpt lat="46.468502" lon="-1.737711">
        <ele>5.633</ele>
        <time>2017-07-28T01:41:00Z</time>
      </trkpt>
      <trkpt lat="46.468409" lon="-1.737251">
        <ele>3.817</ele>
        <time>2017-07-28T01:41:20Z</time>
      </trkpt>
      <trkpt lat="46.468149" lon="-1.736928">
        <ele>2.587</ele>
        <time>2017-07-28T01:41:40Z</time>
      </trkpt>
      <trkpt lat="46.467554" lon="-1.736829">
        <ele>4.115</ele>
        <time>2017-07-28T01:42:00Z</time>
      </trkpt>
      <trkpt lat="46.466733" lon="-1.735523">
        <ele>7.608</ele>
        <time>2017-07-28T01:42:20Z</time>
      </trkpt>
      <trkpt lat="46.465966" lon="-1.732164">
        <ele>9.122</ele>
        <time>2017-07-28T01:42:40Z</time>
      </trkpt>
      <trkpt lat="46.465766" lon="-1.731947">
        <ele>8.519</ele>
        <time>2017-07-28T01:43:00Z</time>
      </trkpt>
      <trkpt lat="46.464712" lon="-1.731487">
        <ele>7.219</ele>
        <time>2017-07-28T01:43:20Z</time>
      </trkpt>
      <trkpt lat="46.464237" lon="-1.730555">
        <ele>9.056</ele>
        <time>2017-07-28T01:43:40Z</time>
      </trkpt>
      <trkpt lat="46.463784" lon="-1.728204">
        <ele>19.113</ele>
        <time>2017-07-28T01:44:00Z</time>
      </trkpt>
      <trkpt lat="46.463851" lon="-1.726631">
        <ele>24.163</ele>
        <time>2017-07-28T01:44:20Z</time>
      </trkpt>
      <trkpt lat="46.463584" lon="-1.723618">
        <ele>26.210</ele>
        <time>2017-07-28T01:44:40Z</time>
      </trkpt>
      <trkpt lat="46.463400" lon="-1.723593">
        <ele>27.562</ele>
        <time>2017-07-28T01:45:00Z</time>
      </trkpt>
      <trkpt lat="46.463135" lon="-1.722881">
        <ele>27.593</ele>
        <time>2017-07-28T01:45:20Z</time>
      </trkpt>
      <trkpt lat="46.463066" lon="-1.722984">
        <ele>28.065</ele>
        <time>2017-07-28T01:45:40Z</time>
      </trkpt>
      <trkpt lat="46.463578" lon="-1.723572">
        <ele>26.121</ele>
        <time>2017-07-28T01:46:00Z</time>
      </trkpt>
      <trkpt lat="46.463018" lon="-1.720636">
        <ele>23.708</ele>
        <time>2017-07-28T01:46:20Z</time>
      </trkpt>
      <trkpt lat="46.462294" lon="-1.718932">
        <ele>25.990</ele>
        <time>2017-07-28T01:46:40Z</time>
      </trkpt>
      <trkpt lat="46.460780" lon="-1.717515">
        <ele>21.967</ele>
        <time>2017-07-28T01:47:00Z</time>
      </trkpt>
      <trkpt lat="46.459217" lon="-1.714989">
        <ele>6.397</ele>
        <time>2017-07-28T01:47:20Z</time>
      </trkpt>
      <trkpt lat="46.458783" lon="-1.713890">
        <ele>3.684</ele>
        <time>2017-07-28T01:47:40Z</time>
      </trkpt>
      <trkpt lat="46.457343" lon="-1.713028">
        <ele>6.871</ele>
        <time>2017-07-28T01:48:00Z</time>
      </trkpt>
      <trkpt lat="46.457147" lon="-1.712674">
        <ele>9.791</ele>
        <time>2017-07-28T01:48:20Z</time>
      </trkpt>
      <trkpt lat="46.456487" lon="-1.712164">
        <ele>9.868</ele>
        <time>2017-07-28T01:48:40Z</time>
      </trkpt>
      <trkpt lat="46.454369" lon="-1.711676">
        <ele>6.170</ele>
        <time>2017-07-28T01:49:00Z</time>
      </trkpt>
      <trkpt lat="46.453846" lon="-1.710687">
        <ele>8.723</ele>
        <time>2017-07-28T01:49:20Z</time>
      </trkpt>
      <trkpt lat="46.453344" lon="-1.710235">
        <ele>9.583</ele>
        <time>2017-07-28T01:49:40Z</time>
      </trkpt>
      <trkpt lat="46.452079" lon="-1.702951">
        <ele>22.311</ele>
        <time>2017-07-28T01:50:00Z</time>
      </trkpt>
      <trkpt lat="46.452501" lon="-1.702478">
        <ele>21.908</ele>
        <time>2017-07-28T01:50:20Z</time>
      </trkpt>
      <trkpt lat="46.452264" lon="-1.701718">
        <ele>20.093</ele>
        <time>2017-07-28T01:50:40Z</time>
      </trkpt>
      <trkpt lat="46.451892" lon="-1.701693">
        <ele>17.860</ele>
        <time>2017-07-28T01:51:00Z</time>
      </trkpt>
      <trkpt lat="46.452134" lon="-1.698725">
        <ele>17.730</ele>
        <time>2017-07-28T01:51:20Z</time>
      </trkpt>
      <trkpt lat="46.452329" lon="-1.697969">
        <ele>16.727</ele>
        <time>2017-07-28T01:51:40Z</time>
      </trkpt>
      <trkpt lat="46.452639" lon="-1.697513">
        <ele>18.084</ele>
        <time>2017-07-28T01:52:00Z</time>
      </trkpt>
      <trkpt lat="46.452370" lon="-1.696070">
        <ele>12.814</ele>
        <time>2017-07-28T01:52:20Z</time>
      </trkpt>
      <trkpt lat="46.452587" lon="-1.695800">
        <ele>12.271</ele>
        <time>2017-07-28T01:52:40Z</time>
      </trkpt>
      <trkpt lat="46.450979" lon="-1.689068">
        <ele>12.783</ele>
        <time>2017-07-28T01:53:00Z</time>
      </trkpt>
      <trkpt lat="46.450676" lon="-1.687024">
        <ele>15.413</ele>
        <time>2017-07-28T01:53:20Z</time>
      </trkpt>
      <trkpt lat="46.450158" lon="-1.686231">
        <ele>16.343</ele>
        <time>2017-07-28T01:53:40Z</time>
      </trkpt>
      <trkpt lat="46.448033" lon="-1.684264">
        <ele>19.507</ele>
        <time>2017-07-28T01:54:00Z</time>
      </trkpt>
      <trkpt lat="46.447619" lon="-1.683626">
        <ele>19.408</ele>
        <time>2017-07-28T01:54:20Z</time>
      </trkpt>
      <trkpt lat="46.447048" lon="-1.680767">
        <ele>21.242</ele>
        <time>2017-07-28T01:54:40Z</time>
      </trkpt>
      <trkpt lat="46.447080" lon="-1.679407">
        <ele>19.929</ele>
        <time>2017-07-28T01:55:00Z</time>
      </trkpt>
      <trkpt lat="46.446920" lon="-1.679216">
        <ele>18.839</ele>
        <time>2017-07-28T01:55:20Z</time>
      </trkpt>
      <trkpt lat="46.447076" lon="-1.677625">
        <ele>18.956</ele>
        <time>2017-07-28T01:55:40Z</time>
      </trkpt>
      <trkpt lat="46.446866" lon="-1.676291">
        <ele>17.673</ele>
        <time>2017-07-28T01:56:00Z</time>
      </trkpt>
      <trkpt lat="46.445633" lon="-1.673708">
        <ele>13.333</ele>
        <time>2017-07-28T01:56:20Z</time>
      </trkpt>
      <trkpt lat="46.445203" lon="-1.673435">
        <ele>11.950</ele>
        <time>2017-07-28T01:56:40Z</time>
      </trkpt>
      <trkpt lat="46.445093" lon="-1.672529">
        <ele>13.992</ele>
        <time>2017-07-28T01:57:00Z</time>
      </trkpt>
      <trkpt lat="46.444574" lon="-1.671371">
        <ele>13.053</ele>
        <time>2017-07-28T01:57:20Z</time>
      </trkpt>
      <trkpt lat="46.444260" lon="-1.670154">
        <ele>13.604</ele>
        <time>2017-07-28T01:57:40Z</time>
      </trkpt>
      <trkpt lat="46.444284" lon="-1.669287">
        <ele>13.414</ele>
        <time>2017-07-28T01:58:00Z</time>
      </trkpt>
      <trkpt lat="46.442554" lon="-1.666224">
        <ele>11.108</ele>
        <time>2017-07-28T01:58:20Z</time>
      </trkpt>
      <trkpt lat="46.442401" lon="-1.664846">
        <ele>9.366</ele>
        <time>2017-07-28T01:58:40Z</time>
      </trkpt>
      <trkpt lat="46.440370" lon="-1.663043">
        <ele>6.713</ele>
        <time>2017-07-28T01:59:00Z</time>
      </trkpt>
      <trkpt lat="46.439994" lon="-1.662515">
        <ele>10.043</ele>
        <time>2017-07-28T01:59:20Z</time>
      </trkpt>
      <trkpt lat="46.440401" lon="-1.659864">
        <ele>14.230</ele>
        <time>2017-07-28T01:59:40Z</time>
      </trkpt>
      <trkpt lat="46.440168" lon="-1.658640">
        <ele>15.477</ele>
        <time>2017-07-28T02:00:00Z</time>
      </trkpt>
      <trkpt lat="46.440072" lon="-1.656442">
        <ele>16.767</ele>
        <time>2017-07-28T02:00:20Z</time>
      </trkpt>
      <trkpt lat="46.440276" lon="-1.652889">
        <ele>11.544</ele>
        <time>2017-07-28T02:00:40Z</time>
      </trkpt>
      <trkpt lat="46.440421" lon="-1.652635">
        <ele>8.926</ele>
        <time>2017-07-28T02:01:00Z</time>
      </trkpt>
      <trkpt lat="46.440965" lon="-1.652378">
        <ele>1.899</ele>
        <time>2017-07-28T02:01:20Z</time>
      </trkpt>
      <trkpt lat="46.442257" lon="-1.651240">
        <ele>1.007</ele>
        <time>2017-07-28T02:01:40Z</time>
      </trkpt>
      <trkpt lat="46.442411" lon="-1.650862">
        <ele>1.627</ele>
        <time>2017-07-28T02:02:00Z</time>
      </trkpt>
      <trkpt lat="46.442636" lon="-1.650725">
        <ele>2.908</ele>
        <time>2017-07-28T02:02:20Z</time>
      </trkpt>
      <trkpt lat="46.443146" lon="-1.648130">
        <ele>1.530</ele>
        <time>2017-07-28T02:02:40Z</time>
      </trkpt>
      <trkpt lat="46.445094" lon="-1.648654">
        <ele>4.037</ele>
        <time>2017-07-28T02:03:00Z</time>
      </trkpt>
      <trkpt lat="46.446414" lon="-1.648593">
        <ele>2.037</ele>
        <time>2017-07-28T02:03:20Z</time>
      </trkpt>
      <trkpt lat="46.446704" lon="-1.648424">
        <ele>1.334</ele>
        <time>2017-07-28T02:03:40Z</time>
      </trkpt>
      <trkpt lat="46.446704" lon="-1.648250">
        <ele>0.771</ele>
        <time>2017-07-28T02:04:00Z</time>
      </trkpt>
      <trkpt lat="46.445992" lon="-1.647281">
        <ele>2.221</ele>
        <time>2017-07-28T02:04:20Z</time>
      </trkpt>
      <trkpt lat="46.445864" lon="-1.646277">
        <ele>2.958</ele>
        <time>2017-07-28T02:04:40Z</time>
      </trkpt>
      <trkpt lat="46.446196" lon="-1.644628">
        <ele>2.150</ele>
        <time>2017-07-28T02:05:00Z</time>
      </trkpt>
      <trkpt lat="46.446318" lon="-1.644405">
        <ele>2.923</ele>
        <time>2017-07-28T02:05:20Z</time>
      </trkpt>
      <trkpt lat="46.446724" lon="-1.644502">
        <ele>3.683</ele>
        <time>2017-07-28T02:05:40Z</time>
      </trkpt>
      <trkpt lat="46.446793" lon="-1.644379">
        <ele>3.711</ele>
        <time>2017-07-28T02:06:00Z</time>
      </trkpt>
      <trkpt lat="46.446773" lon="-1.641905">
        <ele>9.508</ele>
        <time>2017-07-28T02:06:20Z</time>
      </trkpt>
      <trkpt lat="46.447023" lon="-1.641597">
        <ele>9.093</ele>
        <time>2017-07-28T02:06:40Z</time>
      </trkpt>
      <trkpt lat="46.448157" lon="-1.636392">
        <ele>7.080</ele>
        <time>2017-07-28T02:07:00Z</time>
      </trkpt>
      <trkpt lat="46.448222" lon="-1.635562">
        <ele>7.090</ele>
        <time>2017-07-28T02:07:20Z</time>
      </trkpt>
      <trkpt lat="46.447378" lon="-1.632491">
        <ele>5.537</ele>
        <time>2017-07-28T02:07:40Z</time>
      </trkpt>
      <trkpt lat="46.445654" lon="-1.632368">
        <ele>2.284</ele>
        <time>2017-07-28T02:08:00Z</time>
      </trkpt>
      <trkpt lat="46.445443" lon="-1.631670">
        <ele>2.484</ele>
        <time>2017-07-28T02:08:20Z</time>
      </trkpt>
      <trkpt lat="46.444518" lon="-1.630680">
        <ele>3.771</ele>
        <time>2017-07-28T02:08:40Z</time>
      </trkpt>
      <trkpt lat="46.444062" lon="-1.629692">
        <ele>3.733</ele>
        <time>2017-07-28T02:09:00Z</time>
      </trkpt>
      <trkpt lat="46.443022" lon="-1.629618">
        <ele>1.958</ele>
        <time>2017-07-28T02:09:20Z</time>
      </trkpt>
      <trkpt lat="46.442534" lon="-1.629347">
        <ele>2.452</ele>
        <time>2017-07-28T02:09:40Z</time>
      </trkpt>
      <trkpt lat="46.441910" lon="-1.629327">
        <ele>2.117</ele>
        <time>2017-07-28T02:10:00Z</time>
      </trkpt>
      <trkpt lat="46.441741" lon="-1.629170">
        <ele>2.708</ele>
        <time>2017-07-28T02:10:20Z</time>
      </trkpt>
      <trkpt lat="46.441596" lon="-1.627965">
        <ele>2.746</ele>
        <time>2017-07-28T02:10:40Z</time>
      </trkpt>
      <trkpt lat="46.442086" lon="-1.627393">
        <ele>5.383</ele>
        <time>2017-07-28T02:11:00Z</time>
      </trkpt>
      <trkpt lat="46.442121" lon="-1.627126">
        <ele>5.393</ele>
        <time>2017-07-28T02:11:20Z</time>
      </trkpt>
      <trkpt lat="46.442015" lon="-1.625937">
        <ele>3.840</ele>
        <time>2017-07-28T02:11:40Z</time>
      </trkpt>
      <trkpt lat="46.441700" lon="-1.624787">
        <ele>4.077</ele>
        <time>2017-07-28T02:12:00Z</time>
      </trkpt>
      <trkpt lat="46.441817" lon="-1.623457">
        <ele>3.267</ele>
        <time>2017-07-28T02:12:20Z</time>
      </trkpt>
      <trkpt lat="46.440889" lon="-1.620034">
        <ele>1.324</ele>
        <time>2017-07-28T02:12:40Z</time>
      </trkpt>
      <trkpt lat="46.441686" lon="-1.615698">
        <ele>3.516</ele>
        <time>2017-07-28T02:13:00Z</time>
      </trkpt>
      <trkpt lat="46.441615" lon="-1.614794">
        <ele>3.044</ele>
        <time>2017-07-28T02:13:20Z</time>
      </trkpt>
      <trkpt lat="46.441203" lon="-1.613275">
        <ele>3.005</ele>
        <time>2017-07-28T02:13:40Z</time>
      </trkpt>
      <trkpt lat="46.441354" lon="-1.612573">
        <ele>2.015</ele>
        <time>2017-07-28T02:14:00Z</time>
      </trkpt>
      <trkpt lat="46.441897" lon="-1.611950">
        <ele>1.008</ele>
        <time>2017-07-28T02:14:20Z</time>
      </trkpt>
      <trkpt lat="46.441961" lon="-1.611659">
        <ele>1.015</ele>
        <time>2017-07-28T02:14:40Z</time>
      </trkpt>
      <trkpt lat="46.441686" lon="-1.608742">
        <ele>4.532</ele>
        <time>2017-07-28T02:15:00Z</time>
      </trkpt>
      <trkpt lat="46.441962" lon="-1.606690">
        <ele>3.012</ele>
        <time>2017-07-28T02:15:20Z</time>
      </trkpt>
      <trkpt lat="46.441594" lon="-1.605289">
        <ele>3.089</ele>
        <time>2017-07-28T02:15:40Z</time>
      </trkpt>
      <trkpt lat="46.441054" lon="-1.604237">
        <ele>2.096</ele>
        <time>2017-07-28T02:16:00Z</time>
      </trkpt>
      <trkpt lat="46.441005" lon="-1.602205">
        <ele>3.076</ele>
        <time>2017-07-28T02:16:20Z</time>
      </trkpt>
      <trkpt lat="46.439209" lon="-1.602129">
        <ele>1.853</ele>
        <time>2017-07-28T02:16:40Z</time>
      </trkpt>
      <trkpt lat="46.438121" lon="-1.603438">
        <ele>1.945</ele>
        <time>2017-07-28T02:17:00Z</time>
      </trkpt>
      <trkpt lat="46.437522" lon="-1.603902">
        <ele>2.054</ele>
        <time>2017-07-28T02:17:20Z</time>
      </trkpt>
      <trkpt lat="46.437247" lon="-1.603664">
        <ele>3.056</ele>
        <time>2017-07-28T02:17:40Z</time>
      </trkpt>
      <trkpt lat="46.437219" lon="-1.602898">
        <ele>3.611</ele>
        <time>2017-07-28T02:18:00Z</time>
      </trkpt>
      <trkpt lat="46.435686" lon="-1.603061">
        <ele>0.508</ele>
        <time>2017-07-28T02:18:20Z</time>
      </trkpt>
      <trkpt lat="46.434940" lon="-1.601757">
        <ele>1.776</ele>
        <time>2017-07-28T02:18:40Z</time>
      </trkpt>
      <trkpt lat="46.434617" lon="-1.601562">
        <ele>2.013</ele>
        <time>2017-07-28T02:19:00Z</time>
      </trkpt>
      <trkpt lat="46.434537" lon="-1.600517">
        <ele>0.953</ele>
        <time>2017-07-28T02:19:20Z</time>
      </trkpt>
      <trkpt lat="46.434156" lon="-1.599449">
        <ele>1.050</ele>
        <time>2017-07-28T02:19:40Z</time>
      </trkpt>
      <trkpt lat="46.433578" lon="-1.596904">
        <ele>0.217</ele>
        <time>2017-07-28T02:20:00Z</time>
      </trkpt>
      <trkpt lat="46.432883" lon="-1.595582">
        <ele>0.027</ele>
        <time>2017-07-28T02:20:20Z</time>
      </trkpt>
      <trkpt lat="46.432017" lon="-1.594532">
        <ele>1.544</ele>
        <time>2017-07-28T02:20:40Z</time>
      </trkpt>
      <trkpt lat="46.431360" lon="-1.593220">
        <ele>0.496</ele>
        <time>2017-07-28T02:21:00Z</time>
      </trkpt>
      <trkpt lat="46.430328" lon="-1.592174">
        <ele>1.015</ele>
        <time>2017-07-28T02:21:20Z</time>
      </trkpt>
      <trkpt lat="46.430020" lon="-1.591162">
        <ele>0.065</ele>
        <time>2017-07-28T02:21:40Z</time>
      </trkpt>
      <trkpt lat="46.429646" lon="-1.590615">
        <ele>2.811</ele>
        <time>2017-07-28T02:22:00Z</time>
      </trkpt>
      <trkpt lat="46.429521" lon="-1.590001">
        <ele>2.408</ele>
        <time>2017-07-28T02:22:20Z</time>
      </trkpt>
      <trkpt lat="46.429167" lon="-1.589320">
        <ele>6.012</ele>
        <time>2017-07-28T02:22:40Z</time>
      </trkpt>
      <trkpt lat="46.428501" lon="-1.588939">
        <ele>12.469</ele>
        <time>2017-07-28T02:23:00Z</time>
      </trkpt>
      <trkpt lat="46.427434" lon="-1.588601">
        <ele>14.079</ele>
        <time>2017-07-28T02:23:20Z</time>
      </trkpt>
      <trkpt lat="46.426702" lon="-1.590853">
        <ele>13.966</ele>
        <time>2017-07-28T02:23:40Z</time>
      </trkpt>
      <trkpt lat="46.427382" lon="-1.588500">
        <ele>14.093</ele>
        <time>2017-07-28T02:24:00Z</time>
      </trkpt>
      <trkpt lat="46.424424" lon="-1.587247">
        <ele>9.973</ele>
        <time>2017-07-28T02:24:20Z</time>
      </trkpt>
      <trkpt lat="46.420324" lon="-1.586501">
        <ele>10.560</ele>
        <time>2017-07-28T02:24:40Z</time>
      </trkpt>
      <trkpt lat="46.418972" lon="-1.586583">
        <ele>11.042</ele>
        <time>2017-07-28T02:25:00Z</time>
      </trkpt>
      <trkpt lat="46.418779" lon="-1.586464">
        <ele>11.034</ele>
        <time>2017-07-28T02:25:20Z</time>
      </trkpt>
      <trkpt lat="46.418773" lon="-1.582952">
        <ele>11.455</ele>
        <time>2017-07-28T02:25:40Z</time>
      </trkpt>
      <trkpt lat="46.420161" lon="-1.582122">
        <ele>11.210</ele>
        <time>2017-07-28T02:26:00Z</time>
      </trkpt>
      <trkpt lat="46.420390" lon="-1.581839">
        <ele>11.808</ele>
        <time>2017-07-28T02:26:20Z</time>
      </trkpt>
      <trkpt lat="46.420596" lon="-1.577175">
        <ele>11.064</ele>
        <time>2017-07-28T02:26:40Z</time>
      </trkpt>
      <trkpt lat="46.420293" lon="-1.574329">
        <ele>12.461</ele>
        <time>2017-07-28T02:27:00Z</time>
      </trkpt>
      <trkpt lat="46.420530" lon="-1.573945">
        <ele>13.111</ele>
        <time>2017-07-28T02:27:20Z</time>
      </trkpt>
      <trkpt lat="46.420094" lon="-1.572971">
        <ele>13.088</ele>
        <time>2017-07-28T02:27:40Z</time>
      </trkpt>
      <trkpt lat="46.418449" lon="-1.573951">
        <ele>12.335</ele>
        <time>2017-07-28T02:28:00Z</time>
      </trkpt>
      <trkpt lat="46.418003" lon="-1.574367">
        <ele>11.175</ele>
        <time>2017-07-28T02:28:20Z</time>
      </trkpt>
      <trkpt lat="46.418122" lon="-1.574173">
        <ele>11.252</ele>
        <time>2017-07-28T02:28:40Z</time>
      </trkpt>
      <trkpt lat="46.418045" lon="-1.573872">
        <ele>11.034</ele>
        <time>2017-07-28T02:29:00Z</time>
      </trkpt>
      <trkpt lat="46.417317" lon="-1.572774">
        <ele>9.014</ele>
        <time>2017-07-28T02:29:20Z</time>
      </trkpt>
      <trkpt lat="46.417266" lon="-1.572901">
        <ele>9.454</ele>
        <time>2017-07-28T02:29:40Z</time>
      </trkpt>
      <trkpt lat="46.417316" lon="-1.572766">
        <ele>9.009</ele>
        <time>2017-07-28T02:30:00Z</time>
      </trkpt>
      <trkpt lat="46.417007" lon="-1.572132">
        <ele>9.508</ele>
        <time>2017-07-28T02:30:20Z</time>
      </trkpt>
      <trkpt lat="46.416726" lon="-1.571978">
        <ele>9.822</ele>
        <time>2017-07-28T02:30:40Z</time>
      </trkpt>
      <trkpt lat="46.416780" lon="-1.571574">
        <ele>9.619</ele>
        <time>2017-07-28T02:31:00Z</time>
      </trkpt>
      <trkpt lat="46.416573" lon="-1.570685">
        <ele>10.149</ele>
        <time>2017-07-28T02:31:20Z</time>
      </trkpt>
      <trkpt lat="46.415748" lon="-1.569164">
        <ele>10.366</ele>
        <time>2017-07-28T02:31:40Z</time>
      </trkpt>
      <trkpt lat="46.415421" lon="-1.568166">
        <ele>10.383</ele>
        <time>2017-07-28T02:32:00Z</time>
      </trkpt>
      <trkpt lat="46.414929" lon="-1.563914">
        <ele>13.263</ele>
        <time>2017-07-28T02:32:20Z</time>
      </trkpt>
      <trkpt lat="46.415118" lon="-1.560947">
        <ele>16.610</ele>
        <time>2017-07-28T02:32:40Z</time>
      </trkpt>
      <trkpt lat="46.415356" lon="-1.559675">
        <ele>16.412</ele>
        <time>2017-07-28T02:33:00Z</time>
      </trkpt>
      <trkpt lat="46.415341" lon="-1.558626">
        <ele>15.089</ele>
        <time>2017-07-28T02:33:20Z</time>
      </trkpt>
      <trkpt lat="46.414800" lon="-1.553763">
        <ele>12.806</ele>
        <time>2017-07-28T02:33:40Z</time>
      </trkpt>
      <trkpt lat="46.414391" lon="-1.551944">
        <ele>11.226</ele>
        <time>2017-07-28T02:34:00Z</time>
      </trkpt>
      <trkpt lat="46.414172" lon="-1.548990">
        <ele>7.708</ele>
        <time>2017-07-28T02:34:20Z</time>
      </trkpt>
      <trkpt lat="46.414090" lon="-1.548858">
        <ele>6.959</ele>
        <time>2017-07-28T02:34:40Z</time>
      </trkpt>
      <trkpt lat="46.413829" lon="-1.548857">
        <ele>6.956</ele>
        <time>2017-07-28T02:35:00Z</time>
      </trkpt>
      <trkpt lat="46.411686" lon="-1.549386">
        <ele>6.046</ele>
        <time>2017-07-28T02:35:20Z</time>
      </trkpt>
      <trkpt lat="46.410268" lon="-1.546538">
        <ele>3.013</ele>
        <time>2017-07-28T02:35:40Z</time>
      </trkpt>
      <trkpt lat="46.410317" lon="-1.546428">
        <ele>3.040</ele>
        <time>2017-07-28T02:36:00Z</time>
      </trkpt>
      <trkpt lat="46.409501" lon="-1.545211">
        <ele>2.880</ele>
        <time>2017-07-28T02:36:20Z</time>
      </trkpt>
      <trkpt lat="46.409317" lon="-1.544577">
        <ele>3.027</ele>
        <time>2017-07-28T02:36:40Z</time>
      </trkpt>
      <trkpt lat="46.409382" lon="-1.543748">
        <ele>4.989</ele>
        <time>2017-07-28T02:37:00Z</time>
      </trkpt>
      <trkpt lat="46.409999" lon="-1.542066">
        <ele>3.087</ele>
        <time>2017-07-28T02:37:20Z</time>
      </trkpt>
      <trkpt lat="46.410464" lon="-1.539891">
        <ele>4.942</ele>
        <time>2017-07-28T02:37:40Z</time>
      </trkpt>
      <trkpt lat="46.411354" lon="-1.534592">
        <ele>7.726</ele>
        <time>2017-07-28T02:38:00Z</time>
      </trkpt>
      <trkpt lat="46.412351" lon="-1.532130">
        <ele>11.008</ele>
        <time>2017-07-28T02:38:20Z</time>
      </trkpt>
      <trkpt lat="46.412531" lon="-1.530147">
        <ele>12.599</ele>
        <time>2017-07-28T02:38:40Z</time>
      </trkpt>
      <trkpt lat="46.412538" lon="-1.527750">
        <ele>15.736</ele>
        <time>2017-07-28T02:39:00Z</time>
      </trkpt>
      <trkpt lat="46.413067" lon="-1.525875">
        <ele>13.086</ele>
        <time>2017-07-28T02:39:20Z</time>
      </trkpt>
      <trkpt lat="46.413083" lon="-1.523774">
        <ele>10.343</ele>
        <time>2017-07-28T02:39:40Z</time>
      </trkpt>
      <trkpt lat="46.413743" lon="-1.518150">
        <ele>15.390</ele>
        <time>2017-07-28T02:40:00Z</time>
      </trkpt>
      <trkpt lat="46.413449" lon="-1.515008">
        <ele>18.590</ele>
        <time>2017-07-28T02:40:20Z</time>
      </trkpt>
      <trkpt lat="46.413160" lon="-1.513769">
        <ele>19.847</ele>
        <time>2017-07-28T02:40:40Z</time>
      </trkpt>
      <trkpt lat="46.412837" lon="-1.513718">
        <ele>23.469</ele>
        <time>2017-07-28T02:41:00Z</time>
      </trkpt>
      <trkpt lat="46.412607" lon="-1.513168">
        <ele>23.945</ele>
        <time>2017-07-28T02:41:20Z</time>
      </trkpt>
      <trkpt lat="46.411835" lon="-1.512208">
        <ele>25.847</ele>
        <time>2017-07-28T02:41:40Z</time>
      </trkpt>
      <trkpt lat="46.411513" lon="-1.511482">
        <ele>28.011</ele>
        <time>2017-07-28T02:42:00Z</time>
      </trkpt>
      <trkpt lat="46.411405" lon="-1.510832">
        <ele>27.708</ele>
        <time>2017-07-28T02:42:20Z</time>
      </trkpt>
      <trkpt lat="46.410959" lon="-1.510511">
        <ele>27.215</ele>
        <time>2017-07-28T02:42:40Z</time>
      </trkpt>
      <trkpt lat="46.410827" lon="-1.510238">
        <ele>25.872</ele>
        <time>2017-07-28T02:43:00Z</time>
      </trkpt>
      <trkpt lat="46.411130" lon="-1.508657">
        <ele>20.992</ele>
        <time>2017-07-28T02:43:20Z</time>
      </trkpt>
      <trkpt lat="46.410943" lon="-1.506283">
        <ele>21.159</ele>
        <time>2017-07-28T02:43:40Z</time>
      </trkpt>
      <trkpt lat="46.410788" lon="-1.505242">
        <ele>19.846</ele>
        <time>2017-07-28T02:44:00Z</time>
      </trkpt>
      <trkpt lat="46.410369" lon="-1.504752">
        <ele>20.026</ele>
        <time>2017-07-28T02:44:20Z</time>
      </trkpt>
      <trkpt lat="46.410065" lon="-1.503612">
        <ele>20.033</ele>
        <time>2017-07-28T02:44:40Z</time>
      </trkpt>
      <trkpt lat="46.410128" lon="-1.503272">
        <ele>20.845</ele>
        <time>2017-07-28T02:45:00Z</time>
      </trkpt>
      <trkpt lat="46.410494" lon="-1.502938">
        <ele>19.933</ele>
        <time>2017-07-28T02:45:20Z</time>
      </trkpt>
      <trkpt lat="46.410415" lon="-1.502168">
        <ele>18.623</ele>
        <time>2017-07-28T02:45:40Z</time>
      </trkpt>
      <trkpt lat="46.406852" lon="-1.504013">
        <ele>17.015</ele>
        <time>2017-07-28T02:46:00Z</time>
      </trkpt>
      <trkpt lat="46.403327" lon="-1.500526">
        <ele>19.008</ele>
        <time>2017-07-28T02:46:20Z</time>
      </trkpt>
      <trkpt lat="46.404442" lon="-1.497872">
        <ele>11.034</ele>
        <time>2017-07-28T02:46:40Z</time>
      </trkpt>
      <trkpt lat="46.405998" lon="-1.495127">
        <ele>15.041</ele>
        <time>2017-07-28T02:47:00Z</time>
      </trkpt>
      <trkpt lat="46.407609" lon="-1.493389">
        <ele>17.121</ele>
        <time>2017-07-28T02:47:20Z</time>
      </trkpt>
      <trkpt lat="46.407556" lon="-1.492261">
        <ele>14.448</ele>
        <time>2017-07-28T02:47:40Z</time>
      </trkpt>
      <trkpt lat="46.407184" lon="-1.492159">
        <ele>13.255</ele>
        <time>2017-07-28T02:48:00Z</time>
      </trkpt>
      <trkpt lat="46.405608" lon="-1.490391">
        <ele>12.185</ele>
        <time>2017-07-28T02:48:20Z</time>
      </trkpt>
      <trkpt lat="46.405080" lon="-1.490071">
        <ele>12.022</ele>
        <time>2017-07-28T02:48:40Z</time>
      </trkpt>
      <trkpt lat="46.404585" lon="-1.489368">
        <ele>10.014</ele>
        <time>2017-07-28T02:49:00Z</time>
      </trkpt>
      <trkpt lat="46.404009" lon="-1.490627">
        <ele>12.376</ele>
        <time>2017-07-28T02:49:20Z</time>
      </trkpt>
      <trkpt lat="46.403686" lon="-1.490584">
        <ele>10.690</ele>
        <time>2017-07-28T02:49:40Z</time>
      </trkpt>
      <trkpt lat="46.403320" lon="-1.489718">
        <ele>8.019</ele>
        <time>2017-07-28T02:50:00Z</time>
      </trkpt>
      <trkpt lat="46.402963" lon="-1.489306">
        <ele>8.708</ele>
        <time>2017-07-28T02:50:20Z</time>
      </trkpt>
      <trkpt lat="46.402428" lon="-1.487759">
        <ele>8.068</ele>
        <time>2017-07-28T02:50:40Z</time>
      </trkpt>
      <trkpt lat="46.401722" lon="-1.487359">
        <ele>9.875</ele>
        <time>2017-07-28T02:51:00Z</time>
      </trkpt>
      <trkpt lat="46.401594" lon="-1.486784">
        <ele>8.345</ele>
        <time>2017-07-28T02:51:20Z</time>
      </trkpt>
      <trkpt lat="46.400860" lon="-1.485920">
        <ele>10.062</ele>
        <time>2017-07-28T02:51:40Z</time>
      </trkpt>
      <trkpt lat="46.399764" lon="-1.486194">
        <ele>13.899</ele>
        <time>2017-07-28T02:52:00Z</time>
      </trkpt>
      <trkpt lat="46.399400" lon="-1.486809">
        <ele>10.149</ele>
        <time>2017-07-28T02:52:20Z</time>
      </trkpt>
      <trkpt lat="46.399020" lon="-1.487058">
        <ele>11.036</ele>
        <time>2017-07-28T02:52:40Z</time>
      </trkpt>
      <trkpt lat="46.398338" lon="-1.488449">
        <ele>14.068</ele>
        <time>2017-07-28T02:53:00Z</time>
      </trkpt>
      <trkpt lat="46.397325" lon="-1.488447">
        <ele>12.433</ele>
        <time>2017-07-28T02:53:20Z</time>
      </trkpt>
      <trkpt lat="46.396919" lon="-1.489117">
        <ele>10.023</ele>
        <time>2017-07-28T02:53:40Z</time>
      </trkpt>
      <trkpt lat="46.395958" lon="-1.489709">
        <ele>10.615</ele>
        <time>2017-07-28T02:54:00Z</time>
      </trkpt>
      <trkpt lat="46.395353" lon="-1.489370">
        <ele>14.708</ele>
        <time>2017-07-28T02:54:20Z</time>
      </trkpt>
      <trkpt lat="46.395005" lon="-1.488687">
        <ele>12.354</ele>
        <time>2017-07-28T02:54:40Z</time>
      </trkpt>
      <trkpt lat="46.394135" lon="-1.488695">
        <ele>12.081</ele>
        <time>2017-07-28T02:55:00Z</time>
      </trkpt>
      <trkpt lat="46.393568" lon="-1.488209">
        <ele>12.751</ele>
        <time>2017-07-28T02:55:20Z</time>
      </trkpt>
      <trkpt lat="46.393088" lon="-1.488101">
        <ele>13.718</ele>
        <time>2017-07-28T02:55:40Z</time>
      </trkpt>
      <trkpt lat="46.392752" lon="-1.487425">
        <ele>17.135</ele>
        <time>2017-07-28T02:56:00Z</time>
      </trkpt>
      <trkpt lat="46.392661" lon="-1.485763">
        <ele>12.285</ele>
        <time>2017-07-28T02:56:20Z</time>
      </trkpt>
      <trkpt lat="46.392443" lon="-1.485453">
        <ele>12.792</ele>
        <time>2017-07-28T02:56:40Z</time>
      </trkpt>
      <trkpt lat="46.391769" lon="-1.485541">
        <ele>17.074</ele>
        <time>2017-07-28T02:57:00Z</time>
      </trkpt>
      <trkpt lat="46.391548" lon="-1.485690">
        <ele>15.529</ele>
        <time>2017-07-28T02:57:20Z</time>
      </trkpt>
      <trkpt lat="46.390771" lon="-1.487076">
        <ele>13.900</ele>
        <time>2017-07-28T02:57:40Z</time>
      </trkpt>
      <trkpt lat="46.389175" lon="-1.491334">
        <ele>11.420</ele>
        <time>2017-07-28T02:58:00Z</time>
      </trkpt>
      <trkpt lat="46.388556" lon="-1.489694">
        <ele>11.008</ele>
        <time>2017-07-28T02:58:20Z</time>
      </trkpt>
      <trkpt lat="46.388376" lon="-1.489760">
        <ele>11.053</ele>
        <time>2017-07-28T02:58:40Z</time>
      </trkpt>
      <trkpt lat="46.388261" lon="-1.490809">
        <ele>12.950</ele>
        <time>2017-07-28T02:59:00Z</time>
      </trkpt>
      <trkpt lat="46.388043" lon="-1.491002">
        <ele>13.060</ele>
        <time>2017-07-28T02:59:20Z</time>
      </trkpt>
      <trkpt lat="46.386502" lon="-1.490107">
        <ele>9.697</ele>
        <time>2017-07-28T02:59:40Z</time>
      </trkpt>
      <trkpt lat="46.386195" lon="-1.488897">
        <ele>12.754</ele>
        <time>2017-07-28T03:00:00Z</time>
      </trkpt>
      <trkpt lat="46.384314" lon="-1.487416">
        <ele>12.424</ele>
        <time>2017-07-28T03:00:20Z</time>
      </trkpt>
      <trkpt lat="46.384023" lon="-1.486946">
        <ele>11.591</ele>
        <time>2017-07-28T03:00:40Z</time>
      </trkpt>
      <trkpt lat="46.383971" lon="-1.485679">
        <ele>14.653</ele>
        <time>2017-07-28T03:01:00Z</time>
      </trkpt>
      <trkpt lat="46.384502" lon="-1.482361">
        <ele>20.782</ele>
        <time>2017-07-28T03:01:20Z</time>
      </trkpt>
      <trkpt lat="46.384538" lon="-1.477619">
        <ele>13.143</ele>
        <time>2017-07-28T03:01:40Z</time>
      </trkpt>
      <trkpt lat="46.385010" lon="-1.475294">
        <ele>14.917</ele>
        <time>2017-07-28T03:02:00Z</time>
      </trkpt>
      <trkpt lat="46.385149" lon="-1.471874">
        <ele>8.408</ele>
        <time>2017-07-28T03:02:20Z</time>
      </trkpt>
      <trkpt lat="46.384918" lon="-1.470560">
        <ele>7.319</ele>
        <time>2017-07-28T03:02:40Z</time>
      </trkpt>
      <trkpt lat="46.383804" lon="-1.470057">
        <ele>11.516</ele>
        <time>2017-07-28T03:03:00Z</time>
      </trkpt>
      <trkpt lat="46.383650" lon="-1.468732">
        <ele>10.366</ele>
        <time>2017-07-28T03:03:20Z</time>
      </trkpt>
      <trkpt lat="46.382518" lon="-1.466303">
        <ele>13.473</ele>
        <time>2017-07-28T03:03:40Z</time>
      </trkpt>
      <trkpt lat="46.380673" lon="-1.466112">
        <ele>8.060</ele>
        <time>2017-07-28T03:04:00Z</time>
      </trkpt>
      <trkpt lat="46.380125" lon="-1.465858">
        <ele>6.710</ele>
        <time>2017-07-28T03:04:20Z</time>
      </trkpt>
      <trkpt lat="46.379667" lon="-1.466254">
        <ele>15.737</ele>
        <time>2017-07-28T03:04:40Z</time>
      </trkpt>
      <trkpt lat="46.379176" lon="-1.466052">
        <ele>16.169</ele>
        <time>2017-07-28T03:05:00Z</time>
      </trkpt>
      <trkpt lat="46.378738" lon="-1.466130">
        <ele>17.137</ele>
        <time>2017-07-28T03:05:20Z</time>
      </trkpt>
      <trkpt lat="46.377868" lon="-1.465321">
        <ele>16.449</ele>
        <time>2017-07-28T03:05:40Z</time>
      </trkpt>
      <trkpt lat="46.377441" lon="-1.465133">
        <ele>15.613</ele>
        <time>2017-07-28T03:06:00Z</time>
      </trkpt>
      <trkpt lat="46.376726" lon="-1.465551">
        <ele>11.608</ele>
        <time>2017-07-28T03:06:20Z</time>
      </trkpt>
      <trkpt lat="46.375439" lon="-1.465816">
        <ele>9.444</ele>
        <time>2017-07-28T03:06:40Z</time>
      </trkpt>
      <trkpt lat="46.375011" lon="-1.466509">
        <ele>12.021</ele>
        <time>2017-07-28T03:07:00Z</time>
      </trkpt>
      <trkpt lat="46.373938" lon="-1.466805">
        <ele>14.261</ele>
        <time>2017-07-28T03:07:20Z</time>
      </trkpt>
      <trkpt lat="46.373829" lon="-1.466638">
        <ele>15.058</ele>
        <time>2017-07-28T03:07:40Z</time>
      </trkpt>
      <trkpt lat="46.373889" lon="-1.465814">
        <ele>14.975</ele>
        <time>2017-07-28T03:08:00Z</time>
      </trkpt>
      <trkpt lat="46.373734" lon="-1.464389">
        <ele>12.985</ele>
        <time>2017-07-28T03:08:20Z</time>
      </trkpt>
      <trkpt lat="46.373297" lon="-1.462276">
        <ele>8.782</ele>
        <time>2017-07-28T03:08:40Z</time>
      </trkpt>
      <trkpt lat="46.372525" lon="-1.462005">
        <ele>9.014</ele>
        <time>2017-07-28T03:09:00Z</time>
      </trkpt>
      <trkpt lat="46.370869" lon="-1.460515">
        <ele>13.632</ele>
        <time>2017-07-28T03:09:20Z</time>
      </trkpt>
      <trkpt lat="46.369295" lon="-1.459776">
        <ele>9.092</ele>
        <time>2017-07-28T03:09:40Z</time>
      </trkpt>
      <trkpt lat="46.368637" lon="-1.459098">
        <ele>5.911</ele>
        <time>2017-07-28T03:10:00Z</time>
      </trkpt>
      <trkpt lat="46.365823" lon="-1.457210">
        <ele>5.008</ele>
        <time>2017-07-28T03:10:20Z</time>
      </trkpt>
      <trkpt lat="46.366615" lon="-1.457801">
        <ele>4.174</ele>
        <time>2017-07-28T03:10:40Z</time>
      </trkpt>
      <trkpt lat="46.366226" lon="-1.457564">
        <ele>3.271</ele>
        <time>2017-07-28T03:11:00Z</time>
      </trkpt>
      <trkpt lat="46.364740" lon="-1.456090">
        <ele>3.021</ele>
        <time>2017-07-28T03:11:20Z</time>
      </trkpt>
      <trkpt lat="46.362045" lon="-1.451824">
        <ele>0.668</ele>
        <time>2017-07-28T03:11:40Z</time>
      </trkpt>
      <trkpt lat="46.361555" lon="-1.451648">
        <ele>2.015</ele>
        <time>2017-07-28T03:12:00Z</time>
      </trkpt>
      <trkpt lat="46.361598" lon="-1.451054">
        <ele>1.285</ele>
        <time>2017-07-28T03:12:20Z</time>
      </trkpt>
      <trkpt lat="46.357488" lon="-1.444076">
        <ele>2.132</ele>
        <time>2017-07-28T03:12:40Z</time>
      </trkpt>
      <trkpt lat="46.356619" lon="-1.442081">
        <ele>1.084</ele>
        <time>2017-07-28T03:13:00Z</time>
      </trkpt>
      <trkpt lat="46.353816" lon="-1.434105">
        <ele>0.058</ele>
        <time>2017-07-28T03:13:20Z</time>
      </trkpt>
      <trkpt lat="46.352761" lon="-1.431673">
        <ele>1.952</ele>
        <time>2017-07-28T03:13:40Z</time>
      </trkpt>
      <trkpt lat="46.352530" lon="-1.431419">
        <ele>1.117</ele>
        <time>2017-07-28T03:14:00Z</time>
      </trkpt>
      <trkpt lat="46.351929" lon="-1.429776">
        <ele>1.008</ele>
        <time>2017-07-28T03:14:20Z</time>
      </trkpt>
      <trkpt lat="46.351540" lon="-1.429436">
        <ele>1.556</ele>
        <time>2017-07-28T03:14:40Z</time>
      </trkpt>
      <trkpt lat="46.351507" lon="-1.428522">
        <ele>2.353</ele>
        <time>2017-07-28T03:15:00Z</time>
      </trkpt>
      <trkpt lat="46.351265" lon="-1.427913">
        <ele>2.283</ele>
        <time>2017-07-28T03:15:20Z</time>
      </trkpt>
      <trkpt lat="46.350322" lon="-1.426334">
        <ele>1.310</ele>
        <time>2017-07-28T03:15:40Z</time>
      </trkpt>
      <trkpt lat="46.349737" lon="-1.426055">
        <ele>2.097</ele>
        <time>2017-07-28T03:16:00Z</time>
      </trkpt>
      <trkpt lat="46.349422" lon="-1.426166">
        <ele>3.037</ele>
        <time>2017-07-28T03:16:20Z</time>
      </trkpt>
      <trkpt lat="46.349248" lon="-1.425988">
        <ele>3.344</ele>
        <time>2017-07-28T03:16:40Z</time>
      </trkpt>
      <trkpt lat="46.349057" lon="-1.425246">
        <ele>3.936</ele>
        <time>2017-07-28T03:17:00Z</time>
      </trkpt>
      <trkpt lat="46.349348" lon="-1.420926">
        <ele>4.988</ele>
        <time>2017-07-28T03:17:20Z</time>
      </trkpt>
      <trkpt lat="46.349342" lon="-1.418614">
        <ele>5.524</ele>
        <time>2017-07-28T03:17:40Z</time>
      </trkpt>
      <trkpt lat="46.348988" lon="-1.414933">
        <ele>6.626</ele>
        <time>2017-07-28T03:18:00Z</time>
      </trkpt>
      <trkpt lat="46.349024" lon="-1.412856">
        <ele>5.508</ele>
        <time>2017-07-28T03:18:20Z</time>
      </trkpt>
      <trkpt lat="46.348845" lon="-1.410610">
        <ele>5.269</ele>
        <time>2017-07-28T03:18:40Z</time>
      </trkpt>
      <trkpt lat="46.349149" lon="-1.408441">
        <ele>5.616</ele>
        <time>2017-07-28T03:19:00Z</time>
      </trkpt>
      <trkpt lat="46.348852" lon="-1.406745">
        <ele>5.156</ele>
        <time>2017-07-28T03:19:20Z</time>
      </trkpt>
      <trkpt lat="46.348062" lon="-1.404298">
        <ele>4.093</ele>
        <time>2017-07-28T03:19:40Z</time>
      </trkpt>
      <trkpt lat="46.348123" lon="-1.402016">
        <ele>4.850</ele>
        <time>2017-07-28T03:20:00Z</time>
      </trkpt>
      <trkpt lat="46.347637" lon="-1.398757">
        <ele>4.720</ele>
        <time>2017-07-28T03:20:20Z</time>
      </trkpt>
      <trkpt lat="46.347470" lon="-1.394999">
        <ele>6.197</ele>
        <time>2017-07-28T03:20:40Z</time>
      </trkpt>
      <trkpt lat="46.347382" lon="-1.394478">
        <ele>5.169</ele>
        <time>2017-07-28T03:21:00Z</time>
      </trkpt>
      <trkpt lat="46.347162" lon="-1.394152">
        <ele>5.089</ele>
        <time>2017-07-28T03:21:20Z</time>
      </trkpt>
      <trkpt lat="46.347373" lon="-1.394032">
        <ele>5.006</ele>
        <time>2017-07-28T03:21:40Z</time>
      </trkpt>
      <trkpt lat="46.347181" lon="-1.390932">
        <ele>4.726</ele>
        <time>2017-07-28T03:22:00Z</time>
      </trkpt>
      <trkpt lat="46.347623" lon="-1.385045">
        <ele>5.008</ele>
        <time>2017-07-28T03:22:20Z</time>
      </trkpt>
      <trkpt lat="46.347699" lon="-1.380987">
        <ele>3.619</ele>
        <time>2017-07-28T03:22:40Z</time>
      </trkpt>
      <trkpt lat="46.347933" lon="-1.379398">
        <ele>2.556</ele>
        <time>2017-07-28T03:23:00Z</time>
      </trkpt>
      <trkpt lat="46.348861" lon="-1.375779">
        <ele>3.996</ele>
        <time>2017-07-28T03:23:20Z</time>
      </trkpt>
      <trkpt lat="46.349414" lon="-1.371690">
        <ele>2.963</ele>
        <time>2017-07-28T03:23:40Z</time>
      </trkpt>
      <trkpt lat="46.349503" lon="-1.368076">
        <ele>5.310</ele>
        <time>2017-07-28T03:24:00Z</time>
      </trkpt>
      <trkpt lat="46.349284" lon="-1.366929">
        <ele>3.010</ele>
        <time>2017-07-28T03:24:20Z</time>
      </trkpt>
      <trkpt lat="46.349549" lon="-1.366638">
        <ele>3.017</ele>
        <time>2017-07-28T03:24:40Z</time>
      </trkpt>
      <trkpt lat="46.349795" lon="-1.367029">
        <ele>4.059</ele>
        <time>2017-07-28T03:25:00Z</time>
      </trkpt>
      <trkpt lat="46.350015" lon="-1.367017">
        <ele>3.977</ele>
        <time>2017-07-28T03:25:20Z</time>
      </trkpt>
      <trkpt lat="46.351679" lon="-1.367928">
        <ele>2.061</ele>
        <time>2017-07-28T03:25:40Z</time>
      </trkpt>
      <trkpt lat="46.352168" lon="-1.367277">
        <ele>1.027</ele>
        <time>2017-07-28T03:26:00Z</time>
      </trkpt>
      <trkpt lat="46.351855" lon="-1.359287">
        <ele>0.808</ele>
        <time>2017-07-28T03:26:20Z</time>
      </trkpt>
      <trkpt lat="46.351928" lon="-1.356864">
        <ele>2.778</ele>
        <time>2017-07-28T03:26:40Z</time>
      </trkpt>
      <trkpt lat="46.352346" lon="-1.354538">
        <ele>1.285</ele>
        <time>2017-07-28T03:27:00Z</time>
      </trkpt>
      <trkpt lat="46.353477" lon="-1.350147">
        <ele>1.775</ele>
        <time>2017-07-28T03:27:20Z</time>
      </trkpt>
      <trkpt lat="46.353618" lon="-1.347382">
        <ele>1.082</ele>
        <time>2017-07-28T03:27:40Z</time>
      </trkpt>
      <trkpt lat="46.353419" lon="-1.345752">
        <ele>1.399</ele>
        <time>2017-07-28T03:28:00Z</time>
      </trkpt>
      <trkpt lat="46.352729" lon="-1.342635">
        <ele>0.949</ele>
        <time>2017-07-28T03:28:20Z</time>
      </trkpt>
      <trkpt lat="46.346627" lon="-1.318085">
        <ele>0.196</ele>
        <time>2017-07-28T03:28:40Z</time>
      </trkpt>
      <trkpt lat="46.346142" lon="-1.314322">
        <ele>0.758</ele>
        <time>2017-07-28T03:29:00Z</time>
      </trkpt>
      <trkpt lat="46.345849" lon="-1.313603">
        <ele>0.071</ele>
        <time>2017-07-28T03:29:20Z</time>
      </trkpt>
      <trkpt lat="46.345886" lon="-1.312671">
        <ele>0.341</ele>
        <time>2017-07-28T03:29:40Z</time>
      </trkpt>
      <trkpt lat="46.339686" lon="-1.288303">
        <ele>0.015</ele>
        <time>2017-07-28T03:30:00Z</time>
      </trkpt>
      <trkpt lat="46.338929" lon="-1.285133">
        <ele>-0.908</ele>
        <time>2017-07-28T03:30:20Z</time>
      </trkpt>
      <trkpt lat="46.338659" lon="-1.282879">
        <ele>2.028</ele>
        <time>2017-07-28T03:30:40Z</time>
      </trkpt>
      <trkpt lat="46.338388" lon="-1.282102">
        <ele>0.815</ele>
        <time>2017-07-28T03:31:00Z</time>
      </trkpt>
      <trkpt lat="46.337989" lon="-1.281777">
        <ele>0.215</ele>
        <time>2017-07-28T03:31:20Z</time>
      </trkpt>
      <trkpt lat="46.337918" lon="-1.281462">
        <ele>0.582</ele>
        <time>2017-07-28T03:31:40Z</time>
      </trkpt>
      <trkpt lat="46.338103" lon="-1.281032">
        <ele>1.269</ele>
        <time>2017-07-28T03:32:00Z</time>
      </trkpt>
      <trkpt lat="46.338569" lon="-1.281047">
        <ele>2.839</ele>
        <time>2017-07-28T03:32:20Z</time>
      </trkpt>
      <trkpt lat="46.338786" lon="-1.280069">
        <ele>2.526</ele>
        <time>2017-07-28T03:32:40Z</time>
      </trkpt>
      <trkpt lat="46.346380" lon="-1.266748">
        <ele>1.038</ele>
        <time>2017-07-28T03:33:00Z</time>
      </trkpt>
      <trkpt lat="46.348724" lon="-1.263377">
        <ele>3.215</ele>
        <time>2017-07-28T03:33:20Z</time>
      </trkpt>
      <trkpt lat="46.349524" lon="-1.262871">
        <ele>2.765</ele>
        <time>2017-07-28T03:33:40Z</time>
      </trkpt>
      <trkpt lat="46.349909" lon="-1.260859">
        <ele>6.011</ele>
        <time>2017-07-28T03:34:00Z</time>
      </trkpt>
      <trkpt lat="46.350767" lon="-1.258793">
        <ele>10.008</ele>
        <time>2017-07-28T03:34:20Z</time>
      </trkpt>
      <trkpt lat="46.352378" lon="-1.256546">
        <ele>15.472</ele>
        <time>2017-07-28T03:34:40Z</time>
      </trkpt>
      <trkpt lat="46.353518" lon="-1.254049">
        <ele>13.779</ele>
        <time>2017-07-28T03:35:00Z</time>
      </trkpt>
      <trkpt lat="46.353469" lon="-1.253066">
        <ele>13.589</ele>
        <time>2017-07-28T03:35:20Z</time>
      </trkpt>
      <trkpt lat="46.354275" lon="-1.251555">
        <ele>9.076</ele>
        <time>2017-07-28T03:35:40Z</time>
      </trkpt>
      <trkpt lat="46.353650" lon="-1.250562">
        <ele>9.043</ele>
        <time>2017-07-28T03:36:00Z</time>
      </trkpt>
      <trkpt lat="46.354179" lon="-1.249731">
        <ele>9.043</ele>
        <time>2017-07-28T03:36:20Z</time>
      </trkpt>
      <trkpt lat="46.354238" lon="-1.248915">
        <ele>7.620</ele>
        <time>2017-07-28T03:36:40Z</time>
      </trkpt>
      <trkpt lat="46.353511" lon="-1.248324">
        <ele>6.072</ele>
        <time>2017-07-28T03:37:00Z</time>
      </trkpt>
      <trkpt lat="46.352524" lon="-1.247124">
        <ele>6.053</ele>
        <time>2017-07-28T03:37:20Z</time>
      </trkpt>
      <trkpt lat="46.352489" lon="-1.247553">
        <ele>6.004</ele>
        <time>2017-07-28T03:37:40Z</time>
      </trkpt>
      <trkpt lat="46.351980" lon="-1.248761">
        <ele>7.014</ele>
        <time>2017-07-28T03:38:00Z</time>
      </trkpt>
      <trkpt lat="46.350860" lon="-1.247733">
        <ele>5.108</ele>
        <time>2017-07-28T03:38:20Z</time>
      </trkpt>
      <trkpt lat="46.350894" lon="-1.247202">
        <ele>3.926</ele>
        <time>2017-07-28T03:38:40Z</time>
      </trkpt>
      <trkpt lat="46.352640" lon="-1.240909">
        <ele>1.413</ele>
        <time>2017-07-28T03:39:00Z</time>
      </trkpt>
      <trkpt lat="46.352716" lon="-1.239515">
        <ele>2.863</ele>
        <time>2017-07-28T03:39:20Z</time>
      </trkpt>
      <trkpt lat="46.354003" lon="-1.235201">
        <ele>0.140</ele>
        <time>2017-07-28T03:39:40Z</time>
      </trkpt>
      <trkpt lat="46.354654" lon="-1.233552">
        <ele>0.257</ele>
        <time>2017-07-28T03:40:00Z</time>
      </trkpt>
      <trkpt lat="46.357602" lon="-1.222872">
        <ele>0.977</ele>
        <time>2017-07-28T03:40:20Z</time>
      </trkpt>
      <trkpt lat="46.358973" lon="-1.219060">
        <ele>0.064</ele>
        <time>2017-07-28T03:40:40Z</time>
      </trkpt>
      <trkpt lat="46.359273" lon="-1.218689">
        <ele>0.386</ele>
        <time>2017-07-28T03:41:00Z</time>
      </trkpt>
      <trkpt lat="46.358514" lon="-1.217414">
        <ele>4.086</ele>
        <time>2017-07-28T03:41:20Z</time>
      </trkpt>
      <trkpt lat="46.357857" lon="-1.216755">
        <ele>1.660</ele>
        <time>2017-07-28T03:41:40Z</time>
      </trkpt>
      <trkpt lat="46.358059" lon="-1.216182">
        <ele>2.026</ele>
        <time>2017-07-28T03:42:00Z</time>
      </trkpt>
      <trkpt lat="46.359658" lon="-1.216872">
        <ele>2.608</ele>
        <time>2017-07-28T03:42:20Z</time>
      </trkpt>
      <trkpt lat="46.359739" lon="-1.216612">
        <ele>2.129</ele>
        <time>2017-07-28T03:42:40Z</time>
      </trkpt>
      <trkpt lat="46.359181" lon="-1.206427">
        <ele>2.056</ele>
        <time>2017-07-28T03:43:00Z</time>
      </trkpt>
      <trkpt lat="46.360098" lon="-1.196352">
        <ele>1.636</ele>
        <time>2017-07-28T03:43:20Z</time>
      </trkpt>
      <trkpt lat="46.361467" lon="-1.184852">
        <ele>1.493</ele>
        <time>2017-07-28T03:43:40Z</time>
      </trkpt>
      <trkpt lat="46.360967" lon="-1.179946">
        <ele>0.020</ele>
        <time>2017-07-28T03:44:00Z</time>
      </trkpt>
      <trkpt lat="46.361102" lon="-1.172524">
        <ele>2.060</ele>
        <time>2017-07-28T03:44:20Z</time>
      </trkpt>
      <trkpt lat="46.358298" lon="-1.168573">
        <ele>0.087</ele>
        <time>2017-07-28T03:44:40Z</time>
      </trkpt>
      <trkpt lat="46.358119" lon="-1.168144">
        <ele>-0.219</ele>
        <time>2017-07-28T03:45:00Z</time>
      </trkpt>
      <trkpt lat="46.358359" lon="-1.166609">
        <ele>0.264</ele>
        <time>2017-07-28T03:45:20Z</time>
      </trkpt>
      <trkpt lat="46.355739" lon="-1.166141">
        <ele>1.206</ele>
        <time>2017-07-28T03:45:40Z</time>
      </trkpt>
      <trkpt lat="46.355757" lon="-1.165696">
        <ele>2.616</ele>
        <time>2017-07-28T03:46:00Z</time>
      </trkpt>
      <trkpt lat="46.355101" lon="-1.165525">
        <ele>1.808</ele>
        <time>2017-07-28T03:46:20Z</time>
      </trkpt>
      <trkpt lat="46.354762" lon="-1.164521">
        <ele>2.887</ele>
        <time>2017-07-28T03:46:40Z</time>
      </trkpt>
      <trkpt lat="46.354554" lon="-1.162628">
        <ele>1.484</ele>
        <time>2017-07-28T03:47:00Z</time>
      </trkpt>
      <trkpt lat="46.354200" lon="-1.161742">
        <ele>1.884</ele>
        <time>2017-07-28T03:47:20Z</time>
      </trkpt>
      <trkpt lat="46.349443" lon="-1.151898">
        <ele>1.061</ele>
        <time>2017-07-28T03:47:40Z</time>
      </trkpt>
      <trkpt lat="46.347825" lon="-1.150661">
        <ele>1.278</ele>
        <time>2017-07-28T03:48:00Z</time>
      </trkpt>
      <trkpt lat="46.346226" lon="-1.150857">
        <ele>-1.318</ele>
        <time>2017-07-28T03:48:20Z</time>
      </trkpt>
      <trkpt lat="46.345937" lon="-1.150588">
        <ele>-1.045</ele>
        <time>2017-07-28T03:48:40Z</time>
      </trkpt>
      <trkpt lat="46.340738" lon="-1.140154">
        <ele>-0.727</ele>
        <time>2017-07-28T03:49:00Z</time>
      </trkpt>
      <trkpt lat="46.329726" lon="-1.123023">
        <ele>1.968</ele>
        <time>2017-07-28T03:49:20Z</time>
      </trkpt>
      <trkpt lat="46.329094" lon="-1.117553">
        <ele>-0.342</ele>
        <time>2017-07-28T03:49:40Z</time>
      </trkpt>
      <trkpt lat="46.329280" lon="-1.115072">
        <ele>-0.326</ele>
        <time>2017-07-28T03:50:00Z</time>
      </trkpt>
      <trkpt lat="46.329175" lon="-1.114576">
        <ele>1.508</ele>
        <time>2017-07-28T03:50:20Z</time>
      </trkpt>
      <trkpt lat="46.329562" lon="-1.111045">
        <ele>0.477</ele>
        <time>2017-07-28T03:50:40Z</time>
      </trkpt>
      <trkpt lat="46.332135" lon="-1.106271">
        <ele>0.234</ele>
        <time>2017-07-28T03:51:00Z</time>
      </trkpt>
      <trkpt lat="46.332158" lon="-1.105682">
        <ele>0.124</ele>
        <time>2017-07-28T03:51:20Z</time>
      </trkpt>
      <trkpt lat="46.331579" lon="-1.102102">
        <ele>-1.481</ele>
        <time>2017-07-28T03:51:40Z</time>
      </trkpt>
      <trkpt lat="46.329571" lon="-1.101070">
        <ele>-0.918</ele>
        <time>2017-07-28T03:52:00Z</time>
      </trkpt>
      <trkpt lat="46.327772" lon="-1.099290">
        <ele>0.618</ele>
        <time>2017-07-28T03:52:20Z</time>
      </trkpt>
      <trkpt lat="46.322877" lon="-1.093211">
        <ele>0.625</ele>
        <time>2017-07-28T03:52:40Z</time>
      </trkpt>
      <trkpt lat="46.320838" lon="-1.091134">
        <ele>1.187</ele>
        <time>2017-07-28T03:53:00Z</time>
      </trkpt>
      <trkpt lat="46.318645" lon="-1.088410">
        <ele>1.017</ele>
        <time>2017-07-28T03:53:20Z</time>
      </trkpt>
      <trkpt lat="46.318689" lon="-1.088504">
        <ele>1.087</ele>
        <time>2017-07-28T03:53:40Z</time>
      </trkpt>
      <trkpt lat="46.318340" lon="-1.086351">
        <ele>4.015</ele>
        <time>2017-07-28T03:54:00Z</time>
      </trkpt>
      <trkpt lat="46.317526" lon="-1.084286">
        <ele>1.608</ele>
        <time>2017-07-28T03:54:20Z</time>
      </trkpt>
      <trkpt lat="46.317635" lon="-1.082948">
        <ele>0.522</ele>
        <time>2017-07-28T03:54:40Z</time>
      </trkpt>
      <trkpt lat="46.317962" lon="-1.082897">
        <ele>1.449</ele>
        <time>2017-07-28T03:55:00Z</time>
      </trkpt>
      <trkpt lat="46.317908" lon="-1.082490">
        <ele>1.089</ele>
        <time>2017-07-28T03:55:20Z</time>
      </trkpt>
      <trkpt lat="46.318025" lon="-1.082456">
        <ele>1.186</ele>
        <time>2017-07-28T03:55:40Z</time>
      </trkpt>
      <trkpt lat="46.321190" lon="-1.082167">
        <ele>1.463</ele>
        <time>2017-07-28T03:56:00Z</time>
      </trkpt>
      <trkpt lat="46.320759" lon="-1.081621">
        <ele>2.093</ele>
        <time>2017-07-28T03:56:20Z</time>
      </trkpt>
      <trkpt lat="46.319056" lon="-1.077365">
        <ele>2.850</ele>
        <time>2017-07-28T03:56:40Z</time>
      </trkpt>
      <trkpt lat="46.319017" lon="-1.076718">
        <ele>2.152</ele>
        <time>2017-07-28T03:57:00Z</time>
      </trkpt>
      <trkpt lat="46.319354" lon="-1.074106">
        <ele>0.784</ele>
        <time>2017-07-28T03:57:20Z</time>
      </trkpt>
      <trkpt lat="46.319293" lon="-1.073373">
        <ele>2.207</ele>
        <time>2017-07-28T03:57:40Z</time>
      </trkpt>
      <trkpt lat="46.318432" lon="-1.071496">
        <ele>4.017</ele>
        <time>2017-07-28T03:58:00Z</time>
      </trkpt>
      <trkpt lat="46.318244" lon="-1.071404">
        <ele>3.708</ele>
        <time>2017-07-28T03:58:20Z</time>
      </trkpt>
      <trkpt lat="46.317323" lon="-1.071501">
        <ele>0.479</ele>
        <time>2017-07-28T03:58:40Z</time>
      </trkpt>
      <trkpt lat="46.317282" lon="-1.068669">
        <ele>2.686</ele>
        <time>2017-07-28T03:59:00Z</time>
      </trkpt>
      <trkpt lat="46.314855" lon="-1.029374">
        <ele>4.176</ele>
        <time>2017-07-28T03:59:20Z</time>
      </trkpt>
      <trkpt lat="46.314551" lon="-1.027314">
        <ele>2.843</ele>
        <time>2017-07-28T03:59:40Z</time>
      </trkpt>
      <trkpt lat="46.314610" lon="-1.025473">
        <ele>3.150</ele>
        <time>2017-07-28T04:00:00Z</time>
      </trkpt>
      <trkpt lat="46.313851" lon="-1.013687">
        <ele>5.550</ele>
        <time>2017-07-28T04:00:20Z</time>
      </trkpt>
      <trkpt lat="46.313940" lon="-1.011782">
        <ele>4.247</ele>
        <time>2017-07-28T04:00:40Z</time>
      </trkpt>
      <trkpt lat="46.314656" lon="-1.008157">
        <ele>0.199</ele>
        <time>2017-07-28T04:01:00Z</time>
      </trkpt>
      <trkpt lat="46.314721" lon="-1.006490">
        <ele>4.062</ele>
        <time>2017-07-28T04:01:20Z</time>
      </trkpt>
      <trkpt lat="46.314569" lon="-1.005080">
        <ele>2.883</ele>
        <time>2017-07-28T04:01:40Z</time>
      </trkpt>
      <trkpt lat="46.314371" lon="-1.004531">
        <ele>2.311</ele>
        <time>2017-07-28T04:02:00Z</time>
      </trkpt>
      <trkpt lat="46.313886" lon="-1.003984">
        <ele>3.008</ele>
        <time>2017-07-28T04:02:20Z</time>
      </trkpt>
      <trkpt lat="46.313984" lon="-1.003207">
        <ele>1.757</ele>
        <time>2017-07-28T04:02:40Z</time>
      </trkpt>
      <trkpt lat="46.313044" lon="-1.000276">
        <ele>3.084</ele>
        <time>2017-07-28T04:03:00Z</time>
      </trkpt>
      <trkpt lat="46.312146" lon="-0.998886">
        <ele>4.084</ele>
        <time>2017-07-28T04:03:20Z</time>
      </trkpt>
      <trkpt lat="46.312008" lon="-0.998168">
        <ele>4.541</ele>
        <time>2017-07-28T04:03:40Z</time>
      </trkpt>
      <trkpt lat="46.311499" lon="-0.998658">
        <ele>5.068</ele>
        <time>2017-07-28T04:04:00Z</time>
      </trkpt>
      <trkpt lat="46.312023" lon="-0.998171">
        <ele>4.478</ele>
        <time>2017-07-28T04:04:20Z</time>
      </trkpt>
      <trkpt lat="46.312260" lon="-0.997677">
        <ele>4.925</ele>
        <time>2017-07-28T04:04:40Z</time>
      </trkpt>
      <trkpt lat="46.312219" lon="-0.997406">
        <ele>5.027</ele>
        <time>2017-07-28T04:05:00Z</time>
      </trkpt>
      <trkpt lat="46.311150" lon="-0.995262">
        <ele>6.991</ele>
        <time>2017-07-28T04:05:20Z</time>
      </trkpt>
      <trkpt lat="46.310712" lon="-0.995258">
        <ele>6.681</ele>
        <time>2017-07-28T04:05:40Z</time>
      </trkpt>
      <trkpt lat="46.310052" lon="-0.994173">
        <ele>9.619</ele>
        <time>2017-07-28T04:06:00Z</time>
      </trkpt>
      <trkpt lat="46.310198" lon="-0.993266">
        <ele>11.608</ele>
        <time>2017-07-28T04:06:20Z</time>
      </trkpt>
      <trkpt lat="46.310233" lon="-0.994068">
        <ele>9.110</ele>
        <time>2017-07-28T04:06:40Z</time>
      </trkpt>
      <trkpt lat="46.311049" lon="-0.994047">
        <ele>8.017</ele>
        <time>2017-07-28T04:07:00Z</time>
      </trkpt>
      <trkpt lat="46.311150" lon="-0.993963">
        <ele>7.937</ele>
        <time>2017-07-28T04:07:20Z</time>
      </trkpt>
      <trkpt lat="46.311110" lon="-0.993447">
        <ele>7.464</ele>
        <time>2017-07-28T04:07:40Z</time>
      </trkpt>
      <trkpt lat="46.311356" lon="-0.993754">
        <ele>7.161</ele>
        <time>2017-07-28T04:08:00Z</time>
      </trkpt>
      <trkpt lat="46.311327" lon="-0.992767">
        <ele>3.551</ele>
        <time>2017-07-28T04:08:20Z</time>
      </trkpt>
      <trkpt lat="46.311200" lon="-0.992714">
        <ele>4.518</ele>
        <time>2017-07-28T04:08:40Z</time>
      </trkpt>
      <trkpt lat="46.311329" lon="-0.992636">
        <ele>3.540</ele>
        <time>2017-07-28T04:09:00Z</time>
      </trkpt>
      <trkpt lat="46.311241" lon="-0.991800">
        <ele>5.513</ele>
        <time>2017-07-28T04:09:20Z</time>
      </trkpt>
      <trkpt lat="46.310680" lon="-0.991752">
        <ele>7.943</ele>
        <time>2017-07-28T04:09:40Z</time>
      </trkpt>
      <trkpt lat="46.308856" lon="-0.992226">
        <ele>13.007</ele>
        <time>2017-07-28T04:10:00Z</time>
      </trkpt>
      <trkpt lat="46.308561" lon="-0.992196">
        <ele>12.908</ele>
        <time>2017-07-28T04:10:20Z</time>
      </trkpt>
      <trkpt lat="46.305689" lon="-0.990759">
        <ele>11.742</ele>
        <time>2017-07-28T04:10:40Z</time>
      </trkpt>
      <trkpt lat="46.305416" lon="-0.990579">
        <ele>12.569</ele>
        <time>2017-07-28T04:11:00Z</time>
      </trkpt>
      <trkpt lat="46.305549" lon="-0.990354">
        <ele>12.769</ele>
        <time>2017-07-28T04:11:20Z</time>
      </trkpt>
      <trkpt lat="46.305476" lon="-0.990226">
        <ele>12.726</ele>
        <time>2017-07-28T04:11:40Z</time>
      </trkpt>
      <trkpt lat="46.305254" lon="-0.990135">
        <ele>12.053</ele>
        <time>2017-07-28T04:12:00Z</time>
      </trkpt>
      <trkpt lat="46.305048" lon="-0.990240">
        <ele>11.913</ele>
        <time>2017-07-28T04:12:20Z</time>
      </trkpt>
      <trkpt lat="46.304000" lon="-0.989684">
        <ele>11.380</ele>
        <time>2017-07-28T04:12:40Z</time>
      </trkpt>
      <trkpt lat="46.297979" lon="-0.990969">
        <ele>5.932</ele>
        <time>2017-07-28T04:13:00Z</time>
      </trkpt>
      <trkpt lat="46.296087" lon="-0.991240">
        <ele>4.038</ele>
        <time>2017-07-28T04:13:20Z</time>
      </trkpt>
      <trkpt lat="46.285506" lon="-0.993558">
        <ele>2.170</ele>
        <time>2017-07-28T04:13:40Z</time>
      </trkpt>
      <trkpt lat="46.284643" lon="-0.993850">
        <ele>3.017</ele>
        <time>2017-07-28T04:14:00Z</time>
      </trkpt>
      <trkpt lat="46.283184" lon="-0.994656">
        <ele>3.308</ele>
        <time>2017-07-28T04:14:20Z</time>
      </trkpt>
      <trkpt lat="46.261872" lon="-1.010284">
        <ele>18.064</ele>
        <time>2017-07-28T04:14:40Z</time>
      </trkpt>
      <trkpt lat="46.261195" lon="-1.011269">
        <ele>18.311</ele>
        <time>2017-07-28T04:15:00Z</time>
      </trkpt>
      <trkpt lat="46.255472" lon="-1.021763">
        <ele>15.561</ele>
        <time>2017-07-28T04:15:20Z</time>
      </trkpt>
      <trkpt lat="46.253664" lon="-1.023938">
        <ele>11.978</ele>
        <time>2017-07-28T04:15:40Z</time>
      </trkpt>
      <trkpt lat="46.253750" lon="-1.026838">
        <ele>9.055</ele>
        <time>2017-07-28T04:16:00Z</time>
      </trkpt>
      <trkpt lat="46.253111" lon="-1.028912">
        <ele>5.075</ele>
        <time>2017-07-28T04:16:20Z</time>
      </trkpt>
      <trkpt lat="46.252921" lon="-1.031462">
        <ele>4.552</ele>
        <time>2017-07-28T04:16:40Z</time>
      </trkpt>
      <trkpt lat="46.249552" lon="-1.038164">
        <ele>4.074</ele>
        <time>2017-07-28T04:17:00Z</time>
      </trkpt>
      <trkpt lat="46.247926" lon="-1.043223">
        <ele>3.789</ele>
        <time>2017-07-28T04:17:20Z</time>
      </trkpt>
      <trkpt lat="46.247890" lon="-1.043713">
        <ele>3.006</ele>
        <time>2017-07-28T04:17:40Z</time>
      </trkpt>
      <trkpt lat="46.248336" lon="-1.046384">
        <ele>3.026</ele>
        <time>2017-07-28T04:18:00Z</time>
      </trkpt>
      <trkpt lat="46.248241" lon="-1.046387">
        <ele>3.008</ele>
        <time>2017-07-28T04:18:20Z</time>
      </trkpt>
      <trkpt lat="46.247942" lon="-1.045164">
        <ele>3.099</ele>
        <time>2017-07-28T04:18:40Z</time>
      </trkpt>
      <trkpt lat="46.247763" lon="-1.045036">
        <ele>2.826</ele>
        <time>2017-07-28T04:19:00Z</time>
      </trkpt>
      <trkpt lat="46.230648" lon="-1.051431">
        <ele>3.136</ele>
        <time>2017-07-28T04:19:20Z</time>
      </trkpt>
      <trkpt lat="46.229229" lon="-1.051793">
        <ele>4.043</ele>
        <time>2017-07-28T04:19:40Z</time>
      </trkpt>
      <trkpt lat="46.228378" lon="-1.051627">
        <ele>2.280</ele>
        <time>2017-07-28T04:20:00Z</time>
      </trkpt>
      <trkpt lat="46.214083" lon="-1.045659">
        <ele>4.410</ele>
        <time>2017-07-28T04:20:20Z</time>
      </trkpt>
      <trkpt lat="46.212601" lon="-1.045485">
        <ele>3.717</ele>
        <time>2017-07-28T04:20:40Z</time>
      </trkpt>
      <trkpt lat="46.211296" lon="-1.045921">
        <ele>3.619</ele>
        <time>2017-07-28T04:21:00Z</time>
      </trkpt>
      <trkpt lat="46.207359" lon="-1.048864">
        <ele>5.033</ele>
        <time>2017-07-28T04:21:20Z</time>
      </trkpt>
      <trkpt lat="46.207041" lon="-1.049204">
        <ele>5.723</ele>
        <time>2017-07-28T04:21:40Z</time>
      </trkpt>
      <trkpt lat="46.207103" lon="-1.049494">
        <ele>6.115</ele>
        <time>2017-07-28T04:22:00Z</time>
      </trkpt>
      <trkpt lat="46.206921" lon="-1.049780">
        <ele>7.108</ele>
        <time>2017-07-28T04:22:20Z</time>
      </trkpt>
      <trkpt lat="46.205844" lon="-1.050648">
        <ele>9.094</ele>
        <time>2017-07-28T04:22:40Z</time>
      </trkpt>
      <trkpt lat="46.204464" lon="-1.052195">
        <ele>7.191</ele>
        <time>2017-07-28T04:23:00Z</time>
      </trkpt>
      <trkpt lat="46.204293" lon="-1.052676">
        <ele>6.231</ele>
        <time>2017-07-28T04:23:20Z</time>
      </trkpt>
      <trkpt lat="46.204512" lon="-1.053874">
        <ele>6.068</ele>
        <time>2017-07-28T04:23:40Z</time>
      </trkpt>
      <trkpt lat="46.201900" lon="-1.055810">
        <ele>12.945</ele>
        <time>2017-07-28T04:24:00Z</time>
      </trkpt>
      <trkpt lat="46.200188" lon="-1.056541">
        <ele>14.215</ele>
        <time>2017-07-28T04:24:20Z</time>
      </trkpt>
      <trkpt lat="46.199689" lon="-1.057127">
        <ele>11.882</ele>
        <time>2017-07-28T04:24:40Z</time>
      </trkpt>
      <trkpt lat="46.199076" lon="-1.058653">
        <ele>10.024</ele>
        <time>2017-07-28T04:25:00Z</time>
      </trkpt>
      <trkpt lat="46.198531" lon="-1.059262">
        <ele>12.279</ele>
        <time>2017-07-28T04:25:20Z</time>
      </trkpt>
      <trkpt lat="46.197797" lon="-1.059857">
        <ele>13.505</ele>
        <time>2017-07-28T04:25:40Z</time>
      </trkpt>
      <trkpt lat="46.196500" lon="-1.060332">
        <ele>16.825</ele>
        <time>2017-07-28T04:26:00Z</time>
      </trkpt>
      <trkpt lat="46.194244" lon="-1.061632">
        <ele>22.708</ele>
        <time>2017-07-28T04:26:20Z</time>
      </trkpt>
      <trkpt lat="46.194179" lon="-1.061445">
        <ele>23.068</ele>
        <time>2017-07-28T04:26:40Z</time>
      </trkpt>
      <trkpt lat="46.194474" lon="-1.061272">
        <ele>22.145</ele>
        <time>2017-07-28T04:27:00Z</time>
      </trkpt>
      <trkpt lat="46.194798" lon="-1.060777">
        <ele>20.255</ele>
        <time>2017-07-28T04:27:20Z</time>
      </trkpt>
      <trkpt lat="46.195325" lon="-1.058648">
        <ele>19.752</ele>
        <time>2017-07-28T04:27:40Z</time>
      </trkpt>
      <trkpt lat="46.194611" lon="-1.055518">
        <ele>14.859</ele>
        <time>2017-07-28T04:28:00Z</time>
      </trkpt>
      <trkpt lat="46.194771" lon="-1.055258">
        <ele>13.889</ele>
        <time>2017-07-28T04:28:20Z</time>
      </trkpt>
      <trkpt lat="46.194696" lon="-1.055141">
        <ele>14.156</ele>
        <time>2017-07-28T04:28:40Z</time>
      </trkpt>
      <trkpt lat="46.193974" lon="-1.055247">
        <ele>17.328</ele>
        <time>2017-07-28T04:29:00Z</time>
      </trkpt>
      <trkpt lat="46.189196" lon="-1.054168">
        <ele>17.039</ele>
        <time>2017-07-28T04:29:20Z</time>
      </trkpt>
      <trkpt lat="46.187616" lon="-1.053923">
        <ele>20.301</ele>
        <time>2017-07-28T04:29:40Z</time>
      </trkpt>
      <trkpt lat="46.187015" lon="-1.053974">
        <ele>17.921</ele>
        <time>2017-07-28T04:30:00Z</time>
      </trkpt>
      <trkpt lat="46.186047" lon="-1.054673">
        <ele>20.408</ele>
        <time>2017-07-28T04:30:20Z</time>
      </trkpt>
      <trkpt lat="46.182273" lon="-1.058390">
        <ele>21.664</ele>
        <time>2017-07-28T04:30:40Z</time>
      </trkpt>
      <trkpt lat="46.180508" lon="-1.061199">
        <ele>23.851</ele>
        <time>2017-07-28T04:31:00Z</time>
      </trkpt>
      <trkpt lat="46.180010" lon="-1.062339">
        <ele>23.941</ele>
        <time>2017-07-28T04:31:20Z</time>
      </trkpt>
      <trkpt lat="46.176277" lon="-1.069034">
        <ele>32.638</ele>
        <time>2017-07-28T04:31:40Z</time>
      </trkpt>
      <trkpt lat="46.175464" lon="-1.070188">
        <ele>32.955</ele>
        <time>2017-07-28T04:32:00Z</time>
      </trkpt>
      <trkpt lat="46.174858" lon="-1.069965">
        <ele>32.515</ele>
        <time>2017-07-28T04:32:20Z</time>
      </trkpt>
      <trkpt lat="46.174204" lon="-1.070223">
        <ele>30.942</ele>
        <time>2017-07-28T04:32:40Z</time>
      </trkpt>
      <trkpt lat="46.173375" lon="-1.071976">
        <ele>22.234</ele>
        <time>2017-07-28T04:33:00Z</time>
      </trkpt>
      <trkpt lat="46.170348" lon="-1.076879">
        <ele>24.011</ele>
        <time>2017-07-28T04:33:20Z</time>
      </trkpt>
      <trkpt lat="46.170059" lon="-1.077599">
        <ele>21.321</ele>
        <time>2017-07-28T04:33:40Z</time>
      </trkpt>
      <trkpt lat="46.167899" lon="-1.091266">
        <ele>12.403</ele>
        <time>2017-07-28T04:34:00Z</time>
      </trkpt>
      <trkpt lat="46.167983" lon="-1.092019">
        <ele>13.708</ele>
        <time>2017-07-28T04:34:20Z</time>
      </trkpt>
      <trkpt lat="46.167891" lon="-1.092103">
        <ele>13.172</ele>
        <time>2017-07-28T04:34:40Z</time>
      </trkpt>
      <trkpt lat="46.168015" lon="-1.092223">
        <ele>13.759</ele>
        <time>2017-07-28T04:35:00Z</time>
      </trkpt>
      <trkpt lat="46.169572" lon="-1.101381">
        <ele>10.989</ele>
        <time>2017-07-28T04:35:20Z</time>
      </trkpt>
      <trkpt lat="46.169677" lon="-1.102645">
        <ele>11.536</ele>
        <time>2017-07-28T04:35:40Z</time>
      </trkpt>
      <trkpt lat="46.169562" lon="-1.103723">
        <ele>10.193</ele>
        <time>2017-07-28T04:36:00Z</time>
      </trkpt>
      <trkpt lat="46.168962" lon="-1.105552">
        <ele>10.583</ele>
        <time>2017-07-28T04:36:20Z</time>
      </trkpt>
      <trkpt lat="46.164747" lon="-1.113821">
        <ele>7.350</ele>
        <time>2017-07-28T04:36:40Z</time>
      </trkpt>
      <trkpt lat="46.163822" lon="-1.116217">
        <ele>8.062</ele>
        <time>2017-07-28T04:37:00Z</time>
      </trkpt>
      <trkpt lat="46.163497" lon="-1.116206">
        <ele>8.869</ele>
        <time>2017-07-28T04:37:20Z</time>
      </trkpt>
      <trkpt lat="46.161651" lon="-1.122620">
        <ele>6.204</ele>
        <time>2017-07-28T04:37:40Z</time>
      </trkpt>
      <trkpt lat="46.161538" lon="-1.123248">
        <ele>4.224</ele>
        <time>2017-07-28T04:38:00Z</time>
      </trkpt>
      <trkpt lat="46.161693" lon="-1.123441">
        <ele>3.408</ele>
        <time>2017-07-28T04:38:20Z</time>
      </trkpt>
      <trkpt lat="46.161607" lon="-1.124071">
        <ele>4.337</ele>
        <time>2017-07-28T04:38:40Z</time>
      </trkpt>
      <trkpt lat="46.156682" lon="-1.141451">
        <ele>5.744</ele>
        <time>2017-07-28T04:39:00Z</time>
      </trkpt>
      <trkpt lat="46.156831" lon="-1.142812">
        <ele>4.144</ele>
        <time>2017-07-28T04:39:20Z</time>
      </trkpt>
      <trkpt lat="46.156110" lon="-1.143056">
        <ele>0.021</ele>
        <time>2017-07-28T04:39:40Z</time>
      </trkpt>
      <trkpt lat="46.155733" lon="-1.144262">
        <ele>3.678</ele>
        <time>2017-07-28T04:40:00Z</time>
      </trkpt>
      <trkpt lat="46.155439" lon="-1.144367">
        <ele>4.028</ele>
        <time>2017-07-28T04:40:20Z</time>
      </trkpt>
      <trkpt lat="46.154065" lon="-1.146703">
        <ele>8.035</ele>
        <time>2017-07-28T04:40:40Z</time>
      </trkpt>
      <trkpt lat="46.154128" lon="-1.147201">
        <ele>7.187</ele>
        <time>2017-07-28T04:41:00Z</time>
      </trkpt>
      <trkpt lat="46.155974" lon="-1.149468">
        <ele>4.943</ele>
        <time>2017-07-28T04:41:20Z</time>
      </trkpt>
      <trkpt lat="46.155906" lon="-1.149619">
        <ele>4.464</ele>
        <time>2017-07-28T04:41:40Z</time>
      </trkpt>
      <trkpt lat="46.154919" lon="-1.149739">
        <ele>1.010</ele>
        <time>2017-07-28T04:42:00Z</time>
      </trkpt>
      <trkpt lat="46.154843" lon="-1.152536">
        <ele>1.408</ele>
        <time>2017-07-28T04:42:20Z</time>
      </trkpt>
      <trkpt lat="46.154155" lon="-1.152626">
        <ele>5.925</ele>
        <time>2017-07-28T04:42:40Z</time>
      </trkpt>
      <trkpt lat="46.153592" lon="-1.156424">
        <ele>1.132</ele>
        <time>2017-07-28T04:43:00Z</time>
      </trkpt>
      <trkpt lat="46.152226" lon="-1.159746">
        <ele>1.032</ele>
        <time>2017-07-28T04:43:20Z</time>
      </trkpt>
      <trkpt lat="46.146905" lon="-1.161496">
        <ele>1.469</ele>
        <time>2017-07-28T04:43:40Z</time>
      </trkpt>
      <trkpt lat="46.146857" lon="-1.161201">
        <ele>3.526</ele>
        <time>2017-07-28T04:44:00Z</time>
      </trkpt>
      <trkpt lat="46.146461" lon="-1.161307">
        <ele>3.126</ele>
        <time>2017-07-28T04:44:20Z</time>
      </trkpt>
      <trkpt lat="46.146405" lon="-1.161601">
        <ele>2.213</ele>
        <time>2017-07-28T04:44:40Z</time>
      </trkpt>
      <trkpt lat="46.146110" lon="-1.161760">
        <ele>3.755</ele>
        <time>2017-07-28T04:45:00Z</time>
      </trkpt>
      <trkpt lat="46.143857" lon="-1.162484">
        <ele>3.138</ele>
        <time>2017-07-28T04:45:20Z</time>
      </trkpt>
      <trkpt lat="46.143786" lon="-1.162277">
        <ele>3.170</ele>
        <time>2017-07-28T04:45:40Z</time>
      </trkpt>
      <trkpt lat="46.144622" lon="-1.162083">
        <ele>4.317</ele>
        <time>2017-07-28T04:46:00Z</time>
      </trkpt>
      <trkpt lat="46.144686" lon="-1.161743">
        <ele>6.008</ele>
        <time>2017-07-28T04:46:20Z</time>
      </trkpt>
      <trkpt lat="46.144496" lon="-1.162109">
        <ele>3.944</ele>
        <time>2017-07-28T04:46:40Z</time>
      </trkpt>
      <trkpt lat="46.143798" lon="-1.162292">
        <ele>3.131</ele>
        <time>2017-07-28T04:47:00Z</time>
      </trkpt>
      <trkpt lat="46.143368" lon="-1.163172">
        <ele>2.241</ele>
        <time>2017-07-28T04:47:20Z</time>
      </trkpt>
      <trkpt lat="46.141933" lon="-1.163600">
        <ele>3.188</ele>
        <time>2017-07-28T04:47:40Z</time>
      </trkpt>
      <trkpt lat="46.141755" lon="-1.163477">
        <ele>4.595</ele>
        <time>2017-07-28T04:48:00Z</time>
      </trkpt>
      <trkpt lat="46.141869" lon="-1.163308">
        <ele>4.315</ele>
        <time>2017-07-28T04:48:20Z</time>
      </trkpt>
      <trkpt lat="46.141687" lon="-1.163477">
        <ele>4.922</ele>
        <time>2017-07-28T04:48:40Z</time>
      </trkpt>
      <trkpt lat="46.141830" lon="-1.163052">
        <ele>4.494</ele>
        <time>2017-07-28T04:49:00Z</time>
      </trkpt>
      <trkpt lat="46.141636" lon="-1.162657">
        <ele>6.085</ele>
        <time>2017-07-28T04:49:20Z</time>
      </trkpt>
      <trkpt lat="46.140712" lon="-1.162725">
        <ele>8.189</ele>
        <time>2017-07-28T04:49:40Z</time>
      </trkpt>
      <trkpt lat="46.138954" lon="-1.162241">
        <ele>11.017</ele>
        <time>2017-07-28T04:50:00Z</time>
      </trkpt>
      <trkpt lat="46.138185" lon="-1.161801">
        <ele>9.508</ele>
        <time>2017-07-28T04:50:20Z</time>
      </trkpt>
      <trkpt lat="46.137499" lon="-1.161168">
        <ele>8.429</ele>
        <time>2017-07-28T04:50:40Z</time>
      </trkpt>
      <trkpt lat="46.137894" lon="-1.157755">
        <ele>6.966</ele>
        <time>2017-07-28T04:51:00Z</time>
      </trkpt>
      <trkpt lat="46.137658" lon="-1.154915">
        <ele>3.416</ele>
        <time>2017-07-28T04:51:20Z</time>
      </trkpt>
      <trkpt lat="46.137283" lon="-1.153624">
        <ele>4.943</ele>
        <time>2017-07-28T04:51:40Z</time>
      </trkpt>
      <trkpt lat="46.136481" lon="-1.152637">
        <ele>0.310</ele>
        <time>2017-07-28T04:52:00Z</time>
      </trkpt>
      <trkpt lat="46.134386" lon="-1.151030">
        <ele>1.140</ele>
        <time>2017-07-28T04:52:20Z</time>
      </trkpt>
      <trkpt lat="46.133257" lon="-1.149146">
        <ele>0.867</ele>
        <time>2017-07-28T04:52:40Z</time>
      </trkpt>
      <trkpt lat="46.132753" lon="-1.148655">
        <ele>0.999</ele>
        <time>2017-07-28T04:53:00Z</time>
      </trkpt>
      <trkpt lat="46.131682" lon="-1.148330">
        <ele>0.061</ele>
        <time>2017-07-28T04:53:20Z</time>
      </trkpt>
      <trkpt lat="46.131270" lon="-1.148299">
        <ele>-0.421</ele>
        <time>2017-07-28T04:53:40Z</time>
      </trkpt>
      <trkpt lat="46.130917" lon="-1.148442">
        <ele>1.813</ele>
        <time>2017-07-28T04:54:00Z</time>
      </trkpt>
      <trkpt lat="46.130649" lon="-1.147622">
        <ele>3.808</ele>
        <time>2017-07-28T04:54:20Z</time>
      </trkpt>
      <trkpt lat="46.131535" lon="-1.142033">
        <ele>5.157</ele>
        <time>2017-07-28T04:54:40Z</time>
      </trkpt>
      <trkpt lat="46.131525" lon="-1.140425">
        <ele>5.564</ele>
        <time>2017-07-28T04:55:00Z</time>
      </trkpt>
      <trkpt lat="46.131887" lon="-1.137845">
        <ele>7.864</ele>
        <time>2017-07-28T04:55:20Z</time>
      </trkpt>
      <trkpt lat="46.131821" lon="-1.137522">
        <ele>8.061</ele>
        <time>2017-07-28T04:55:40Z</time>
      </trkpt>
      <trkpt lat="46.132061" lon="-1.137220">
        <ele>8.458</ele>
        <time>2017-07-28T04:56:00Z</time>
      </trkpt>
      <trkpt lat="46.131824" lon="-1.136738">
        <ele>8.678</ele>
        <time>2017-07-28T04:56:20Z</time>
      </trkpt>
      <trkpt lat="46.131117" lon="-1.131365">
        <ele>1.175</ele>
        <time>2017-07-28T04:56:40Z</time>
      </trkpt>
      <trkpt lat="46.130366" lon="-1.132047">
        <ele>2.177</ele>
        <time>2017-07-28T04:57:00Z</time>
      </trkpt>
      <trkpt lat="46.129846" lon="-1.132277">
        <ele>3.881</ele>
        <time>2017-07-28T04:57:20Z</time>
      </trkpt>
      <trkpt lat="46.130437" lon="-1.132015">
        <ele>1.761</ele>
        <time>2017-07-28T04:57:40Z</time>
      </trkpt>
      <trkpt lat="46.131195" lon="-1.131281">
        <ele>1.417</ele>
        <time>2017-07-28T04:58:00Z</time>
      </trkpt>
      <trkpt lat="46.130380" lon="-1.131538">
        <ele>0.808</ele>
        <time>2017-07-28T04:58:20Z</time>
      </trkpt>
      <trkpt lat="46.129925" lon="-1.130966">
        <ele>2.129</ele>
        <time>2017-07-28T04:58:40Z</time>
      </trkpt>
      <trkpt lat="46.129954" lon="-1.130509">
        <ele>1.896</ele>
        <time>2017-07-28T04:59:00Z</time>
      </trkpt>
      <trkpt lat="46.129651" lon="-1.130582">
        <ele>1.196</ele>
        <time>2017-07-28T04:59:20Z</time>
      </trkpt>
      <trkpt lat="46.129413" lon="-1.130243">
        <ele>-0.183</ele>
        <time>2017-07-28T04:59:40Z</time>
      </trkpt>
      <trkpt lat="46.129303" lon="-1.129273">
        <ele>1.390</ele>
        <time>2017-07-28T05:00:00Z</time>
      </trkpt>
      <trkpt lat="46.129764" lon="-1.128474">
        <ele>0.650</ele>
        <time>2017-07-28T05:00:20Z</time>
      </trkpt>
      <trkpt lat="46.129480" lon="-1.128071">
        <ele>1.767</ele>
        <time>2017-07-28T05:00:40Z</time>
      </trkpt>
      <trkpt lat="46.129447" lon="-1.127780">
        <ele>2.049</ele>
        <time>2017-07-28T05:01:00Z</time>
      </trkpt>
      <trkpt lat="46.129394" lon="-1.128126">
        <ele>1.734</ele>
        <time>2017-07-28T05:01:20Z</time>
      </trkpt>
      <trkpt lat="46.128760" lon="-1.127637">
        <ele>2.055</ele>
        <time>2017-07-28T05:01:40Z</time>
      </trkpt>
      <trkpt lat="46.128482" lon="-1.128151">
        <ele>2.510</ele>
        <time>2017-07-28T05:02:00Z</time>
      </trkpt>
      <trkpt lat="46.128051" lon="-1.128431">
        <ele>3.008</ele>
        <time>2017-07-28T05:02:20Z</time>
      </trkpt>
      <trkpt lat="46.127587" lon="-1.128484">
        <ele>4.034</ele>
        <time>2017-07-28T05:02:40Z</time>
      </trkpt>
      <trkpt lat="46.127119" lon="-1.127850">
        <ele>4.471</ele>
        <time>2017-07-28T05:03:00Z</time>
      </trkpt>
      <trkpt lat="46.126320" lon="-1.127134">
        <ele>2.951</ele>
        <time>2017-07-28T05:03:20Z</time>
      </trkpt>
      <trkpt lat="46.123068" lon="-1.124988">
        <ele>2.068</ele>
        <time>2017-07-28T05:03:40Z</time>
      </trkpt>
      <trkpt lat="46.121125" lon="-1.123959">
        <ele>3.545</ele>
        <time>2017-07-28T05:04:00Z</time>
      </trkpt>
      <trkpt lat="46.118884" lon="-1.123119">
        <ele>2.275</ele>
        <time>2017-07-28T05:04:20Z</time>
      </trkpt>
      <trkpt lat="46.118558" lon="-1.123099">
        <ele>2.382</ele>
        <time>2017-07-28T05:04:40Z</time>
      </trkpt>
      <trkpt lat="46.118341" lon="-1.123538">
        <ele>5.564</ele>
        <time>2017-07-28T05:05:00Z</time>
      </trkpt>
      <trkpt lat="46.116329" lon="-1.123224">
        <ele>2.483</ele>
        <time>2017-07-28T05:05:20Z</time>
      </trkpt>
      <trkpt lat="46.116106" lon="-1.123403">
        <ele>4.025</ele>
        <time>2017-07-28T05:05:40Z</time>
      </trkpt>
      <trkpt lat="46.114953" lon="-1.123452">
        <ele>1.317</ele>
        <time>2017-07-28T05:06:00Z</time>
      </trkpt>
      <trkpt lat="46.113737" lon="-1.123830">
        <ele>1.508</ele>
        <time>2017-07-28T05:06:20Z</time>
      </trkpt>
      <trkpt lat="46.113545" lon="-1.123357">
        <ele>1.219</ele>
        <time>2017-07-28T05:06:40Z</time>
      </trkpt>
      <trkpt lat="46.113192" lon="-1.123400">
        <ele>2.576</ele>
        <time>2017-07-28T05:07:00Z</time>
      </trkpt>
      <trkpt lat="46.112677" lon="-1.122748">
        <ele>1.966</ele>
        <time>2017-07-28T05:07:20Z</time>
      </trkpt>
      <trkpt lat="46.112612" lon="-1.122300">
        <ele>1.073</ele>
        <time>2017-07-28T05:07:40Z</time>
      </trkpt>
      <trkpt lat="46.111827" lon="-1.121193">
        <ele>1.760</ele>
        <time>2017-07-28T05:08:00Z</time>
      </trkpt>
      <trkpt lat="46.111604" lon="-1.121044">
        <ele>1.020</ele>
        <time>2017-07-28T05:08:20Z</time>
      </trkpt>
      <trkpt lat="46.110988" lon="-1.121024">
        <ele>0.477</ele>
        <time>2017-07-28T05:08:40Z</time>
      </trkpt>
      <trkpt lat="46.110561" lon="-1.120593">
        <ele>1.919</ele>
        <time>2017-07-28T05:09:00Z</time>
      </trkpt>
      <trkpt lat="46.110318" lon="-1.119995">
        <ele>3.188</ele>
        <time>2017-07-28T05:09:20Z</time>
      </trkpt>
      <trkpt lat="46.110162" lon="-1.118985">
        <ele>3.024</ele>
        <time>2017-07-28T05:09:40Z</time>
      </trkpt>
      <trkpt lat="46.109418" lon="-1.117515">
        <ele>2.926</ele>
        <time>2017-07-28T05:10:00Z</time>
      </trkpt>
      <trkpt lat="46.109214" lon="-1.117399">
        <ele>2.508</ele>
        <time>2017-07-28T05:10:20Z</time>
      </trkpt>
      <trkpt lat="46.108483" lon="-1.117455">
        <ele>1.569</ele>
        <time>2017-07-28T05:10:40Z</time>
      </trkpt>
      <trkpt lat="46.107775" lon="-1.116018">
        <ele>2.396</ele>
        <time>2017-07-28T05:11:00Z</time>
      </trkpt>
      <trkpt lat="46.107413" lon="-1.116043">
        <ele>3.646</ele>
        <time>2017-07-28T05:11:20Z</time>
      </trkpt>
      <trkpt lat="46.106931" lon="-1.115704">
        <ele>5.013</ele>
        <time>2017-07-28T05:11:40Z</time>
      </trkpt>
      <trkpt lat="46.106567" lon="-1.115757">
        <ele>3.370</ele>
        <time>2017-07-28T05:12:00Z</time>
      </trkpt>
      <trkpt lat="46.106024" lon="-1.116585">
        <ele>1.640</ele>
        <time>2017-07-28T05:12:20Z</time>
      </trkpt>
      <trkpt lat="46.105275" lon="-1.118831">
        <ele>3.817</ele>
        <time>2017-07-28T05:12:40Z</time>
      </trkpt>
      <trkpt lat="46.104795" lon="-1.118889">
        <ele>4.069</ele>
        <time>2017-07-28T05:13:00Z</time>
      </trkpt>
      <trkpt lat="46.104756" lon="-1.118395">
        <ele>3.944</ele>
        <time>2017-07-28T05:13:20Z</time>
      </trkpt>
      <trkpt lat="46.104645" lon="-1.118331">
        <ele>4.005</ele>
        <time>2017-07-28T05:13:40Z</time>
      </trkpt>
      <trkpt lat="46.103182" lon="-1.118296">
        <ele>3.915</ele>
        <time>2017-07-28T05:14:00Z</time>
      </trkpt>
      <trkpt lat="46.103139" lon="-1.117675">
        <ele>4.408</ele>
        <time>2017-07-28T05:14:20Z</time>
      </trkpt>
      <trkpt lat="46.103497" lon="-1.116472">
        <ele>6.765</ele>
        <time>2017-07-28T05:14:40Z</time>
      </trkpt>
      <trkpt lat="46.103875" lon="-1.113926">
        <ele>6.012</ele>
        <time>2017-07-28T05:15:00Z</time>
      </trkpt>
      <trkpt lat="46.102273" lon="-1.112756">
        <ele>6.882</ele>
        <time>2017-07-28T05:15:20Z</time>
      </trkpt>
      <trkpt lat="46.100893" lon="-1.111209">
        <ele>8.019</ele>
        <time>2017-07-28T05:15:40Z</time>
      </trkpt>
      <trkpt lat="46.099622" lon="-1.108918">
        <ele>9.916</ele>
        <time>2017-07-28T05:16:00Z</time>
      </trkpt>
      <trkpt lat="46.099237" lon="-1.108519">
        <ele>11.686</ele>
        <time>2017-07-28T05:16:20Z</time>
      </trkpt>
      <trkpt lat="46.098925" lon="-1.107666">
        <ele>12.963</ele>
        <time>2017-07-28T05:16:40Z</time>
      </trkpt>
      <trkpt lat="46.096573" lon="-1.103278">
        <ele>12.175</ele>
        <time>2017-07-28T05:17:00Z</time>
      </trkpt>
      <trkpt lat="46.095957" lon="-1.102778">
        <ele>10.429</ele>
        <time>2017-07-28T05:17:20Z</time>
      </trkpt>
      <trkpt lat="46.095219" lon="-1.101527">
        <ele>5.800</ele>
        <time>2017-07-28T05:17:40Z</time>
      </trkpt>
      <trkpt lat="46.094798" lon="-1.101146">
        <ele>4.320</ele>
        <time>2017-07-28T05:18:00Z</time>
      </trkpt>
      <trkpt lat="46.094720" lon="-1.100120">
        <ele>3.408</ele>
        <time>2017-07-28T05:18:20Z</time>
      </trkpt>
      <trkpt lat="46.089844" lon="-1.098636">
        <ele>5.093</ele>
        <time>2017-07-28T05:18:40Z</time>
      </trkpt>
      <trkpt lat="46.089373" lon="-1.098272">
        <ele>4.270</ele>
        <time>2017-07-28T05:19:00Z</time>
      </trkpt>
      <trkpt lat="46.087728" lon="-1.096255">
        <ele>3.570</ele>
        <time>2017-07-28T05:19:20Z</time>
      </trkpt>
      <trkpt lat="46.084382" lon="-1.093237">
        <ele>3.927</ele>
        <time>2017-07-28T05:19:40Z</time>
      </trkpt>
      <trkpt lat="46.084043" lon="-1.093229">
        <ele>3.794</ele>
        <time>2017-07-28T05:20:00Z</time>
      </trkpt>
      <trkpt lat="46.083685" lon="-1.093427">
        <ele>4.094</ele>
        <time>2017-07-28T05:20:20Z</time>
      </trkpt>
      <trkpt lat="46.083293" lon="-1.094619">
        <ele>4.131</ele>
        <time>2017-07-28T05:20:40Z</time>
      </trkpt>
      <trkpt lat="46.083057" lon="-1.096535">
        <ele>3.593</ele>
        <time>2017-07-28T05:21:00Z</time>
      </trkpt>
      <trkpt lat="46.082851" lon="-1.096628">
        <ele>2.437</ele>
        <time>2017-07-28T05:21:20Z</time>
      </trkpt>
      <trkpt lat="46.081781" lon="-1.095972">
        <ele>4.549</ele>
        <time>2017-07-28T05:21:40Z</time>
      </trkpt>
      <trkpt lat="46.077988" lon="-1.094115">
        <ele>5.113</ele>
        <time>2017-07-28T05:22:00Z</time>
      </trkpt>
      <trkpt lat="46.073444" lon="-1.093257">
        <ele>4.608</ele>
        <time>2017-07-28T05:22:20Z</time>
      </trkpt>
      <trkpt lat="46.069846" lon="-1.092867">
        <ele>4.074</ele>
        <time>2017-07-28T05:22:40Z</time>
      </trkpt>
      <trkpt lat="46.069742" lon="-1.092450">
        <ele>5.061</ele>
        <time>2017-07-28T05:23:00Z</time>
      </trkpt>
      <trkpt lat="46.069933" lon="-1.092204">
        <ele>5.041</ele>
        <time>2017-07-28T05:23:20Z</time>
      </trkpt>
      <trkpt lat="46.069957" lon="-1.091089">
        <ele>5.028</ele>
        <time>2017-07-28T05:23:40Z</time>
      </trkpt>
      <trkpt lat="46.069728" lon="-1.089235">
        <ele>3.795</ele>
        <time>2017-07-28T05:24:00Z</time>
      </trkpt>
      <trkpt lat="46.069604" lon="-1.088527">
        <ele>4.015</ele>
        <time>2017-07-28T05:24:20Z</time>
      </trkpt>
      <trkpt lat="46.069413" lon="-1.088389">
        <ele>4.062</ele>
        <time>2017-07-28T05:24:40Z</time>
      </trkpt>
      <trkpt lat="46.069032" lon="-1.087130">
        <ele>4.084</ele>
        <time>2017-07-28T05:25:00Z</time>
      </trkpt>
      <trkpt lat="46.070506" lon="-1.085691">
        <ele>3.975</ele>
        <time>2017-07-28T05:25:20Z</time>
      </trkpt>
      <trkpt lat="46.068240" lon="-1.084063">
        <ele>3.728</ele>
        <time>2017-07-28T05:25:40Z</time>
      </trkpt>
      <trkpt lat="46.067585" lon="-1.083843">
        <ele>3.420</ele>
        <time>2017-07-28T05:26:00Z</time>
      </trkpt>
      <trkpt lat="46.067330" lon="-1.083392">
        <ele>3.308</ele>
        <time>2017-07-28T05:26:20Z</time>
      </trkpt>
      <trkpt lat="46.066088" lon="-1.082175">
        <ele>4.098</ele>
        <time>2017-07-28T05:26:40Z</time>
      </trkpt>
      <trkpt lat="46.065479" lon="-1.081239">
        <ele>3.035</ele>
        <time>2017-07-28T05:27:00Z</time>
      </trkpt>
      <trkpt lat="46.064409" lon="-1.078551">
        <ele>0.855</ele>
        <time>2017-07-28T05:27:20Z</time>
      </trkpt>
      <trkpt lat="46.063494" lon="-1.072929">
        <ele>3.042</ele>
        <time>2017-07-28T05:27:40Z</time>
      </trkpt>
      <trkpt lat="46.062632" lon="-1.069547">
        <ele>6.229</ele>
        <time>2017-07-28T05:28:00Z</time>
      </trkpt>
      <trkpt lat="46.061585" lon="-1.067237">
        <ele>1.779</ele>
        <time>2017-07-28T05:28:20Z</time>
      </trkpt>
      <trkpt lat="46.060711" lon="-1.065895">
        <ele>2.186</ele>
        <time>2017-07-28T05:28:40Z</time>
      </trkpt>
      <trkpt lat="46.059645" lon="-1.064502">
        <ele>3.098</ele>
        <time>2017-07-28T05:29:00Z</time>
      </trkpt>
      <trkpt lat="46.057456" lon="-1.062283">
        <ele>2.864</ele>
        <time>2017-07-28T05:29:20Z</time>
      </trkpt>
      <trkpt lat="46.056930" lon="-1.058406">
        <ele>2.206</ele>
        <time>2017-07-28T05:29:40Z</time>
      </trkpt>
      <trkpt lat="46.056313" lon="-1.057108">
        <ele>2.116</ele>
        <time>2017-07-28T05:30:00Z</time>
      </trkpt>
      <trkpt lat="46.055985" lon="-1.056679">
        <ele>3.408</ele>
        <time>2017-07-28T05:30:20Z</time>
      </trkpt>
      <trkpt lat="46.049274" lon="-1.051283">
        <ele>1.227</ele>
        <time>2017-07-28T05:30:40Z</time>
      </trkpt>
      <trkpt lat="46.048311" lon="-1.050138">
        <ele>4.074</ele>
        <time>2017-07-28T05:31:00Z</time>
      </trkpt>
      <trkpt lat="46.043642" lon="-1.046330">
        <ele>3.764</ele>
        <time>2017-07-28T05:31:20Z</time>
      </trkpt>
      <trkpt lat="46.043209" lon="-1.046355">
        <ele>4.341</ele>
        <time>2017-07-28T05:31:40Z</time>
      </trkpt>
      <trkpt lat="46.042563" lon="-1.046718">
        <ele>3.488</ele>
        <time>2017-07-28T05:32:00Z</time>
      </trkpt>
      <trkpt lat="46.042349" lon="-1.046644">
        <ele>3.028</ele>
        <time>2017-07-28T05:32:20Z</time>
      </trkpt>
      <trkpt lat="46.042148" lon="-1.046112">
        <ele>4.015</ele>
        <time>2017-07-28T05:32:40Z</time>
      </trkpt>
      <trkpt lat="46.042201" lon="-1.045235">
        <ele>3.197</ele>
        <time>2017-07-28T05:33:00Z</time>
      </trkpt>
      <trkpt lat="46.041728" lon="-1.045013">
        <ele>3.827</ele>
        <time>2017-07-28T05:33:20Z</time>
      </trkpt>
      <trkpt lat="46.041289" lon="-1.045017">
        <ele>2.668</ele>
        <time>2017-07-28T05:33:40Z</time>
      </trkpt>
      <trkpt lat="46.040542" lon="-1.045566">
        <ele>3.014</ele>
        <time>2017-07-28T05:34:00Z</time>
      </trkpt>
      <trkpt lat="46.040751" lon="-1.045178">
        <ele>2.308</ele>
        <time>2017-07-28T05:34:20Z</time>
      </trkpt>
      <trkpt lat="46.040211" lon="-1.044698">
        <ele>3.023</ele>
        <time>2017-07-28T05:34:40Z</time>
      </trkpt>
      <trkpt lat="46.039012" lon="-1.044534">
        <ele>3.420</ele>
        <time>2017-07-28T05:35:00Z</time>
      </trkpt>
      <trkpt lat="46.038618" lon="-1.044885">
        <ele>3.060</ele>
        <time>2017-07-28T05:35:20Z</time>
      </trkpt>
      <trkpt lat="46.037950" lon="-1.044345">
        <ele>2.457</ele>
        <time>2017-07-28T05:35:40Z</time>
      </trkpt>
      <trkpt lat="46.037122" lon="-1.045227">
        <ele>2.574</ele>
        <time>2017-07-28T05:36:00Z</time>
      </trkpt>
      <trkpt lat="46.035956" lon="-1.045968">
        <ele>2.534</ele>
        <time>2017-07-28T05:36:20Z</time>
      </trkpt>
      <trkpt lat="46.031242" lon="-1.047937">
        <ele>1.731</ele>
        <time>2017-07-28T05:36:40Z</time>
      </trkpt>
      <trkpt lat="46.029192" lon="-1.048237">
        <ele>2.393</ele>
        <time>2017-07-28T05:37:00Z</time>
      </trkpt>
      <trkpt lat="46.027955" lon="-1.048057">
        <ele>2.045</ele>
        <time>2017-07-28T05:37:20Z</time>
      </trkpt>
      <trkpt lat="46.024761" lon="-1.047100">
        <ele>1.047</ele>
        <time>2017-07-28T05:37:40Z</time>
      </trkpt>
      <trkpt lat="46.021462" lon="-1.046022">
        <ele>3.411</ele>
        <time>2017-07-28T05:38:00Z</time>
      </trkpt>
      <trkpt lat="46.020851" lon="-1.045621">
        <ele>4.008</ele>
        <time>2017-07-28T05:38:20Z</time>
      </trkpt>
      <trkpt lat="46.020638" lon="-1.046478">
        <ele>5.045</ele>
        <time>2017-07-28T05:38:40Z</time>
      </trkpt>
      <trkpt lat="46.020356" lon="-1.046735">
        <ele>5.572</ele>
        <time>2017-07-28T05:39:00Z</time>
      </trkpt>
      <trkpt lat="46.020368" lon="-1.047701">
        <ele>4.032</ele>
        <time>2017-07-28T05:39:20Z</time>
      </trkpt>
      <trkpt lat="46.019943" lon="-1.047872">
        <ele>5.219</ele>
        <time>2017-07-28T05:39:40Z</time>
      </trkpt>
      <trkpt lat="46.019030" lon="-1.047627">
        <ele>8.536</ele>
        <time>2017-07-28T05:40:00Z</time>
      </trkpt>
      <trkpt lat="46.018205" lon="-1.047861">
        <ele>9.516</ele>
        <time>2017-07-28T05:40:20Z</time>
      </trkpt>
      <trkpt lat="46.015763" lon="-1.049802">
        <ele>6.173</ele>
        <time>2017-07-28T05:40:40Z</time>
      </trkpt>
      <trkpt lat="46.014589" lon="-1.051651">
        <ele>5.495</ele>
        <time>2017-07-28T05:41:00Z</time>
      </trkpt>
      <trkpt lat="46.013814" lon="-1.050522">
        <ele>6.042</ele>
        <time>2017-07-28T05:41:20Z</time>
      </trkpt>
      <trkpt lat="46.013080" lon="-1.049839">
        <ele>5.922</ele>
        <time>2017-07-28T05:41:40Z</time>
      </trkpt>
      <trkpt lat="46.007740" lon="-1.046884">
        <ele>2.014</ele>
        <time>2017-07-28T05:42:00Z</time>
      </trkpt>
      <trkpt lat="46.004465" lon="-1.045183">
        <ele>3.008</ele>
        <time>2017-07-28T05:42:20Z</time>
      </trkpt>
      <trkpt lat="46.003479" lon="-1.044806">
        <ele>3.585</ele>
        <time>2017-07-28T05:42:40Z</time>
      </trkpt>
      <trkpt lat="46.003247" lon="-1.044940">
        <ele>4.042</ele>
        <time>2017-07-28T05:43:00Z</time>
      </trkpt>
      <trkpt lat="46.003056" lon="-1.045362">
        <ele>2.712</ele>
        <time>2017-07-28T05:43:20Z</time>
      </trkpt>
      <trkpt lat="46.002849" lon="-1.045304">
        <ele>2.289</ele>
        <time>2017-07-28T05:43:40Z</time>
      </trkpt>
      <trkpt lat="46.001856" lon="-1.045700">
        <ele>1.266</ele>
        <time>2017-07-28T05:44:00Z</time>
      </trkpt>
      <trkpt lat="45.998019" lon="-1.047868">
        <ele>2.786</ele>
        <time>2017-07-28T05:44:20Z</time>
      </trkpt>
      <trkpt lat="45.995494" lon="-1.049740">
        <ele>6.243</ele>
        <time>2017-07-28T05:44:40Z</time>
      </trkpt>
      <trkpt lat="45.995606" lon="-1.048998">
        <ele>6.195</ele>
        <time>2017-07-28T05:45:00Z</time>
      </trkpt>
      <trkpt lat="45.995335" lon="-1.049899">
        <ele>6.257</ele>
        <time>2017-07-28T05:45:20Z</time>
      </trkpt>
      <trkpt lat="45.994184" lon="-1.050857">
        <ele>3.900</ele>
        <time>2017-07-28T05:45:40Z</time>
      </trkpt>
      <trkpt lat="45.993284" lon="-1.051850">
        <ele>2.720</ele>
        <time>2017-07-28T05:46:00Z</time>
      </trkpt>
      <trkpt lat="45.994160" lon="-1.050834">
        <ele>4.008</ele>
        <time>2017-07-28T05:46:20Z</time>
      </trkpt>
      <trkpt lat="45.995429" lon="-1.049762">
        <ele>6.316</ele>
        <time>2017-07-28T05:46:40Z</time>
      </trkpt>
      <trkpt lat="45.995369" lon="-1.049869">
        <ele>6.123</ele>
        <time>2017-07-28T05:47:00Z</time>
      </trkpt>
      <trkpt lat="45.995869" lon="-1.048281">
        <ele>5.173</ele>
        <time>2017-07-28T05:47:20Z</time>
      </trkpt>
      <trkpt lat="45.996235" lon="-1.046485">
        <ele>4.040</ele>
        <time>2017-07-28T05:47:40Z</time>
      </trkpt>
      <trkpt lat="45.996483" lon="-1.043436">
        <ele>5.687</ele>
        <time>2017-07-28T05:48:00Z</time>
      </trkpt>
      <trkpt lat="45.996899" lon="-1.041114">
        <ele>6.297</ele>
        <time>2017-07-28T05:48:20Z</time>
      </trkpt>
      <trkpt lat="45.996545" lon="-1.041416">
        <ele>7.574</ele>
        <time>2017-07-28T05:48:40Z</time>
      </trkpt>
      <trkpt lat="45.994647" lon="-1.041580">
        <ele>19.056</ele>
        <time>2017-07-28T05:49:00Z</time>
      </trkpt>
      <trkpt lat="45.992179" lon="-1.042670">
        <ele>17.568</ele>
        <time>2017-07-28T05:49:20Z</time>
      </trkpt>
      <trkpt lat="45.991533" lon="-1.043250">
        <ele>16.242</ele>
        <time>2017-07-28T05:49:40Z</time>
      </trkpt>
      <trkpt lat="45.990782" lon="-1.043446">
        <ele>15.326</ele>
        <time>2017-07-28T05:50:00Z</time>
      </trkpt>
      <trkpt lat="45.987588" lon="-1.045755">
        <ele>10.808</ele>
        <time>2017-07-28T05:50:20Z</time>
      </trkpt>
      <trkpt lat="45.985251" lon="-1.046545">
        <ele>8.077</ele>
        <time>2017-07-28T05:50:40Z</time>
      </trkpt>
      <trkpt lat="45.984295" lon="-1.047027">
        <ele>8.044</ele>
        <time>2017-07-28T05:51:00Z</time>
      </trkpt>
      <trkpt lat="45.982240" lon="-1.041917">
        <ele>7.064</ele>
        <time>2017-07-28T05:51:20Z</time>
      </trkpt>
      <trkpt lat="45.981759" lon="-1.041055">
        <ele>7.041</ele>
        <time>2017-07-28T05:51:40Z</time>
      </trkpt>
      <trkpt lat="45.981264" lon="-1.040523">
        <ele>8.118</ele>
        <time>2017-07-28T05:52:00Z</time>
      </trkpt>
      <trkpt lat="45.981341" lon="-1.039279">
        <ele>5.228</ele>
        <time>2017-07-28T05:52:20Z</time>
      </trkpt>
      <trkpt lat="45.981728" lon="-1.037986">
        <ele>7.275</ele>
        <time>2017-07-28T05:52:40Z</time>
      </trkpt>
      <trkpt lat="45.982538" lon="-1.036222">
        <ele>9.137</ele>
        <time>2017-07-28T05:53:00Z</time>
      </trkpt>
      <trkpt lat="45.984039" lon="-1.034621">
        <ele>11.248</ele>
        <time>2017-07-28T05:53:20Z</time>
      </trkpt>
      <trkpt lat="45.985058" lon="-1.033873">
        <ele>12.061</ele>
        <time>2017-07-28T05:53:40Z</time>
      </trkpt>
      <trkpt lat="45.985838" lon="-1.033047">
        <ele>13.017</ele>
        <time>2017-07-28T05:54:00Z</time>
      </trkpt>
      <trkpt lat="45.986715" lon="-1.031984">
        <ele>12.908</ele>
        <time>2017-07-28T05:54:20Z</time>
      </trkpt>
      <trkpt lat="45.986867" lon="-1.031225">
        <ele>11.175</ele>
        <time>2017-07-28T05:54:40Z</time>
      </trkpt>
      <trkpt lat="45.985990" lon="-1.028282">
        <ele>4.482</ele>
        <time>2017-07-28T05:55:00Z</time>
      </trkpt>
      <trkpt lat="45.981776" lon="-1.016740">
        <ele>2.032</ele>
        <time>2017-07-28T05:55:20Z</time>
      </trkpt>
      <trkpt lat="45.980935" lon="-1.014020">
        <ele>2.799</ele>
        <time>2017-07-28T05:55:40Z</time>
      </trkpt>
      <trkpt lat="45.980525" lon="-1.011236">
        <ele>3.026</ele>
        <time>2017-07-28T05:56:00Z</time>
      </trkpt>
      <trkpt lat="45.980160" lon="-1.004327">
        <ele>3.056</ele>
        <time>2017-07-28T05:56:20Z</time>
      </trkpt>
      <trkpt lat="45.980210" lon="-1.002209">
        <ele>3.233</ele>
        <time>2017-07-28T05:56:40Z</time>
      </trkpt>
      <trkpt lat="45.979969" lon="-1.000387">
        <ele>2.575</ele>
        <time>2017-07-28T05:57:00Z</time>
      </trkpt>
      <trkpt lat="45.978460" lon="-0.996986">
        <ele>1.694</ele>
        <time>2017-07-28T05:57:20Z</time>
      </trkpt>
      <trkpt lat="45.973812" lon="-0.989585">
        <ele>3.057</ele>
        <time>2017-07-28T05:57:40Z</time>
      </trkpt>
      <trkpt lat="45.973263" lon="-0.988843">
        <ele>3.022</ele>
        <time>2017-07-28T05:58:00Z</time>
      </trkpt>
      <trkpt lat="45.972951" lon="-0.988642">
        <ele>3.508</ele>
        <time>2017-07-28T05:58:20Z</time>
      </trkpt>
      <trkpt lat="45.972040" lon="-0.987179">
        <ele>6.040</ele>
        <time>2017-07-28T05:58:40Z</time>
      </trkpt>
      <trkpt lat="45.969326" lon="-0.984311">
        <ele>12.657</ele>
        <time>2017-07-28T05:59:00Z</time>
      </trkpt>
      <trkpt lat="45.968494" lon="-0.983069">
        <ele>14.577</ele>
        <time>2017-07-28T05:59:20Z</time>
      </trkpt>
      <trkpt lat="45.966898" lon="-0.983748">
        <ele>12.184</ele>
        <time>2017-07-28T05:59:40Z</time>
      </trkpt>
      <trkpt lat="45.966480" lon="-0.983590">
        <ele>14.431</ele>
        <time>2017-07-28T06:00:00Z</time>
      </trkpt>
      <trkpt lat="45.966153" lon="-0.983695">
        <ele>17.331</ele>
        <time>2017-07-28T06:00:20Z</time>
      </trkpt>
      <trkpt lat="45.965414" lon="-0.984237">
        <ele>15.048</ele>
        <time>2017-07-28T06:00:40Z</time>
      </trkpt>
      <trkpt lat="45.964537" lon="-0.985474">
        <ele>13.730</ele>
        <time>2017-07-28T06:01:00Z</time>
      </trkpt>
      <trkpt lat="45.964152" lon="-0.985727">
        <ele>12.065</ele>
        <time>2017-07-28T06:01:20Z</time>
      </trkpt>
      <trkpt lat="45.961650" lon="-0.986384">
        <ele>7.068</ele>
        <time>2017-07-28T06:01:40Z</time>
      </trkpt>
      <trkpt lat="45.960697" lon="-0.986355">
        <ele>5.914</ele>
        <time>2017-07-28T06:02:00Z</time>
      </trkpt>
      <trkpt lat="45.960078" lon="-0.985795">
        <ele>5.008</ele>
        <time>2017-07-28T06:02:20Z</time>
      </trkpt>
      <trkpt lat="45.959456" lon="-0.983921">
        <ele>4.077</ele>
        <time>2017-07-28T06:02:40Z</time>
      </trkpt>
      <trkpt lat="45.958501" lon="-0.981926">
        <ele>5.054</ele>
        <time>2017-07-28T06:03:00Z</time>
      </trkpt>
      <trkpt lat="45.958389" lon="-0.981275">
        <ele>3.784</ele>
        <time>2017-07-28T06:03:20Z</time>
      </trkpt>
      <trkpt lat="45.958612" lon="-0.980031">
        <ele>4.911</ele>
        <time>2017-07-28T06:03:40Z</time>
      </trkpt>
      <trkpt lat="45.958241" lon="-0.979916">
        <ele>3.258</ele>
        <time>2017-07-28T06:04:00Z</time>
      </trkpt>
      <trkpt lat="45.957433" lon="-0.980186">
        <ele>4.188</ele>
        <time>2017-07-28T06:04:20Z</time>
      </trkpt>
      <trkpt lat="45.954273" lon="-0.983526">
        <ele>3.065</ele>
        <time>2017-07-28T06:04:40Z</time>
      </trkpt>
      <trkpt lat="45.953845" lon="-0.984323">
        <ele>3.657</ele>
        <time>2017-07-28T06:05:00Z</time>
      </trkpt>
      <trkpt lat="45.953522" lon="-0.985493">
        <ele>4.033</ele>
        <time>2017-07-28T06:05:20Z</time>
      </trkpt>
      <trkpt lat="45.953234" lon="-0.985915">
        <ele>3.923</ele>
        <time>2017-07-28T06:05:40Z</time>
      </trkpt>
      <trkpt lat="45.951271" lon="-0.985963">
        <ele>2.015</ele>
        <time>2017-07-28T06:06:00Z</time>
      </trkpt>
      <trkpt lat="45.950139" lon="-0.986789">
        <ele>5.008</ele>
        <time>2017-07-28T06:06:20Z</time>
      </trkpt>
      <trkpt lat="45.947577" lon="-0.988270">
        <ele>1.864</ele>
        <time>2017-07-28T06:06:40Z</time>
      </trkpt>
      <trkpt lat="45.947677" lon="-0.988766">
        <ele>2.221</ele>
        <time>2017-07-28T06:07:00Z</time>
      </trkpt>
      <trkpt lat="45.947529" lon="-0.988964">
        <ele>3.281</ele>
        <time>2017-07-28T06:07:20Z</time>
      </trkpt>
      <trkpt lat="45.948290" lon="-0.990087">
        <ele>4.258</ele>
        <time>2017-07-28T06:07:40Z</time>
      </trkpt>
      <trkpt lat="45.949929" lon="-0.994595">
        <ele>3.055</ele>
        <time>2017-07-28T06:08:00Z</time>
      </trkpt>
      <trkpt lat="45.950110" lon="-0.995823">
        <ele>0.685</ele>
        <time>2017-07-28T06:08:20Z</time>
      </trkpt>
      <trkpt lat="45.950025" lon="-0.995910">
        <ele>0.962</ele>
        <time>2017-07-28T06:08:40Z</time>
      </trkpt>
      <trkpt lat="45.947444" lon="-0.997176">
        <ele>-1.484</ele>
        <time>2017-07-28T06:09:00Z</time>
      </trkpt>
      <trkpt lat="45.946435" lon="-0.997946">
        <ele>1.324</ele>
        <time>2017-07-28T06:09:20Z</time>
      </trkpt>
      <trkpt lat="45.946031" lon="-0.997550">
        <ele>1.504</ele>
        <time>2017-07-28T06:09:40Z</time>
      </trkpt>
      <trkpt lat="45.945737" lon="-0.997567">
        <ele>2.814</ele>
        <time>2017-07-28T06:10:00Z</time>
      </trkpt>
      <trkpt lat="45.939962" lon="-1.003980">
        <ele>3.108</ele>
        <time>2017-07-28T06:10:20Z</time>
      </trkpt>
      <trkpt lat="45.939595" lon="-1.004650">
        <ele>0.873</ele>
        <time>2017-07-28T06:10:40Z</time>
      </trkpt>
      <trkpt lat="45.938367" lon="-1.005641">
        <ele>-0.870</ele>
        <time>2017-07-28T06:11:00Z</time>
      </trkpt>
      <trkpt lat="45.937620" lon="-1.006041">
        <ele>0.410</ele>
        <time>2017-07-28T06:11:20Z</time>
      </trkpt>
      <trkpt lat="45.936186" lon="-1.006557">
        <ele>0.927</ele>
        <time>2017-07-28T06:11:40Z</time>
      </trkpt>
      <trkpt lat="45.934656" lon="-1.006438">
        <ele>4.454</ele>
        <time>2017-07-28T06:12:00Z</time>
      </trkpt>
      <trkpt lat="45.933791" lon="-1.006103">
        <ele>3.634</ele>
        <time>2017-07-28T06:12:20Z</time>
      </trkpt>
      <trkpt lat="45.932275" lon="-1.004793">
        <ele>2.191</ele>
        <time>2017-07-28T06:12:40Z</time>
      </trkpt>
      <trkpt lat="45.931358" lon="-1.004323">
        <ele>3.523</ele>
        <time>2017-07-28T06:13:00Z</time>
      </trkpt>
      <trkpt lat="45.930342" lon="-1.001928">
        <ele>1.716</ele>
        <time>2017-07-28T06:13:20Z</time>
      </trkpt>
      <trkpt lat="45.928899" lon="-0.997449">
        <ele>2.976</ele>
        <time>2017-07-28T06:13:40Z</time>
      </trkpt>
      <trkpt lat="45.927838" lon="-0.995234">
        <ele>0.013</ele>
        <time>2017-07-28T06:14:00Z</time>
      </trkpt>
      <trkpt lat="45.925874" lon="-0.992244">
        <ele>2.708</ele>
        <time>2017-07-28T06:14:20Z</time>
      </trkpt>
      <trkpt lat="45.922625" lon="-0.988466">
        <ele>0.962</ele>
        <time>2017-07-28T06:14:40Z</time>
      </trkpt>
      <trkpt lat="45.922024" lon="-0.987338">
        <ele>1.379</ele>
        <time>2017-07-28T06:15:00Z</time>
      </trkpt>
      <trkpt lat="45.921482" lon="-0.985867">
        <ele>2.699</ele>
        <time>2017-07-28T06:15:20Z</time>
      </trkpt>
      <trkpt lat="45.921073" lon="-0.983775">
        <ele>1.996</ele>
        <time>2017-07-28T06:15:40Z</time>
      </trkpt>
      <trkpt lat="45.920893" lon="-0.980784">
        <ele>1.833</ele>
        <time>2017-07-28T06:16:00Z</time>
      </trkpt>
      <trkpt lat="45.921009" lon="-0.979532">
        <ele>1.423</ele>
        <time>2017-07-28T06:16:20Z</time>
      </trkpt>
      <trkpt lat="45.921479" lon="-0.978230">
        <ele>2.180</ele>
        <time>2017-07-28T06:16:40Z</time>
      </trkpt>
      <trkpt lat="45.924144" lon="-0.975452">
        <ele>0.652</ele>
        <time>2017-07-28T06:17:00Z</time>
      </trkpt>
      <trkpt lat="45.924184" lon="-0.974904">
        <ele>-0.954</ele>
        <time>2017-07-28T06:17:20Z</time>
      </trkpt>
      <trkpt lat="45.921898" lon="-0.972162">
        <ele>2.156</ele>
        <time>2017-07-28T06:17:40Z</time>
      </trkpt>
      <trkpt lat="45.920620" lon="-0.971621">
        <ele>3.111</ele>
        <time>2017-07-28T06:18:00Z</time>
      </trkpt>
      <trkpt lat="45.919902" lon="-0.970623">
        <ele>3.408</ele>
        <time>2017-07-28T06:18:20Z</time>
      </trkpt>
      <trkpt lat="45.919135" lon="-0.967826">
        <ele>4.936</ele>
        <time>2017-07-28T06:18:40Z</time>
      </trkpt>
      <trkpt lat="45.919327" lon="-0.965160">
        <ele>2.433</ele>
        <time>2017-07-28T06:19:00Z</time>
      </trkpt>
      <trkpt lat="45.918776" lon="-0.964557">
        <ele>1.843</ele>
        <time>2017-07-28T06:19:20Z</time>
      </trkpt>
      <trkpt lat="45.917618" lon="-0.964097">
        <ele>3.480</ele>
        <time>2017-07-28T06:19:40Z</time>
      </trkpt>
      <trkpt lat="45.917972" lon="-0.960653">
        <ele>1.587</ele>
        <time>2017-07-28T06:20:00Z</time>
      </trkpt>
      <trkpt lat="45.918082" lon="-0.960779">
        <ele>2.167</ele>
        <time>2017-07-28T06:20:20Z</time>
      </trkpt>
      <trkpt lat="45.917752" lon="-0.962174">
        <ele>1.134</ele>
        <time>2017-07-28T06:20:40Z</time>
      </trkpt>
      <trkpt lat="45.917703" lon="-0.963886">
        <ele>3.026</ele>
        <time>2017-07-28T06:21:00Z</time>
      </trkpt>
      <trkpt lat="45.919122" lon="-0.964599">
        <ele>2.882</ele>
        <time>2017-07-28T06:21:20Z</time>
      </trkpt>
      <trkpt lat="45.919687" lon="-0.965354">
        <ele>0.943</ele>
        <time>2017-07-28T06:21:40Z</time>
      </trkpt>
      <trkpt lat="45.920015" lon="-0.965524">
        <ele>0.017</ele>
        <time>2017-07-28T06:22:00Z</time>
      </trkpt>
      <trkpt lat="45.921246" lon="-0.967206">
        <ele>0.508</ele>
        <time>2017-07-28T06:22:20Z</time>
      </trkpt>
      <trkpt lat="45.922409" lon="-0.968359">
        <ele>1.319</ele>
        <time>2017-07-28T06:22:40Z</time>
      </trkpt>
      <trkpt lat="45.923218" lon="-0.968608">
        <ele>3.266</ele>
        <time>2017-07-28T06:23:00Z</time>
      </trkpt>
      <trkpt lat="45.923795" lon="-0.968117">
        <ele>1.876</ele>
        <time>2017-07-28T06:23:20Z</time>
      </trkpt>
      <trkpt lat="45.924027" lon="-0.968207">
        <ele>1.573</ele>
        <time>2017-07-28T06:23:40Z</time>
      </trkpt>
      <trkpt lat="45.924174" lon="-0.968474">
        <ele>1.080</ele>
        <time>2017-07-28T06:24:00Z</time>
      </trkpt>
      <trkpt lat="45.924130" lon="-0.969178">
        <ele>1.160</ele>
        <time>2017-07-28T06:24:20Z</time>
      </trkpt>
      <trkpt lat="45.923875" lon="-0.969414">
        <ele>2.187</ele>
        <time>2017-07-28T06:24:40Z</time>
      </trkpt>
      <trkpt lat="45.923468" lon="-0.969500">
        <ele>3.479</ele>
        <time>2017-07-28T06:25:00Z</time>
      </trkpt>
      <trkpt lat="45.922733" lon="-0.970913">
        <ele>0.626</ele>
        <time>2017-07-28T06:25:20Z</time>
      </trkpt>
      <trkpt lat="45.922893" lon="-0.972150">
        <ele>1.447</ele>
        <time>2017-07-28T06:25:40Z</time>
      </trkpt>
      <trkpt lat="45.921561" lon="-0.971733">
        <ele>1.611</ele>
        <time>2017-07-28T06:26:00Z</time>
      </trkpt>
      <trkpt lat="45.921511" lon="-0.971617">
        <ele>1.508</ele>
        <time>2017-07-28T06:26:20Z</time>
      </trkpt>
      <trkpt lat="45.921860" lon="-0.971193">
        <ele>1.093</ele>
        <time>2017-07-28T06:26:40Z</time>
      </trkpt>
      <trkpt lat="45.921795" lon="-0.970712">
        <ele>2.050</ele>
        <time>2017-07-28T06:27:00Z</time>
      </trkpt>
      <trkpt lat="45.920614" lon="-0.969343">
        <ele>4.110</ele>
        <time>2017-07-28T06:27:20Z</time>
      </trkpt>
      <trkpt lat="45.919307" lon="-0.968137">
        <ele>7.287</ele>
        <time>2017-07-28T06:27:40Z</time>
      </trkpt>
      <trkpt lat="45.917098" lon="-0.966633">
        <ele>1.944</ele>
        <time>2017-07-28T06:28:00Z</time>
      </trkpt>
      <trkpt lat="45.915184" lon="-0.965817">
        <ele>8.714</ele>
        <time>2017-07-28T06:28:20Z</time>
      </trkpt>
      <trkpt lat="45.912981" lon="-0.965369">
        <ele>12.591</ele>
        <time>2017-07-28T06:28:40Z</time>
      </trkpt>
      <trkpt lat="45.910799" lon="-0.965383">
        <ele>11.963</ele>
        <time>2017-07-28T06:29:00Z</time>
      </trkpt>
      <trkpt lat="45.909913" lon="-0.965995">
        <ele>10.535</ele>
        <time>2017-07-28T06:29:20Z</time>
      </trkpt>
      <trkpt lat="45.908964" lon="-0.966040">
        <ele>12.086</ele>
        <time>2017-07-28T06:29:40Z</time>
      </trkpt>
      <trkpt lat="45.908108" lon="-0.965761">
        <ele>9.014</ele>
        <time>2017-07-28T06:30:00Z</time>
      </trkpt>
      <trkpt lat="45.907165" lon="-0.965989">
        <ele>10.808</ele>
        <time>2017-07-28T06:30:20Z</time>
      </trkpt>
      <trkpt lat="45.906754" lon="-0.966166">
        <ele>9.574</ele>
        <time>2017-07-28T06:30:40Z</time>
      </trkpt>
      <trkpt lat="45.906191" lon="-0.966978">
        <ele>9.771</ele>
        <time>2017-07-28T06:31:00Z</time>
      </trkpt>
      <trkpt lat="45.906576" lon="-0.969112">
        <ele>8.951</ele>
        <time>2017-07-28T06:31:20Z</time>
      </trkpt>
      <trkpt lat="45.908518" lon="-0.974305">
        <ele>9.218</ele>
        <time>2017-07-28T06:31:40Z</time>
      </trkpt>
      <trkpt lat="45.909658" lon="-0.976515">
        <ele>9.495</ele>
        <time>2017-07-28T06:32:00Z</time>
      </trkpt>
      <trkpt lat="45.911730" lon="-0.979646">
        <ele>7.135</ele>
        <time>2017-07-28T06:32:20Z</time>
      </trkpt>
      <trkpt lat="45.912037" lon="-0.983974">
        <ele>7.042</ele>
        <time>2017-07-28T06:32:40Z</time>
      </trkpt>
      <trkpt lat="45.911591" lon="-0.984407">
        <ele>6.944</ele>
        <time>2017-07-28T06:33:00Z</time>
      </trkpt>
      <trkpt lat="45.910374" lon="-0.985147">
        <ele>9.552</ele>
        <time>2017-07-28T06:33:20Z</time>
      </trkpt>
      <trkpt lat="45.909047" lon="-0.986319">
        <ele>12.053</ele>
        <time>2017-07-28T06:33:40Z</time>
      </trkpt>
      <trkpt lat="45.907801" lon="-0.987674">
        <ele>10.108</ele>
        <time>2017-07-28T06:34:00Z</time>
      </trkpt>
      <trkpt lat="45.907113" lon="-0.988582">
        <ele>9.808</ele>
        <time>2017-07-28T06:34:20Z</time>
      </trkpt>
      <trkpt lat="45.906322" lon="-0.990225">
        <ele>13.746</ele>
        <time>2017-07-28T06:34:40Z</time>
      </trkpt>
      <trkpt lat="45.905081" lon="-0.992218">
        <ele>8.683</ele>
        <time>2017-07-28T06:35:00Z</time>
      </trkpt>
      <trkpt lat="45.904605" lon="-0.994723">
        <ele>12.483</ele>
        <time>2017-07-28T06:35:20Z</time>
      </trkpt>
      <trkpt lat="45.904402" lon="-0.997085">
        <ele>13.030</ele>
        <time>2017-07-28T06:35:40Z</time>
      </trkpt>
      <trkpt lat="45.904688" lon="-0.997588">
        <ele>13.017</ele>
        <time>2017-07-28T06:36:00Z</time>
      </trkpt>
      <trkpt lat="45.905473" lon="-0.998349">
        <ele>15.087</ele>
        <time>2017-07-28T06:36:20Z</time>
      </trkpt>
      <trkpt lat="45.905534" lon="-0.998912">
        <ele>14.934</ele>
        <time>2017-07-28T06:36:40Z</time>
      </trkpt>
      <trkpt lat="45.904448" lon="-0.999371">
        <ele>15.086</ele>
        <time>2017-07-28T06:37:00Z</time>
      </trkpt>
      <trkpt lat="45.900018" lon="-1.003452">
        <ele>17.024</ele>
        <time>2017-07-28T06:37:20Z</time>
      </trkpt>
      <trkpt lat="45.898448" lon="-1.004019">
        <ele>18.004</ele>
        <time>2017-07-28T06:37:40Z</time>
      </trkpt>
      <trkpt lat="45.895623" lon="-1.004699">
        <ele>9.314</ele>
        <time>2017-07-28T06:38:00Z</time>
      </trkpt>
      <trkpt lat="45.894576" lon="-1.004733">
        <ele>7.508</ele>
        <time>2017-07-28T06:38:20Z</time>
      </trkpt>
      <trkpt lat="45.892667" lon="-1.004101">
        <ele>7.393</ele>
        <time>2017-07-28T06:38:40Z</time>
      </trkpt>
      <trkpt lat="45.890748" lon="-1.003175">
        <ele>4.040</ele>
        <time>2017-07-28T06:39:00Z</time>
      </trkpt>
      <trkpt lat="45.889966" lon="-1.002723">
        <ele>2.850</ele>
        <time>2017-07-28T06:39:20Z</time>
      </trkpt>
      <trkpt lat="45.889353" lon="-1.002105">
        <ele>2.647</ele>
        <time>2017-07-28T06:39:40Z</time>
      </trkpt>
      <trkpt lat="45.887487" lon="-0.999933">
        <ele>3.714</ele>
        <time>2017-07-28T06:40:00Z</time>
      </trkpt>
      <trkpt lat="45.882224" lon="-0.991568">
        <ele>3.014</ele>
        <time>2017-07-28T06:40:20Z</time>
      </trkpt>
      <trkpt lat="45.881940" lon="-0.991396">
        <ele>3.041</ele>
        <time>2017-07-28T06:40:40Z</time>
      </trkpt>
      <trkpt lat="45.881530" lon="-0.991700">
        <ele>4.523</ele>
        <time>2017-07-28T06:41:00Z</time>
      </trkpt>
      <trkpt lat="45.880525" lon="-0.992958">
        <ele>5.074</ele>
        <time>2017-07-28T06:41:20Z</time>
      </trkpt>
      <trkpt lat="45.876197" lon="-0.996163">
        <ele>3.356</ele>
        <time>2017-07-28T06:41:40Z</time>
      </trkpt>
      <trkpt lat="45.875136" lon="-0.998199">
        <ele>4.521</ele>
        <time>2017-07-28T06:42:00Z</time>
      </trkpt>
      <trkpt lat="45.874964" lon="-0.999468">
        <ele>6.008</ele>
        <time>2017-07-28T06:42:20Z</time>
      </trkpt>
      <trkpt lat="45.874671" lon="-0.999898">
        <ele>6.018</ele>
        <time>2017-07-28T06:42:40Z</time>
      </trkpt>
      <trkpt lat="45.873668" lon="-1.000221">
        <ele>5.865</ele>
        <time>2017-07-28T06:43:00Z</time>
      </trkpt>
      <trkpt lat="45.873000" lon="-1.000929">
        <ele>5.045</ele>
        <time>2017-07-28T06:43:20Z</time>
      </trkpt>
      <trkpt lat="45.871920" lon="-1.001304">
        <ele>7.742</ele>
        <time>2017-07-28T06:43:40Z</time>
      </trkpt>
      <trkpt lat="45.871622" lon="-1.001231">
        <ele>8.089</ele>
        <time>2017-07-28T06:44:00Z</time>
      </trkpt>
      <trkpt lat="45.871337" lon="-1.000875">
        <ele>8.099</ele>
        <time>2017-07-28T06:44:20Z</time>
      </trkpt>
      <trkpt lat="45.871048" lon="-1.000769">
        <ele>7.816</ele>
        <time>2017-07-28T06:44:40Z</time>
      </trkpt>
      <trkpt lat="45.870451" lon="-1.000906">
        <ele>7.018</ele>
        <time>2017-07-28T06:45:00Z</time>
      </trkpt>
      <trkpt lat="45.869078" lon="-1.001722">
        <ele>8.046</ele>
        <time>2017-07-28T06:45:20Z</time>
      </trkpt>
      <trkpt lat="45.868556" lon="-1.002255">
        <ele>9.288</ele>
        <time>2017-07-28T06:45:40Z</time>
      </trkpt>
      <trkpt lat="45.867708" lon="-1.002567">
        <ele>6.316</ele>
        <time>2017-07-28T06:46:00Z</time>
      </trkpt>
      <trkpt lat="45.866883" lon="-1.003215">
        <ele>4.808</ele>
        <time>2017-07-28T06:46:20Z</time>
      </trkpt>
      <trkpt lat="45.866821" lon="-1.004083">
        <ele>3.355</ele>
        <time>2017-07-28T06:46:40Z</time>
      </trkpt>
      <trkpt lat="45.865738" lon="-1.005496">
        <ele>0.522</ele>
        <time>2017-07-28T06:47:00Z</time>
      </trkpt>
      <trkpt lat="45.864314" lon="-1.008495">
        <ele>0.322</ele>
        <time>2017-07-28T06:47:20Z</time>
      </trkpt>
      <trkpt lat="45.864060" lon="-1.008881">
        <ele>0.079</ele>
        <time>2017-07-28T06:47:40Z</time>
      </trkpt>
      <trkpt lat="45.863246" lon="-1.009444">
        <ele>1.056</ele>
        <time>2017-07-28T06:48:00Z</time>
      </trkpt>
      <trkpt lat="45.862607" lon="-1.010424">
        <ele>1.066</ele>
        <time>2017-07-28T06:48:20Z</time>
      </trkpt>
      <trkpt lat="45.861839" lon="-1.011852">
        <ele>1.313</ele>
        <time>2017-07-28T06:48:40Z</time>
      </trkpt>
      <trkpt lat="45.861877" lon="-1.013558">
        <ele>0.675</ele>
        <time>2017-07-28T06:49:00Z</time>
      </trkpt>
      <trkpt lat="45.860699" lon="-1.015288">
        <ele>1.576</ele>
        <time>2017-07-28T06:49:20Z</time>
      </trkpt>
      <trkpt lat="45.858362" lon="-1.019271">
        <ele>1.990</ele>
        <time>2017-07-28T06:49:40Z</time>
      </trkpt>
      <trkpt lat="45.859452" lon="-1.028307">
        <ele>-1.019</ele>
        <time>2017-07-28T06:50:00Z</time>
      </trkpt>
      <trkpt lat="45.858976" lon="-1.028573">
        <ele>0.708</ele>
        <time>2017-07-28T06:50:20Z</time>
      </trkpt>
      <trkpt lat="45.858680" lon="-1.029030">
        <ele>2.038</ele>
        <time>2017-07-28T06:50:40Z</time>
      </trkpt>
      <trkpt lat="45.856753" lon="-1.035403">
        <ele>1.095</ele>
        <time>2017-07-28T06:51:00Z</time>
      </trkpt>
      <trkpt lat="45.853140" lon="-1.040675">
        <ele>0.675</ele>
        <time>2017-07-28T06:51:20Z</time>
      </trkpt>
      <trkpt lat="45.851683" lon="-1.044184">
        <ele>0.022</ele>
        <time>2017-07-28T06:51:40Z</time>
      </trkpt>
      <trkpt lat="45.851527" lon="-1.044818">
        <ele>0.229</ele>
        <time>2017-07-28T06:52:00Z</time>
      </trkpt>
      <trkpt lat="45.851594" lon="-1.045686">
        <ele>-0.749</ele>
        <time>2017-07-28T06:52:20Z</time>
      </trkpt>
      <trkpt lat="45.851777" lon="-1.046718">
        <ele>0.446</ele>
        <time>2017-07-28T06:52:40Z</time>
      </trkpt>
      <trkpt lat="45.852213" lon="-1.047856">
        <ele>-1.758</ele>
        <time>2017-07-28T06:53:00Z</time>
      </trkpt>
      <trkpt lat="45.851777" lon="-1.048522">
        <ele>0.695</ele>
        <time>2017-07-28T06:53:20Z</time>
      </trkpt>
      <trkpt lat="45.851963" lon="-1.049950">
        <ele>1.149</ele>
        <time>2017-07-28T06:53:40Z</time>
      </trkpt>
      <trkpt lat="45.851537" lon="-1.050235">
        <ele>0.523</ele>
        <time>2017-07-28T06:54:00Z</time>
      </trkpt>
      <trkpt lat="45.851250" lon="-1.050771">
        <ele>-0.108</ele>
        <time>2017-07-28T06:54:20Z</time>
      </trkpt>
      <trkpt lat="45.851327" lon="-1.051261">
        <ele>-0.430</ele>
        <time>2017-07-28T06:54:40Z</time>
      </trkpt>
      <trkpt lat="45.851644" lon="-1.051827">
        <ele>0.887</ele>
        <time>2017-07-28T06:55:00Z</time>
      </trkpt>
      <trkpt lat="45.851677" lon="-1.052331">
        <ele>1.037</ele>
        <time>2017-07-28T06:55:20Z</time>
      </trkpt>
      <trkpt lat="45.851346" lon="-1.053324">
        <ele>1.254</ele>
        <time>2017-07-28T06:55:40Z</time>
      </trkpt>
      <trkpt lat="45.850077" lon="-1.053167">
        <ele>0.141</ele>
        <time>2017-07-28T06:56:00Z</time>
      </trkpt>
      <trkpt lat="45.849858" lon="-1.053333">
        <ele>0.551</ele>
        <time>2017-07-28T06:56:20Z</time>
      </trkpt>
      <trkpt lat="45.849625" lon="-1.053887">
        <ele>0.068</ele>
        <time>2017-07-28T06:56:40Z</time>
      </trkpt>
      <trkpt lat="45.849632" lon="-1.056133">
        <ele>1.190</ele>
        <time>2017-07-28T06:57:00Z</time>
      </trkpt>
      <trkpt lat="45.850048" lon="-1.057133">
        <ele>2.816</ele>
        <time>2017-07-28T06:57:20Z</time>
      </trkpt>
      <trkpt lat="45.849268" lon="-1.058025">
        <ele>1.076</ele>
        <time>2017-07-28T06:57:40Z</time>
      </trkpt>
      <trkpt lat="45.849230" lon="-1.058362">
        <ele>0.013</ele>
        <time>2017-07-28T06:58:00Z</time>
      </trkpt>
      <trkpt lat="45.849524" lon="-1.059562">
        <ele>0.708</ele>
        <time>2017-07-28T06:58:20Z</time>
      </trkpt>
      <trkpt lat="45.850372" lon="-1.060320">
        <ele>0.242</ele>
        <time>2017-07-28T06:58:40Z</time>
      </trkpt>
      <trkpt lat="45.851226" lon="-1.062537">
        <ele>4.399</ele>
        <time>2017-07-28T06:59:00Z</time>
      </trkpt>
      <trkpt lat="45.851768" lon="-1.063522">
        <ele>5.679</ele>
        <time>2017-07-28T06:59:20Z</time>
      </trkpt>
      <trkpt lat="45.851641" lon="-1.064415">
        <ele>9.376</ele>
        <time>2017-07-28T06:59:40Z</time>
      </trkpt>
      <trkpt lat="45.850684" lon="-1.067255">
        <ele>18.043</ele>
        <time>2017-07-28T07:00:00Z</time>
      </trkpt>
      <trkpt lat="45.850345" lon="-1.070738">
        <ele>19.423</ele>
        <time>2017-07-28T07:00:20Z</time>
      </trkpt>
      <trkpt lat="45.849957" lon="-1.073101">
        <ele>17.150</ele>
        <time>2017-07-28T07:00:40Z</time>
      </trkpt>
      <trkpt lat="45.849867" lon="-1.074978">
        <ele>18.022</ele>
        <time>2017-07-28T07:01:00Z</time>
      </trkpt>
      <trkpt lat="45.849211" lon="-1.075816">
        <ele>14.318</ele>
        <time>2017-07-28T07:01:20Z</time>
      </trkpt>
      <trkpt lat="45.847146" lon="-1.080854">
        <ele>0.898</ele>
        <time>2017-07-28T07:01:40Z</time>
      </trkpt>
      <trkpt lat="45.846318" lon="-1.082324">
        <ele>2.017</ele>
        <time>2017-07-28T07:02:00Z</time>
      </trkpt>
      <trkpt lat="45.845861" lon="-1.082774">
        <ele>1.108</ele>
        <time>2017-07-28T07:02:20Z</time>
      </trkpt>
      <trkpt lat="45.843261" lon="-1.084440">
        <ele>0.092</ele>
        <time>2017-07-28T07:02:40Z</time>
      </trkpt>
      <trkpt lat="45.840369" lon="-1.087542">
        <ele>1.099</ele>
        <time>2017-07-28T07:03:00Z</time>
      </trkpt>
      <trkpt lat="45.840155" lon="-1.088187">
        <ele>1.449</ele>
        <time>2017-07-28T07:03:20Z</time>
      </trkpt>
      <trkpt lat="45.840430" lon="-1.089410">
        <ele>2.996</ele>
        <time>2017-07-28T07:03:40Z</time>
      </trkpt>
      <trkpt lat="45.840186" lon="-1.090143">
        <ele>4.713</ele>
        <time>2017-07-28T07:04:00Z</time>
      </trkpt>
      <trkpt lat="45.839543" lon="-1.090656">
        <ele>4.563</ele>
        <time>2017-07-28T07:04:20Z</time>
      </trkpt>
      <trkpt lat="45.839148" lon="-1.090672">
        <ele>5.960</ele>
        <time>2017-07-28T07:04:40Z</time>
      </trkpt>
      <trkpt lat="45.837597" lon="-1.088759">
        <ele>13.332</ele>
        <time>2017-07-28T07:05:00Z</time>
      </trkpt>
      <trkpt lat="45.837209" lon="-1.088551">
        <ele>14.048</ele>
        <time>2017-07-28T07:05:20Z</time>
      </trkpt>
      <trkpt lat="45.836828" lon="-1.088746">
        <ele>15.061</ele>
        <time>2017-07-28T07:05:40Z</time>
      </trkpt>
      <trkpt lat="45.835240" lon="-1.090805">
        <ele>13.917</ele>
        <time>2017-07-28T07:06:00Z</time>
      </trkpt>
      <trkpt lat="45.834876" lon="-1.092091">
        <ele>19.608</ele>
        <time>2017-07-28T07:06:20Z</time>
      </trkpt>
      <trkpt lat="45.833726" lon="-1.094134">
        <ele>16.925</ele>
        <time>2017-07-28T07:06:40Z</time>
      </trkpt>
      <trkpt lat="45.833418" lon="-1.095421">
        <ele>15.362</ele>
        <time>2017-07-28T07:07:00Z</time>
      </trkpt>
      <trkpt lat="45.833131" lon="-1.095916">
        <ele>15.582</ele>
        <time>2017-07-28T07:07:20Z</time>
      </trkpt>
      <trkpt lat="45.832084" lon="-1.096929">
        <ele>18.179</ele>
        <time>2017-07-28T07:07:40Z</time>
      </trkpt>
      <trkpt lat="45.829838" lon="-1.097846">
        <ele>18.286</ele>
        <time>2017-07-28T07:08:00Z</time>
      </trkpt>
      <trkpt lat="45.829214" lon="-1.098244">
        <ele>15.836</ele>
        <time>2017-07-28T07:08:20Z</time>
      </trkpt>
      <trkpt lat="45.828751" lon="-1.098912">
        <ele>17.533</ele>
        <time>2017-07-28T07:08:40Z</time>
      </trkpt>
      <trkpt lat="45.828110" lon="-1.100367">
        <ele>18.055</ele>
        <time>2017-07-28T07:09:00Z</time>
      </trkpt>
      <trkpt lat="45.827136" lon="-1.101742">
        <ele>18.384</ele>
        <time>2017-07-28T07:09:20Z</time>
      </trkpt>
      <trkpt lat="45.825875" lon="-1.102777">
        <ele>17.007</ele>
        <time>2017-07-28T07:09:40Z</time>
      </trkpt>
      <trkpt lat="45.824811" lon="-1.103921">
        <ele>16.617</ele>
        <time>2017-07-28T07:10:00Z</time>
      </trkpt>
      <trkpt lat="45.824060" lon="-1.104250">
        <ele>14.808</ele>
        <time>2017-07-28T07:10:20Z</time>
      </trkpt>
      <trkpt lat="45.822919" lon="-1.105038">
        <ele>13.589</ele>
        <time>2017-07-28T07:10:40Z</time>
      </trkpt>
      <trkpt lat="45.821633" lon="-1.106681">
        <ele>12.126</ele>
        <time>2017-07-28T07:11:00Z</time>
      </trkpt>
      <trkpt lat="45.820724" lon="-1.107498">
        <ele>10.836</ele>
        <time>2017-07-28T07:11:20Z</time>
      </trkpt>
      <trkpt lat="45.820709" lon="-1.107962">
        <ele>9.323</ele>
        <time>2017-07-28T07:11:40Z</time>
      </trkpt>
      <trkpt lat="45.821020" lon="-1.108506">
        <ele>7.830</ele>
        <time>2017-07-28T07:12:00Z</time>
      </trkpt>
      <trkpt lat="45.820989" lon="-1.109113">
        <ele>6.130</ele>
        <time>2017-07-28T07:12:20Z</time>
      </trkpt>
      <trkpt lat="45.821358" lon="-1.110996">
        <ele>7.047</ele>
        <time>2017-07-28T07:12:40Z</time>
      </trkpt>
      <trkpt lat="45.821445" lon="-1.113675">
        <ele>2.059</ele>
        <time>2017-07-28T07:13:00Z</time>
      </trkpt>
      <trkpt lat="45.822012" lon="-1.115439">
        <ele>4.491</ele>
        <time>2017-07-28T07:13:20Z</time>
      </trkpt>
      <trkpt lat="45.821625" lon="-1.117306">
        <ele>3.081</ele>
        <time>2017-07-28T07:13:40Z</time>
      </trkpt>
      <trkpt lat="45.821646" lon="-1.117980">
        <ele>2.319</ele>
        <time>2017-07-28T07:14:00Z</time>
      </trkpt>
      <trkpt lat="45.821360" lon="-1.118002">
        <ele>2.008</ele>
        <time>2017-07-28T07:14:20Z</time>
      </trkpt>
      <trkpt lat="45.821342" lon="-1.118138">
        <ele>1.770</ele>
        <time>2017-07-28T07:14:40Z</time>
      </trkpt>
      <trkpt lat="45.822107" lon="-1.120008">
        <ele>4.047</ele>
        <time>2017-07-28T07:15:00Z</time>
      </trkpt>
      <trkpt lat="45.824924" lon="-1.123875">
        <ele>3.777</ele>
        <time>2017-07-28T07:15:20Z</time>
      </trkpt>
      <trkpt lat="45.825003" lon="-1.124166">
        <ele>4.074</ele>
        <time>2017-07-28T07:15:40Z</time>
      </trkpt>
      <trkpt lat="45.823543" lon="-1.125595">
        <ele>3.441</ele>
        <time>2017-07-28T07:16:00Z</time>
      </trkpt>
      <trkpt lat="45.822377" lon="-1.127710">
        <ele>0.651</ele>
        <time>2017-07-28T07:16:20Z</time>
      </trkpt>
      <trkpt lat="45.822513" lon="-1.127918">
        <ele>1.048</ele>
        <time>2017-07-28T07:16:40Z</time>
      </trkpt>
      <trkpt lat="45.822490" lon="-1.128359">
        <ele>2.060</ele>
        <time>2017-07-28T07:17:00Z</time>
      </trkpt>
      <trkpt lat="45.822173" lon="-1.128482">
        <ele>1.062</ele>
        <time>2017-07-28T07:17:20Z</time>
      </trkpt>
      <trkpt lat="45.821375" lon="-1.129675">
        <ele>2.083</ele>
        <time>2017-07-28T07:17:40Z</time>
      </trkpt>
      <trkpt lat="45.820707" lon="-1.130364">
        <ele>-0.811</ele>
        <time>2017-07-28T07:18:00Z</time>
      </trkpt>
      <trkpt lat="45.819365" lon="-1.131130">
        <ele>3.008</ele>
        <time>2017-07-28T07:18:20Z</time>
      </trkpt>
      <trkpt lat="45.813921" lon="-1.132982">
        <ele>3.777</ele>
        <time>2017-07-28T07:18:40Z</time>
      </trkpt>
      <trkpt lat="45.813708" lon="-1.133398">
        <ele>4.674</ele>
        <time>2017-07-28T07:19:00Z</time>
      </trkpt>
      <trkpt lat="45.813336" lon="-1.133229">
        <ele>3.084</ele>
        <time>2017-07-28T07:19:20Z</time>
      </trkpt>
      <trkpt lat="45.811763" lon="-1.133302">
        <ele>1.981</ele>
        <time>2017-07-28T07:19:40Z</time>
      </trkpt>
      <trkpt lat="45.804931" lon="-1.131865">
        <ele>2.848</ele>
        <time>2017-07-28T07:20:00Z</time>
      </trkpt>
      <trkpt lat="45.803896" lon="-1.132000">
        <ele>4.078</ele>
        <time>2017-07-28T07:20:20Z</time>
      </trkpt>
      <trkpt lat="45.803069" lon="-1.132462">
        <ele>2.725</ele>
        <time>2017-07-28T07:20:40Z</time>
      </trkpt>
      <trkpt lat="45.801971" lon="-1.133691">
        <ele>4.367</ele>
        <time>2017-07-28T07:21:00Z</time>
      </trkpt>
      <trkpt lat="45.796646" lon="-1.143304">
        <ele>5.159</ele>
        <time>2017-07-28T07:21:20Z</time>
      </trkpt>
      <trkpt lat="45.795366" lon="-1.145852">
        <ele>8.603</ele>
        <time>2017-07-28T07:21:40Z</time>
      </trkpt>
      <trkpt lat="45.793048" lon="-1.149774">
        <ele>6.023</ele>
        <time>2017-07-28T07:22:00Z</time>
      </trkpt>
      <trkpt lat="45.791506" lon="-1.151508">
        <ele>10.408</ele>
        <time>2017-07-28T07:22:20Z</time>
      </trkpt>
      <trkpt lat="45.789181" lon="-1.153589">
        <ele>11.156</ele>
        <time>2017-07-28T07:22:40Z</time>
      </trkpt>
      <trkpt lat="45.787198" lon="-1.155122">
        <ele>3.463</ele>
        <time>2017-07-28T07:23:00Z</time>
      </trkpt>
      <trkpt lat="45.785899" lon="-1.156920">
        <ele>4.873</ele>
        <time>2017-07-28T07:23:20Z</time>
      </trkpt>
      <trkpt lat="45.785912" lon="-1.157349">
        <ele>6.990</ele>
        <time>2017-07-28T07:23:40Z</time>
      </trkpt>
      <trkpt lat="45.785571" lon="-1.157887">
        <ele>8.557</ele>
        <time>2017-07-28T07:24:00Z</time>
      </trkpt>
      <trkpt lat="45.785743" lon="-1.157493">
        <ele>7.657</ele>
        <time>2017-07-28T07:24:20Z</time>
      </trkpt>
      <trkpt lat="45.786911" lon="-1.157912">
        <ele>14.734</ele>
        <time>2017-07-28T07:24:40Z</time>
      </trkpt>
      <trkpt lat="45.792294" lon="-1.160724">
        <ele>13.656</ele>
        <time>2017-07-28T07:25:00Z</time>
      </trkpt>
      <trkpt lat="45.792356" lon="-1.161223">
        <ele>14.629</ele>
        <time>2017-07-28T07:25:20Z</time>
      </trkpt>
      <trkpt lat="45.792906" lon="-1.161737">
        <ele>9.400</ele>
        <time>2017-07-28T07:25:40Z</time>
      </trkpt>
      <trkpt lat="45.793091" lon="-1.162775">
        <ele>13.220</ele>
        <time>2017-07-28T07:26:00Z</time>
      </trkpt>
      <trkpt lat="45.793086" lon="-1.163657">
        <ele>16.608</ele>
        <time>2017-07-28T07:26:20Z</time>
      </trkpt>
      <trkpt lat="45.792927" lon="-1.164245">
        <ele>15.753</ele>
        <time>2017-07-28T07:26:40Z</time>
      </trkpt>
      <trkpt lat="45.789857" lon="-1.172899">
        <ele>13.920</ele>
        <time>2017-07-28T07:27:00Z</time>
      </trkpt>
      <trkpt lat="45.789452" lon="-1.174355">
        <ele>17.430</ele>
        <time>2017-07-28T07:27:20Z</time>
      </trkpt>
      <trkpt lat="45.786626" lon="-1.182040">
        <ele>13.147</ele>
        <time>2017-07-28T07:27:40Z</time>
      </trkpt>
      <trkpt lat="45.786322" lon="-1.183911">
        <ele>12.974</ele>
        <time>2017-07-28T07:28:00Z</time>
      </trkpt>
      <trkpt lat="45.786645" lon="-1.185618">
        <ele>11.184</ele>
        <time>2017-07-28T07:28:20Z</time>
      </trkpt>
      <trkpt lat="45.788370" lon="-1.188266">
        <ele>15.751</ele>
        <time>2017-07-28T07:28:40Z</time>
      </trkpt>
      <trkpt lat="45.788728" lon="-1.189455">
        <ele>14.163</ele>
        <time>2017-07-28T07:29:00Z</time>
      </trkpt>
      <trkpt lat="45.788685" lon="-1.196570">
        <ele>12.765</ele>
        <time>2017-07-28T07:29:20Z</time>
      </trkpt>
      <trkpt lat="45.789975" lon="-1.200222">
        <ele>9.168</ele>
        <time>2017-07-28T07:29:40Z</time>
      </trkpt>
      <trkpt lat="45.790930" lon="-1.207735">
        <ele>11.014</ele>
        <time>2017-07-28T07:30:00Z</time>
      </trkpt>
      <trkpt lat="45.790991" lon="-1.210057">
        <ele>8.908</ele>
        <time>2017-07-28T07:30:20Z</time>
      </trkpt>
      <trkpt lat="45.790481" lon="-1.213170">
        <ele>9.247</ele>
        <time>2017-07-28T07:30:40Z</time>
      </trkpt>
      <trkpt lat="45.790012" lon="-1.214676">
        <ele>7.074</ele>
        <time>2017-07-28T07:31:00Z</time>
      </trkpt>
      <trkpt lat="45.789944" lon="-1.215349">
        <ele>8.074</ele>
        <time>2017-07-28T07:31:20Z</time>
      </trkpt>
      <trkpt lat="45.785120" lon="-1.224249">
        <ele>15.371</ele>
        <time>2017-07-28T07:31:40Z</time>
      </trkpt>
      <trkpt lat="45.784259" lon="-1.225638">
        <ele>10.048</ele>
        <time>2017-07-28T07:32:00Z</time>
      </trkpt>
      <trkpt lat="45.782951" lon="-1.226933">
        <ele>10.448</ele>
        <time>2017-07-28T07:32:20Z</time>
      </trkpt>
      <trkpt lat="45.781986" lon="-1.227551">
        <ele>9.015</ele>
        <time>2017-07-28T07:32:40Z</time>
      </trkpt>
      <trkpt lat="45.780736" lon="-1.227963">
        <ele>9.277</ele>
        <time>2017-07-28T07:33:00Z</time>
      </trkpt>
      <trkpt lat="45.769729" lon="-1.229876">
        <ele>6.042</ele>
        <time>2017-07-28T07:33:20Z</time>
      </trkpt>
      <trkpt lat="45.768766" lon="-1.229977">
        <ele>6.022</ele>
        <time>2017-07-28T07:33:40Z</time>
      </trkpt>
      <trkpt lat="45.755752" lon="-1.228275">
        <ele>13.914</ele>
        <time>2017-07-28T07:34:00Z</time>
      </trkpt>
      <trkpt lat="45.752266" lon="-1.228567">
        <ele>13.908</ele>
        <time>2017-07-28T07:34:20Z</time>
      </trkpt>
      <trkpt lat="45.746870" lon="-1.227725">
        <ele>14.415</ele>
        <time>2017-07-28T07:34:40Z</time>
      </trkpt>
      <trkpt lat="45.741287" lon="-1.227752">
        <ele>15.172</ele>
        <time>2017-07-28T07:35:00Z</time>
      </trkpt>
      <trkpt lat="45.740662" lon="-1.227453">
        <ele>13.582</ele>
        <time>2017-07-28T07:35:20Z</time>
      </trkpt>
      <trkpt lat="45.740421" lon="-1.227069">
        <ele>13.759</ele>
        <time>2017-07-28T07:35:40Z</time>
      </trkpt>
      <trkpt lat="45.740467" lon="-1.226263">
        <ele>13.076</ele>
        <time>2017-07-28T07:36:00Z</time>
      </trkpt>
      <trkpt lat="45.740083" lon="-1.224764">
        <ele>12.846</ele>
        <time>2017-07-28T07:36:20Z</time>
      </trkpt>
      <trkpt lat="45.739756" lon="-1.224452">
        <ele>12.223</ele>
        <time>2017-07-28T07:36:40Z</time>
      </trkpt>
      <trkpt lat="45.739435" lon="-1.224433">
        <ele>11.055</ele>
        <time>2017-07-28T07:37:00Z</time>
      </trkpt>
      <trkpt lat="45.732761" lon="-1.224838">
        <ele>7.958</ele>
        <time>2017-07-28T07:37:20Z</time>
      </trkpt>
      <trkpt lat="45.731882" lon="-1.227270">
        <ele>9.252</ele>
        <time>2017-07-28T07:37:40Z</time>
      </trkpt>
      <trkpt lat="45.731514" lon="-1.227819">
        <ele>8.917</ele>
        <time>2017-07-28T07:38:00Z</time>
      </trkpt>
      <trkpt lat="45.731003" lon="-1.228143">
        <ele>8.808</ele>
        <time>2017-07-28T07:38:20Z</time>
      </trkpt>
      <trkpt lat="45.730948" lon="-1.228819">
        <ele>9.936</ele>
        <time>2017-07-28T07:38:40Z</time>
      </trkpt>
      <trkpt lat="45.730010" lon="-1.230081">
        <ele>11.313</ele>
        <time>2017-07-28T07:39:00Z</time>
      </trkpt>
      <trkpt lat="45.729529" lon="-1.230589">
        <ele>9.683</ele>
        <time>2017-07-28T07:39:20Z</time>
      </trkpt>
      <trkpt lat="45.728054" lon="-1.230604">
        <ele>8.020</ele>
        <time>2017-07-28T07:39:40Z</time>
      </trkpt>
      <trkpt lat="45.727780" lon="-1.230825">
        <ele>8.067</ele>
        <time>2017-07-28T07:40:00Z</time>
      </trkpt>
      <trkpt lat="45.727414" lon="-1.231521">
        <ele>9.237</ele>
        <time>2017-07-28T07:40:20Z</time>
      </trkpt>
      <trkpt lat="45.727180" lon="-1.231652">
        <ele>9.274</ele>
        <time>2017-07-28T07:40:40Z</time>
      </trkpt>
      <trkpt lat="45.725279" lon="-1.231864">
        <ele>10.716</ele>
        <time>2017-07-28T07:41:00Z</time>
      </trkpt>
      <trkpt lat="45.722519" lon="-1.231893">
        <ele>5.829</ele>
        <time>2017-07-28T07:41:20Z</time>
      </trkpt>
      <trkpt lat="45.711394" lon="-1.232552">
        <ele>5.200</ele>
        <time>2017-07-28T07:41:40Z</time>
      </trkpt>
      <trkpt lat="45.710883" lon="-1.232626">
        <ele>6.420</ele>
        <time>2017-07-28T07:42:00Z</time>
      </trkpt>
      <trkpt lat="45.710230" lon="-1.233024">
        <ele>6.908</ele>
        <time>2017-07-28T07:42:20Z</time>
      </trkpt>
      <trkpt lat="45.709039" lon="-1.233134">
        <ele>6.363</ele>
        <time>2017-07-28T07:42:40Z</time>
      </trkpt>
      <trkpt lat="45.708534" lon="-1.233621">
        <ele>6.430</ele>
        <time>2017-07-28T07:43:00Z</time>
      </trkpt>
      <trkpt lat="45.708065" lon="-1.233822">
        <ele>3.340</ele>
        <time>2017-07-28T07:43:20Z</time>
      </trkpt>
      <trkpt lat="45.707582" lon="-1.233687">
        <ele>3.787</ele>
        <time>2017-07-28T07:43:40Z</time>
      </trkpt>
      <trkpt lat="45.707165" lon="-1.233359">
        <ele>4.364</ele>
        <time>2017-07-28T07:44:00Z</time>
      </trkpt>
      <trkpt lat="45.706522" lon="-1.233319">
        <ele>5.564</ele>
        <time>2017-07-28T07:44:20Z</time>
      </trkpt>
      <trkpt lat="45.705670" lon="-1.232898">
        <ele>6.221</ele>
        <time>2017-07-28T07:44:40Z</time>
      </trkpt>
      <trkpt lat="45.701423" lon="-1.233071">
        <ele>4.093</ele>
        <time>2017-07-28T07:45:00Z</time>
      </trkpt>
      <trkpt lat="45.701137" lon="-1.232866">
        <ele>4.944</ele>
        <time>2017-07-28T07:45:20Z</time>
      </trkpt>
      <trkpt lat="45.700885" lon="-1.232318">
        <ele>6.505</ele>
        <time>2017-07-28T07:45:40Z</time>
      </trkpt>
      <trkpt lat="45.700421" lon="-1.231949">
        <ele>6.515</ele>
        <time>2017-07-28T07:46:00Z</time>
      </trkpt>
      <trkpt lat="45.697398" lon="-1.231929">
        <ele>6.708</ele>
        <time>2017-07-28T07:46:20Z</time>
      </trkpt>
      <trkpt lat="45.697290" lon="-1.230706">
        <ele>8.045</ele>
        <time>2017-07-28T07:46:40Z</time>
      </trkpt>
      <trkpt lat="45.697557" lon="-1.230459">
        <ele>8.012</ele>
        <time>2017-07-28T07:47:00Z</time>
      </trkpt>
      <trkpt lat="45.697674" lon="-1.229398">
        <ele>8.552</ele>
        <time>2017-07-28T07:47:20Z</time>
      </trkpt>
      <trkpt lat="45.697568" lon="-1.228800">
        <ele>7.829</ele>
        <time>2017-07-28T07:47:40Z</time>
      </trkpt>
      <trkpt lat="45.697129" lon="-1.228272">
        <ele>6.986</ele>
        <time>2017-07-28T07:48:00Z</time>
      </trkpt>
      <trkpt lat="45.697063" lon="-1.227830">
        <ele>7.886</ele>
        <time>2017-07-28T07:48:20Z</time>
      </trkpt>
      <trkpt lat="45.696725" lon="-1.221733">
        <ele>18.793</ele>
        <time>2017-07-28T07:48:40Z</time>
      </trkpt>
      <trkpt lat="45.697459" lon="-1.219315">
        <ele>11.585</ele>
        <time>2017-07-28T07:49:00Z</time>
      </trkpt>
      <trkpt lat="45.697899" lon="-1.216773">
        <ele>13.664</ele>
        <time>2017-07-28T07:49:20Z</time>
      </trkpt>
      <trkpt lat="45.697423" lon="-1.214967">
        <ele>11.106</ele>
        <time>2017-07-28T07:49:40Z</time>
      </trkpt>
      <trkpt lat="45.697662" lon="-1.210832">
        <ele>16.616</ele>
        <time>2017-07-28T07:50:00Z</time>
      </trkpt>
      <trkpt lat="45.697449" lon="-1.207823">
        <ele>7.908</ele>
        <time>2017-07-28T07:50:20Z</time>
      </trkpt>
      <trkpt lat="45.697196" lon="-1.205967">
        <ele>7.067</ele>
        <time>2017-07-28T07:50:40Z</time>
      </trkpt>
      <trkpt lat="45.696532" lon="-1.204179">
        <ele>5.544</ele>
        <time>2017-07-28T07:51:00Z</time>
      </trkpt>
      <trkpt lat="45.695943" lon="-1.203187">
        <ele>3.714</ele>
        <time>2017-07-28T07:51:20Z</time>
      </trkpt>
      <trkpt lat="45.695379" lon="-1.201246">
        <ele>1.631</ele>
        <time>2017-07-28T07:51:40Z</time>
      </trkpt>
      <trkpt lat="45.694821" lon="-1.199995">
        <ele>1.448</ele>
        <time>2017-07-28T07:52:00Z</time>
      </trkpt>
      <trkpt lat="45.694952" lon="-1.198676">
        <ele>3.028</ele>
        <time>2017-07-28T07:52:20Z</time>
      </trkpt>
      <trkpt lat="45.694598" lon="-1.197206">
        <ele>5.625</ele>
        <time>2017-07-28T07:52:40Z</time>
      </trkpt>
      <trkpt lat="45.694889" lon="-1.195372">
        <ele>6.097</ele>
        <time>2017-07-28T07:53:00Z</time>
      </trkpt>
      <trkpt lat="45.694358" lon="-1.193823">
        <ele>6.223</ele>
        <time>2017-07-28T07:53:20Z</time>
      </trkpt>
      <trkpt lat="45.693984" lon="-1.193112">
        <ele>4.583</ele>
        <time>2017-07-28T07:53:40Z</time>
      </trkpt>
      <trkpt lat="45.691963" lon="-1.190556">
        <ele>6.011</ele>
        <time>2017-07-28T07:54:00Z</time>
      </trkpt>
      <trkpt lat="45.691635" lon="-1.190367">
        <ele>4.308</ele>
        <time>2017-07-28T07:54:20Z</time>
      </trkpt>
      <trkpt lat="45.691045" lon="-1.190315">
        <ele>3.293</ele>
        <time>2017-07-28T07:54:40Z</time>
      </trkpt>
      <trkpt lat="45.690835" lon="-1.189808">
        <ele>4.710</ele>
        <time>2017-07-28T07:55:00Z</time>
      </trkpt>
      <trkpt lat="45.690265" lon="-1.189558">
        <ele>5.070</ele>
        <time>2017-07-28T07:55:20Z</time>
      </trkpt>
      <trkpt lat="45.688934" lon="-1.190298">
        <ele>5.257</ele>
        <time>2017-07-28T07:55:40Z</time>
      </trkpt>
      <trkpt lat="45.688805" lon="-1.190337">
        <ele>5.214</ele>
        <time>2017-07-28T07:56:00Z</time>
      </trkpt>
      <trkpt lat="45.688588" lon="-1.190135">
        <ele>6.584</ele>
        <time>2017-07-28T07:56:20Z</time>
      </trkpt>
      <trkpt lat="45.686556" lon="-1.186784">
        <ele>5.661</ele>
        <time>2017-07-28T07:56:40Z</time>
      </trkpt>
      <trkpt lat="45.686688" lon="-1.185810">
        <ele>5.063</ele>
        <time>2017-07-28T07:57:00Z</time>
      </trkpt>
      <trkpt lat="45.686593" lon="-1.185493">
        <ele>6.533</ele>
        <time>2017-07-28T07:57:20Z</time>
      </trkpt>
      <trkpt lat="45.685025" lon="-1.182815">
        <ele>5.023</ele>
        <time>2017-07-28T07:57:40Z</time>
      </trkpt>
      <trkpt lat="45.685129" lon="-1.180790">
        <ele>8.215</ele>
        <time>2017-07-28T07:58:00Z</time>
      </trkpt>
      <trkpt lat="45.684879" lon="-1.180584">
        <ele>8.908</ele>
        <time>2017-07-28T07:58:20Z</time>
      </trkpt>
      <trkpt lat="45.683630" lon="-1.180667">
        <ele>8.744</ele>
        <time>2017-07-28T07:58:40Z</time>
      </trkpt>
      <trkpt lat="45.683520" lon="-1.180408">
        <ele>8.561</ele>
        <time>2017-07-28T07:59:00Z</time>
      </trkpt>
      <trkpt lat="45.683664" lon="-1.180687">
        <ele>8.751</ele>
        <time>2017-07-28T07:59:20Z</time>
      </trkpt>
      <trkpt lat="45.683469" lon="-1.180805">
        <ele>7.198</ele>
        <time>2017-07-28T07:59:40Z</time>
      </trkpt>
      <trkpt lat="45.683241" lon="-1.181365">
        <ele>3.455</ele>
        <time>2017-07-28T08:00:00Z</time>
      </trkpt>
      <trkpt lat="45.683122" lon="-1.181315">
        <ele>3.855</ele>
        <time>2017-07-28T08:00:20Z</time>
      </trkpt>
      <trkpt lat="45.682748" lon="-1.180461">
        <ele>5.652</ele>
        <time>2017-07-28T08:00:40Z</time>
      </trkpt>
      <trkpt lat="45.682445" lon="-1.180231">
        <ele>6.334</ele>
        <time>2017-07-28T08:01:00Z</time>
      </trkpt>
      <trkpt lat="45.681902" lon="-1.179226">
        <ele>3.741</ele>
        <time>2017-07-28T08:01:20Z</time>
      </trkpt>
      <trkpt lat="45.681484" lon="-1.178830">
        <ele>2.781</ele>
        <time>2017-07-28T08:01:40Z</time>
      </trkpt>
      <trkpt lat="45.679112" lon="-1.174607">
        <ele>2.109</ele>
        <time>2017-07-28T08:02:00Z</time>
      </trkpt>
      <trkpt lat="45.678313" lon="-1.172920">
        <ele>1.008</ele>
        <time>2017-07-28T08:02:20Z</time>
      </trkpt>
      <trkpt lat="45.677862" lon="-1.171441">
        <ele>1.635</ele>
        <time>2017-07-28T08:02:40Z</time>
      </trkpt>
      <trkpt lat="45.675063" lon="-1.165570">
        <ele>5.452</ele>
        <time>2017-07-28T08:03:00Z</time>
      </trkpt>
      <trkpt lat="45.675049" lon="-1.165022">
        <ele>6.242</ele>
        <time>2017-07-28T08:03:20Z</time>
      </trkpt>
      <trkpt lat="45.675318" lon="-1.164501">
        <ele>6.239</ele>
        <time>2017-07-28T08:03:40Z</time>
      </trkpt>
      <trkpt lat="45.675961" lon="-1.161784">
        <ele>5.986</ele>
        <time>2017-07-28T08:04:00Z</time>
      </trkpt>
      <trkpt lat="45.676359" lon="-1.161507">
        <ele>9.096</ele>
        <time>2017-07-28T08:04:20Z</time>
      </trkpt>
      <trkpt lat="45.677331" lon="-1.161841">
        <ele>9.063</ele>
        <time>2017-07-28T08:04:40Z</time>
      </trkpt>
      <trkpt lat="45.680036" lon="-1.158020">
        <ele>8.025</ele>
        <time>2017-07-28T08:05:00Z</time>
      </trkpt>
      <trkpt lat="45.678403" lon="-1.155081">
        <ele>8.393</ele>
        <time>2017-07-28T08:05:20Z</time>
      </trkpt>
      <trkpt lat="45.676617" lon="-1.152592">
        <ele>7.865</ele>
        <time>2017-07-28T08:05:40Z</time>
      </trkpt>
      <trkpt lat="45.665080" lon="-1.142695">
        <ele>7.421</ele>
        <time>2017-07-28T08:06:00Z</time>
      </trkpt>
      <trkpt lat="45.664997" lon="-1.141095">
        <ele>17.008</ele>
        <time>2017-07-28T08:06:20Z</time>
      </trkpt>
      <trkpt lat="45.664394" lon="-1.140663">
        <ele>17.050</ele>
        <time>2017-07-28T08:06:40Z</time>
      </trkpt>
      <trkpt lat="45.663802" lon="-1.139630">
        <ele>17.387</ele>
        <time>2017-07-28T08:07:00Z</time>
      </trkpt>
      <trkpt lat="45.663650" lon="-1.138595">
        <ele>18.197</ele>
        <time>2017-07-28T08:07:20Z</time>
      </trkpt>
      <trkpt lat="45.659558" lon="-1.132615">
        <ele>14.294</ele>
        <time>2017-07-28T08:07:40Z</time>
      </trkpt>
      <trkpt lat="45.659297" lon="-1.131807">
        <ele>14.421</ele>
        <time>2017-07-28T08:08:00Z</time>
      </trkpt>
      <trkpt lat="45.659159" lon="-1.130221">
        <ele>12.911</ele>
        <time>2017-07-28T08:08:20Z</time>
      </trkpt>
      <trkpt lat="45.658115" lon="-1.127538">
        <ele>14.458</ele>
        <time>2017-07-28T08:08:40Z</time>
      </trkpt>
      <trkpt lat="45.658364" lon="-1.126552">
        <ele>16.480</ele>
        <time>2017-07-28T08:09:00Z</time>
      </trkpt>
      <trkpt lat="45.658309" lon="-1.126306">
        <ele>16.174</ele>
        <time>2017-07-28T08:09:20Z</time>
      </trkpt>
      <trkpt lat="45.654026" lon="-1.122551">
        <ele>16.756</ele>
        <time>2017-07-28T08:09:40Z</time>
      </trkpt>
      <trkpt lat="45.653118" lon="-1.121930">
        <ele>16.821</ele>
        <time>2017-07-28T08:10:00Z</time>
      </trkpt>
      <trkpt lat="45.652585" lon="-1.122503">
        <ele>13.608</ele>
        <time>2017-07-28T08:10:20Z</time>
      </trkpt>
      <trkpt lat="45.652489" lon="-1.122829">
        <ele>13.018</ele>
        <time>2017-07-28T08:10:40Z</time>
      </trkpt>
      <trkpt lat="45.652585" lon="-1.123268">
        <ele>12.545</ele>
        <time>2017-07-28T08:11:00Z</time>
      </trkpt>
      <trkpt lat="45.651843" lon="-1.123820">
        <ele>7.485</ele>
        <time>2017-07-28T08:11:20Z</time>
      </trkpt>
      <trkpt lat="45.651653" lon="-1.123587">
        <ele>7.012</ele>
        <time>2017-07-28T08:11:40Z</time>
      </trkpt>
      <trkpt lat="45.651167" lon="-1.121952">
        <ele>8.049</ele>
        <time>2017-07-28T08:12:00Z</time>
      </trkpt>
      <trkpt lat="45.648353" lon="-1.115475">
        <ele>12.689</ele>
        <time>2017-07-28T08:12:20Z</time>
      </trkpt>
      <trkpt lat="45.647041" lon="-1.107719">
        <ele>18.596</ele>
        <time>2017-07-28T08:12:40Z</time>
      </trkpt>
      <trkpt lat="45.646846" lon="-1.105668">
        <ele>21.188</ele>
        <time>2017-07-28T08:13:00Z</time>
      </trkpt>
      <trkpt lat="45.646918" lon="-1.105056">
        <ele>20.143</ele>
        <time>2017-07-28T08:13:20Z</time>
      </trkpt>
      <trkpt lat="45.646470" lon="-1.101820">
        <ele>18.264</ele>
        <time>2017-07-28T08:13:40Z</time>
      </trkpt>
      <trkpt lat="45.646703" lon="-1.099945">
        <ele>24.010</ele>
        <time>2017-07-28T08:14:00Z</time>
      </trkpt>
      <trkpt lat="45.646359" lon="-1.099734">
        <ele>24.108</ele>
        <time>2017-07-28T08:14:20Z</time>
      </trkpt>
      <trkpt lat="45.644824" lon="-1.094433">
        <ele>27.335</ele>
        <time>2017-07-28T08:14:40Z</time>
      </trkpt>
      <trkpt lat="45.644480" lon="-1.092973">
        <ele>23.582</ele>
        <time>2017-07-28T08:15:00Z</time>
      </trkpt>
      <trkpt lat="45.644469" lon="-1.091562">
        <ele>15.772</ele>
        <time>2017-07-28T08:15:20Z</time>
      </trkpt>
      <trkpt lat="45.642505" lon="-1.087722">
        <ele>7.849</ele>
        <time>2017-07-28T08:15:40Z</time>
      </trkpt>
      <trkpt lat="45.642507" lon="-1.086904">
        <ele>7.166</ele>
        <time>2017-07-28T08:16:00Z</time>
      </trkpt>
      <trkpt lat="45.641116" lon="-1.085219">
        <ele>11.236</ele>
        <time>2017-07-28T08:16:20Z</time>
      </trkpt>
      <trkpt lat="45.640505" lon="-1.084190">
        <ele>17.543</ele>
        <time>2017-07-28T08:16:40Z</time>
      </trkpt>
      <trkpt lat="45.639863" lon="-1.083774">
        <ele>20.245</ele>
        <time>2017-07-28T08:17:00Z</time>
      </trkpt>
      <trkpt lat="45.639672" lon="-1.083427">
        <ele>21.015</ele>
        <time>2017-07-28T08:17:20Z</time>
      </trkpt>
      <trkpt lat="45.638971" lon="-1.080231">
        <ele>13.865</ele>
        <time>2017-07-28T08:17:40Z</time>
      </trkpt>
      <trkpt lat="45.638567" lon="-1.080330">
        <ele>13.511</ele>
        <time>2017-07-28T08:18:00Z</time>
      </trkpt>
      <trkpt lat="45.638379" lon="-1.080171">
        <ele>13.108</ele>
        <time>2017-07-28T08:18:20Z</time>
      </trkpt>
      <trkpt lat="45.638680" lon="-1.080279">
        <ele>13.352</ele>
        <time>2017-07-28T08:18:40Z</time>
      </trkpt>
      <trkpt lat="45.638959" lon="-1.080089">
        <ele>11.329</ele>
        <time>2017-07-28T08:19:00Z</time>
      </trkpt>
      <trkpt lat="45.639711" lon="-1.077472">
        <ele>13.189</ele>
        <time>2017-07-28T08:19:20Z</time>
      </trkpt>
      <trkpt lat="45.639622" lon="-1.076251">
        <ele>13.166</ele>
        <time>2017-07-28T08:19:40Z</time>
      </trkpt>
      <trkpt lat="45.639109" lon="-1.074099">
        <ele>12.453</ele>
        <time>2017-07-28T08:20:00Z</time>
      </trkpt>
      <trkpt lat="45.638728" lon="-1.073521">
        <ele>17.223</ele>
        <time>2017-07-28T08:20:20Z</time>
      </trkpt>
      <trkpt lat="45.637909" lon="-1.072766">
        <ele>20.020</ele>
        <time>2017-07-28T08:20:40Z</time>
      </trkpt>
      <trkpt lat="45.636104" lon="-1.069491">
        <ele>15.022</ele>
        <time>2017-07-28T08:21:00Z</time>
      </trkpt>
      <trkpt lat="45.632183" lon="-1.063973">
        <ele>15.658</ele>
        <time>2017-07-28T08:21:20Z</time>
      </trkpt>
      <trkpt lat="45.629550" lon="-1.059748">
        <ele>19.952</ele>
        <time>2017-07-28T08:21:40Z</time>
      </trkpt>
      <trkpt lat="45.628765" lon="-1.056046">
        <ele>18.617</ele>
        <time>2017-07-28T08:22:00Z</time>
      </trkpt>
      <trkpt lat="45.628732" lon="-1.053651">
        <ele>13.808</ele>
        <time>2017-07-28T08:22:20Z</time>
      </trkpt>
      <trkpt lat="45.628445" lon="-1.053185">
        <ele>10.066</ele>
        <time>2017-07-28T08:22:40Z</time>
      </trkpt>
      <trkpt lat="45.627726" lon="-1.052609">
        <ele>6.693</ele>
        <time>2017-07-28T08:23:00Z</time>
      </trkpt>
      <trkpt lat="45.627322" lon="-1.051985">
        <ele>7.943</ele>
        <time>2017-07-28T08:23:20Z</time>
      </trkpt>
      <trkpt lat="45.627021" lon="-1.051877">
        <ele>7.470</ele>
        <time>2017-07-28T08:23:40Z</time>
      </trkpt>
      <trkpt lat="45.626911" lon="-1.051475">
        <ele>7.387</ele>
        <time>2017-07-28T08:24:00Z</time>
      </trkpt>
      <trkpt lat="45.625869" lon="-1.050152">
        <ele>14.467</ele>
        <time>2017-07-28T08:24:20Z</time>
      </trkpt>
      <trkpt lat="45.625396" lon="-1.049929">
        <ele>16.864</ele>
        <time>2017-07-28T08:24:40Z</time>
      </trkpt>
      <trkpt lat="45.624939" lon="-1.050349">
        <ele>11.326</ele>
        <time>2017-07-28T08:25:00Z</time>
      </trkpt>
      <trkpt lat="45.624489" lon="-1.050360">
        <ele>12.056</ele>
        <time>2017-07-28T08:25:20Z</time>
      </trkpt>
      <trkpt lat="45.623471" lon="-1.050881">
        <ele>8.159</ele>
        <time>2017-07-28T08:25:40Z</time>
      </trkpt>
      <trkpt lat="45.622644" lon="-1.051858">
        <ele>6.814</ele>
        <time>2017-07-28T08:26:00Z</time>
      </trkpt>
      <trkpt lat="45.622270" lon="-1.051813">
        <ele>5.308</ele>
        <time>2017-07-28T08:26:20Z</time>
      </trkpt>
      <trkpt lat="45.620668" lon="-1.049032">
        <ele>7.556</ele>
        <time>2017-07-28T08:26:40Z</time>
      </trkpt>
      <trkpt lat="45.620669" lon="-1.048452">
        <ele>7.543</ele>
        <time>2017-07-28T08:27:00Z</time>
      </trkpt>
      <trkpt lat="45.621371" lon="-1.048163">
        <ele>10.913</ele>
        <time>2017-07-28T08:27:20Z</time>
      </trkpt>
      <trkpt lat="45.622080" lon="-1.046874">
        <ele>9.670</ele>
        <time>2017-07-28T08:27:40Z</time>
      </trkpt>
      <trkpt lat="45.621853" lon="-1.046219">
        <ele>12.867</ele>
        <time>2017-07-28T08:28:00Z</time>
      </trkpt>
      <trkpt lat="45.621376" lon="-1.046210">
        <ele>10.967</ele>
        <time>2017-07-28T08:28:20Z</time>
      </trkpt>
      <trkpt lat="45.620661" lon="-1.045866">
        <ele>8.624</ele>
        <time>2017-07-28T08:28:40Z</time>
      </trkpt>
      <trkpt lat="45.620588" lon="-1.045711">
        <ele>8.226</ele>
        <time>2017-07-28T08:29:00Z</time>
      </trkpt>
      <trkpt lat="45.620410" lon="-1.044611">
        <ele>6.588</ele>
        <time>2017-07-28T08:29:20Z</time>
      </trkpt>
      <trkpt lat="45.620663" lon="-1.043987">
        <ele>9.124</ele>
        <time>2017-07-28T08:29:40Z</time>
      </trkpt>
      <trkpt lat="45.620278" lon="-1.043086">
        <ele>8.026</ele>
        <time>2017-07-28T08:30:00Z</time>
      </trkpt>
      <trkpt lat="45.620679" lon="-1.042435">
        <ele>10.508</ele>
        <time>2017-07-28T08:30:20Z</time>
      </trkpt>
      <trkpt lat="45.620194" lon="-1.041900">
        <ele>11.669</ele>
        <time>2017-07-28T08:30:40Z</time>
      </trkpt>
      <trkpt lat="45.618979" lon="-1.042130">
        <ele>9.766</ele>
        <time>2017-07-28T08:31:00Z</time>
      </trkpt>
      <trkpt lat="45.618641" lon="-1.042639">
        <ele>4.866</ele>
        <time>2017-07-28T08:31:20Z</time>
      </trkpt>
      <trkpt lat="45.618142" lon="-1.042516">
        <ele>4.233</ele>
        <time>2017-07-28T08:31:40Z</time>
      </trkpt>
      <trkpt lat="45.617780" lon="-1.041960">
        <ele>5.940</ele>
        <time>2017-07-28T08:32:00Z</time>
      </trkpt>
      <trkpt lat="45.617596" lon="-1.041157">
        <ele>8.610</ele>
        <time>2017-07-28T08:32:20Z</time>
      </trkpt>
      <trkpt lat="45.617902" lon="-1.040376">
        <ele>8.887</ele>
        <time>2017-07-28T08:32:40Z</time>
      </trkpt>
      <trkpt lat="45.617835" lon="-1.039911">
        <ele>4.519</ele>
        <time>2017-07-28T08:33:00Z</time>
      </trkpt>
      <trkpt lat="45.618078" lon="-1.039457">
        <ele>4.322</ele>
        <time>2017-07-28T08:33:20Z</time>
      </trkpt>
      <trkpt lat="45.618028" lon="-1.036613">
        <ele>6.262</ele>
        <time>2017-07-28T08:33:40Z</time>
      </trkpt>
      <trkpt lat="45.619469" lon="-1.035486">
        <ele>8.808</ele>
        <time>2017-07-28T08:34:00Z</time>
      </trkpt>
      <trkpt lat="45.620029" lon="-1.035429">
        <ele>13.508</ele>
        <time>2017-07-28T08:34:20Z</time>
      </trkpt>
      <trkpt lat="45.620302" lon="-1.035151">
        <ele>19.153</ele>
        <time>2017-07-28T08:34:40Z</time>
      </trkpt>
      <trkpt lat="45.618999" lon="-1.031937">
        <ele>5.810</ele>
        <time>2017-07-28T08:35:00Z</time>
      </trkpt>
      <trkpt lat="45.618809" lon="-1.031799">
        <ele>4.930</ele>
        <time>2017-07-28T08:35:20Z</time>
      </trkpt>
      <trkpt lat="45.618356" lon="-1.031948">
        <ele>3.197</ele>
        <time>2017-07-28T08:35:40Z</time>
      </trkpt>
      <trkpt lat="45.617985" lon="-1.031669">
        <ele>5.224</ele>
        <time>2017-07-28T08:36:00Z</time>
      </trkpt>
      <trkpt lat="45.568507" lon="-1.062358">
        <ele>1.134</ele>
        <time>2017-07-28T08:36:20Z</time>
      </trkpt>
      <trkpt lat="45.567657" lon="-1.064278">
        <ele>1.281</ele>
        <time>2017-07-28T08:36:40Z</time>
      </trkpt>
      <trkpt lat="45.567702" lon="-1.064509">
        <ele>2.073</ele>
        <time>2017-07-28T08:37:00Z</time>
      </trkpt>
      <trkpt lat="45.568056" lon="-1.064319">
        <ele>1.516</ele>
        <time>2017-07-28T08:37:20Z</time>
      </trkpt>
      <trkpt lat="45.568613" lon="-1.063188">
        <ele>2.076</ele>
        <time>2017-07-28T08:37:40Z</time>
      </trkpt>
      <trkpt lat="45.569075" lon="-1.062752">
        <ele>1.613</ele>
        <time>2017-07-28T08:38:00Z</time>
      </trkpt>
      <trkpt lat="45.569207" lon="-1.062939">
        <ele>2.108</ele>
        <time>2017-07-28T08:38:20Z</time>
      </trkpt>
      <trkpt lat="45.569189" lon="-1.063293">
        <ele>2.932</ele>
        <time>2017-07-28T08:38:40Z</time>
      </trkpt>
      <trkpt lat="45.567422" lon="-1.064960">
        <ele>2.669</ele>
        <time>2017-07-28T08:39:00Z</time>
      </trkpt>
      <trkpt lat="45.565644" lon="-1.066095">
        <ele>6.499</ele>
        <time>2017-07-28T08:39:20Z</time>
      </trkpt>
      <trkpt lat="45.565904" lon="-1.066774">
        <ele>4.966</ele>
        <time>2017-07-28T08:39:40Z</time>
      </trkpt>
      <trkpt lat="45.567000" lon="-1.067329">
        <ele>5.663</ele>
        <time>2017-07-28T08:40:00Z</time>
      </trkpt>
      <trkpt lat="45.567491" lon="-1.068363">
        <ele>7.173</ele>
        <time>2017-07-28T08:40:20Z</time>
      </trkpt>
      <trkpt lat="45.567542" lon="-1.069280">
        <ele>7.120</ele>
        <time>2017-07-28T08:40:40Z</time>
      </trkpt>
      <trkpt lat="45.566275" lon="-1.073277">
        <ele>8.862</ele>
        <time>2017-07-28T08:41:00Z</time>
      </trkpt>
      <trkpt lat="45.565048" lon="-1.075030">
        <ele>10.855</ele>
        <time>2017-07-28T08:41:20Z</time>
      </trkpt>
      <trkpt lat="45.563252" lon="-1.078168">
        <ele>9.607</ele>
        <time>2017-07-28T08:41:40Z</time>
      </trkpt>
      <trkpt lat="45.560775" lon="-1.080249">
        <ele>12.817</ele>
        <time>2017-07-28T08:42:00Z</time>
      </trkpt>
      <trkpt lat="45.558075" lon="-1.082844">
        <ele>8.308</ele>
        <time>2017-07-28T08:42:20Z</time>
      </trkpt>
      <trkpt lat="45.557323" lon="-1.083382">
        <ele>10.326</ele>
        <time>2017-07-28T08:42:40Z</time>
      </trkpt>
      <trkpt lat="45.555264" lon="-1.085426">
        <ele>9.033</ele>
        <time>2017-07-28T08:43:00Z</time>
      </trkpt>
      <trkpt lat="45.551734" lon="-1.091199">
        <ele>10.273</ele>
        <time>2017-07-28T08:43:20Z</time>
      </trkpt>
      <trkpt lat="45.551218" lon="-1.091736">
        <ele>12.250</ele>
        <time>2017-07-28T08:43:40Z</time>
      </trkpt>
      <trkpt lat="45.546973" lon="-1.094801">
        <ele>11.477</ele>
        <time>2017-07-28T08:44:00Z</time>
      </trkpt>
      <trkpt lat="45.546314" lon="-1.095109">
        <ele>10.717</ele>
        <time>2017-07-28T08:44:20Z</time>
      </trkpt>
      <trkpt lat="45.543632" lon="-1.095819">
        <ele>11.174</ele>
        <time>2017-07-28T08:44:40Z</time>
      </trkpt>
      <trkpt lat="45.541292" lon="-1.098173">
        <ele>13.556</ele>
        <time>2017-07-28T08:45:00Z</time>
      </trkpt>
      <trkpt lat="45.538841" lon="-1.099612">
        <ele>16.946</ele>
        <time>2017-07-28T08:45:20Z</time>
      </trkpt>
      <trkpt lat="45.538227" lon="-1.100307">
        <ele>15.888</ele>
        <time>2017-07-28T08:45:40Z</time>
      </trkpt>
      <trkpt lat="45.537808" lon="-1.101073">
        <ele>14.116</ele>
        <time>2017-07-28T08:46:00Z</time>
      </trkpt>
      <trkpt lat="45.537798" lon="-1.101989">
        <ele>9.808</ele>
        <time>2017-07-28T08:46:20Z</time>
      </trkpt>
      <trkpt lat="45.536877" lon="-1.103596">
        <ele>7.785</ele>
        <time>2017-07-28T08:46:40Z</time>
      </trkpt>
      <trkpt lat="45.536798" lon="-1.104903">
        <ele>6.262</ele>
        <time>2017-07-28T08:47:00Z</time>
      </trkpt>
      <trkpt lat="45.535841" lon="-1.105884">
        <ele>8.072</ele>
        <time>2017-07-28T08:47:20Z</time>
      </trkpt>
      <trkpt lat="45.535631" lon="-1.105809">
        <ele>8.989</ele>
        <time>2017-07-28T08:47:40Z</time>
      </trkpt>
      <trkpt lat="45.535380" lon="-1.105175">
        <ele>13.386</ele>
        <time>2017-07-28T08:48:00Z</time>
      </trkpt>
      <trkpt lat="45.534809" lon="-1.104779">
        <ele>15.726</ele>
        <time>2017-07-28T08:48:20Z</time>
      </trkpt>
      <trkpt lat="45.534189" lon="-1.104090">
        <ele>14.723</ele>
        <time>2017-07-28T08:48:40Z</time>
      </trkpt>
      <trkpt lat="45.532523" lon="-1.105450">
        <ele>11.415</ele>
        <time>2017-07-28T08:49:00Z</time>
      </trkpt>
      <trkpt lat="45.531804" lon="-1.106491">
        <ele>13.597</ele>
        <time>2017-07-28T08:49:20Z</time>
      </trkpt>
      <trkpt lat="45.530898" lon="-1.107172">
        <ele>10.623</ele>
        <time>2017-07-28T08:49:40Z</time>
      </trkpt>
      <trkpt lat="45.530284" lon="-1.107887">
        <ele>8.925</ele>
        <time>2017-07-28T08:50:00Z</time>
      </trkpt>
      <trkpt lat="45.529009" lon="-1.108836">
        <ele>14.008</ele>
        <time>2017-07-28T08:50:20Z</time>
      </trkpt>
      <trkpt lat="45.528568" lon="-1.109618">
        <ele>16.480</ele>
        <time>2017-07-28T08:50:40Z</time>
      </trkpt>
      <trkpt lat="45.528295" lon="-1.111562">
        <ele>10.767</ele>
        <time>2017-07-28T08:51:00Z</time>
      </trkpt>
      <trkpt lat="45.528058" lon="-1.112146">
        <ele>8.097</ele>
        <time>2017-07-28T08:51:20Z</time>
      </trkpt>
      <trkpt lat="45.526897" lon="-1.112467">
        <ele>11.024</ele>
        <time>2017-07-28T08:51:40Z</time>
      </trkpt>
      <trkpt lat="45.525147" lon="-1.113511">
        <ele>9.811</ele>
        <time>2017-07-28T08:52:00Z</time>
      </trkpt>
      <trkpt lat="45.523694" lon="-1.115232">
        <ele>9.471</ele>
        <time>2017-07-28T08:52:20Z</time>
      </trkpt>
      <trkpt lat="45.519775" lon="-1.119220">
        <ele>11.238</ele>
        <time>2017-07-28T08:52:40Z</time>
      </trkpt>
      <trkpt lat="45.519649" lon="-1.119458">
        <ele>11.740</ele>
        <time>2017-07-28T08:53:00Z</time>
      </trkpt>
      <trkpt lat="45.519681" lon="-1.120323">
        <ele>11.039</ele>
        <time>2017-07-28T08:53:20Z</time>
      </trkpt>
      <trkpt lat="45.519508" lon="-1.121174">
        <ele>13.401</ele>
        <time>2017-07-28T08:53:40Z</time>
      </trkpt>
      <trkpt lat="45.518331" lon="-1.124000">
        <ele>10.221</ele>
        <time>2017-07-28T08:54:00Z</time>
      </trkpt>
      <trkpt lat="45.517695" lon="-1.125089">
        <ele>10.808</ele>
        <time>2017-07-28T08:54:20Z</time>
      </trkpt>
      <trkpt lat="45.516040" lon="-1.127135">
        <ele>10.784</ele>
        <time>2017-07-28T08:54:40Z</time>
      </trkpt>
      <trkpt lat="45.515133" lon="-1.125801">
        <ele>13.051</ele>
        <time>2017-07-28T08:55:00Z</time>
      </trkpt>
      <trkpt lat="45.514661" lon="-1.124628">
        <ele>10.511</ele>
        <time>2017-07-28T08:55:20Z</time>
      </trkpt>
      <trkpt lat="45.513985" lon="-1.124979">
        <ele>10.038</ele>
        <time>2017-07-28T08:55:40Z</time>
      </trkpt>
      <trkpt lat="45.513421" lon="-1.124161">
        <ele>9.745</ele>
        <time>2017-07-28T08:56:00Z</time>
      </trkpt>
      <trkpt lat="45.513828" lon="-1.124804">
        <ele>9.815</ele>
        <time>2017-07-28T08:56:20Z</time>
      </trkpt>
      <trkpt lat="45.512801" lon="-1.125889">
        <ele>10.062</ele>
        <time>2017-07-28T08:56:40Z</time>
      </trkpt>
      <trkpt lat="45.514563" lon="-1.128883">
        <ele>9.614</ele>
        <time>2017-07-28T08:57:00Z</time>
      </trkpt>
      <trkpt lat="45.513044" lon="-1.130620">
        <ele>8.814</ele>
        <time>2017-07-28T08:57:20Z</time>
      </trkpt>
      <trkpt lat="45.512307" lon="-1.130860">
        <ele>8.354</ele>
        <time>2017-07-28T08:57:40Z</time>
      </trkpt>
      <trkpt lat="45.511362" lon="-1.131515">
        <ele>9.409</ele>
        <time>2017-07-28T08:58:00Z</time>
      </trkpt>
      <trkpt lat="45.510601" lon="-1.132328">
        <ele>8.708</ele>
        <time>2017-07-28T08:58:20Z</time>
      </trkpt>
      <trkpt lat="45.508607" lon="-1.133493">
        <ele>12.472</ele>
        <time>2017-07-28T08:58:40Z</time>
      </trkpt>
      <trkpt lat="45.506984" lon="-1.134662">
        <ele>11.069</ele>
        <time>2017-07-28T08:59:00Z</time>
      </trkpt>
      <trkpt lat="45.506716" lon="-1.134488">
        <ele>10.269</ele>
        <time>2017-07-28T08:59:20Z</time>
      </trkpt>
      <trkpt lat="45.505934" lon="-1.132372">
        <ele>11.466</ele>
        <time>2017-07-28T08:59:40Z</time>
      </trkpt>
      <trkpt lat="45.505849" lon="-1.132271">
        <ele>11.153</ele>
        <time>2017-07-28T09:00:00Z</time>
      </trkpt>
      <trkpt lat="45.505611" lon="-1.132361">
        <ele>11.453</ele>
        <time>2017-07-28T09:00:20Z</time>
      </trkpt>
      <trkpt lat="45.492273" lon="-1.143061">
        <ele>18.090</ele>
        <time>2017-07-28T09:00:40Z</time>
      </trkpt>
      <trkpt lat="45.490843" lon="-1.144052">
        <ele>14.022</ele>
        <time>2017-07-28T09:01:00Z</time>
      </trkpt>
      <trkpt lat="45.489895" lon="-1.144984">
        <ele>16.325</ele>
        <time>2017-07-28T09:01:20Z</time>
      </trkpt>
      <trkpt lat="45.485218" lon="-1.148708">
        <ele>10.526</ele>
        <time>2017-07-28T09:01:40Z</time>
      </trkpt>
      <trkpt lat="45.484932" lon="-1.148670">
        <ele>11.008</ele>
        <time>2017-07-28T09:02:00Z</time>
      </trkpt>
      <trkpt lat="45.484900" lon="-1.147825">
        <ele>11.508</ele>
        <time>2017-07-28T09:02:20Z</time>
      </trkpt>
      <trkpt lat="45.484463" lon="-1.145498">
        <ele>13.253</ele>
        <time>2017-07-28T09:02:40Z</time>
      </trkpt>
      <trkpt lat="45.484069" lon="-1.143644">
        <ele>13.510</ele>
        <time>2017-07-28T09:03:00Z</time>
      </trkpt>
      <trkpt lat="45.483922" lon="-1.143507">
        <ele>13.930</ele>
        <time>2017-07-28T09:03:20Z</time>
      </trkpt>
      <trkpt lat="45.469673" lon="-1.150748">
        <ele>15.257</ele>
        <time>2017-07-28T09:03:40Z</time>
      </trkpt>
      <trkpt lat="45.467600" lon="-1.153055">
        <ele>10.444</ele>
        <time>2017-07-28T09:04:00Z</time>
      </trkpt>
      <trkpt lat="45.467203" lon="-1.150000">
        <ele>12.964</ele>
        <time>2017-07-28T09:04:20Z</time>
      </trkpt>
      <trkpt lat="45.467226" lon="-1.149017">
        <ele>15.091</ele>
        <time>2017-07-28T09:04:40Z</time>
      </trkpt>
      <trkpt lat="45.466216" lon="-1.137140">
        <ele>14.233</ele>
        <time>2017-07-28T09:05:00Z</time>
      </trkpt>
      <trkpt lat="45.465908" lon="-1.135338">
        <ele>12.725</ele>
        <time>2017-07-28T09:05:20Z</time>
      </trkpt>
      <trkpt lat="45.450180" lon="-1.137198">
        <ele>13.626</ele>
        <time>2017-07-28T09:05:40Z</time>
      </trkpt>
      <trkpt lat="45.446532" lon="-1.137770">
        <ele>16.008</ele>
        <time>2017-07-28T09:06:00Z</time>
      </trkpt>
      <trkpt lat="45.441837" lon="-1.138283">
        <ele>16.008</ele>
        <time>2017-07-28T09:06:20Z</time>
      </trkpt>
      <trkpt lat="45.437766" lon="-1.138966">
        <ele>15.583</ele>
        <time>2017-07-28T09:06:40Z</time>
      </trkpt>
      <trkpt lat="45.437189" lon="-1.136670">
        <ele>15.950</ele>
        <time>2017-07-28T09:07:00Z</time>
      </trkpt>
      <trkpt lat="45.432958" lon="-1.139099">
        <ele>17.030</ele>
        <time>2017-07-28T09:07:20Z</time>
      </trkpt>
      <trkpt lat="45.432350" lon="-1.139315">
        <ele>18.827</ele>
        <time>2017-07-28T09:07:40Z</time>
      </trkpt>
      <trkpt lat="45.430829" lon="-1.130278">
        <ele>14.074</ele>
        <time>2017-07-28T09:08:00Z</time>
      </trkpt>
      <trkpt lat="45.430677" lon="-1.129745">
        <ele>14.854</ele>
        <time>2017-07-28T09:08:20Z</time>
      </trkpt>
      <trkpt lat="45.430233" lon="-1.129140">
        <ele>14.151</ele>
        <time>2017-07-28T09:08:40Z</time>
      </trkpt>
      <trkpt lat="45.429796" lon="-1.128990">
        <ele>13.673</ele>
        <time>2017-07-28T09:09:00Z</time>
      </trkpt>
      <trkpt lat="45.428115" lon="-1.128972">
        <ele>13.361</ele>
        <time>2017-07-28T09:09:20Z</time>
      </trkpt>
      <trkpt lat="45.427687" lon="-1.129158">
        <ele>14.321</ele>
        <time>2017-07-28T09:09:40Z</time>
      </trkpt>
      <trkpt lat="45.427325" lon="-1.129005">
        <ele>14.813</ele>
        <time>2017-07-28T09:10:00Z</time>
      </trkpt>
      <trkpt lat="45.424424" lon="-1.129000">
        <ele>16.408</ele>
        <time>2017-07-28T09:10:20Z</time>
      </trkpt>
      <trkpt lat="45.424057" lon="-1.129221">
        <ele>16.537</ele>
        <time>2017-07-28T09:10:40Z</time>
      </trkpt>
      <trkpt lat="45.423766" lon="-1.129089">
        <ele>16.874</ele>
        <time>2017-07-28T09:11:00Z</time>
      </trkpt>
      <trkpt lat="45.423033" lon="-1.129105">
        <ele>14.924</ele>
        <time>2017-07-28T09:11:20Z</time>
      </trkpt>
      <trkpt lat="45.416754" lon="-1.129713">
        <ele>14.321</ele>
        <time>2017-07-28T09:11:40Z</time>
      </trkpt>
      <trkpt lat="45.416283" lon="-1.130043">
        <ele>14.158</ele>
        <time>2017-07-28T09:12:00Z</time>
      </trkpt>
      <trkpt lat="45.415733" lon="-1.129736">
        <ele>14.428</ele>
        <time>2017-07-28T09:12:20Z</time>
      </trkpt>
      <trkpt lat="45.414173" lon="-1.129848">
        <ele>14.525</ele>
        <time>2017-07-28T09:12:40Z</time>
      </trkpt>
      <trkpt lat="45.413801" lon="-1.130180">
        <ele>16.087</ele>
        <time>2017-07-28T09:13:00Z</time>
      </trkpt>
      <trkpt lat="45.413412" lon="-1.130217">
        <ele>15.553</ele>
        <time>2017-07-28T09:13:20Z</time>
      </trkpt>
      <trkpt lat="45.412919" lon="-1.129994">
        <ele>14.004</ele>
        <time>2017-07-28T09:13:40Z</time>
      </trkpt>
      <trkpt lat="45.411152" lon="-1.130112">
        <ele>17.714</ele>
        <time>2017-07-28T09:14:00Z</time>
      </trkpt>
      <trkpt lat="45.410333" lon="-1.130358">
        <ele>17.508</ele>
        <time>2017-07-28T09:14:20Z</time>
      </trkpt>
      <trkpt lat="45.410000" lon="-1.130838">
        <ele>16.086</ele>
        <time>2017-07-28T09:14:40Z</time>
      </trkpt>
      <trkpt lat="45.410038" lon="-1.130100">
        <ele>14.083</ele>
        <time>2017-07-28T09:15:00Z</time>
      </trkpt>
      <trkpt lat="45.409903" lon="-1.129902">
        <ele>13.243</ele>
        <time>2017-07-28T09:15:20Z</time>
      </trkpt>
      <trkpt lat="45.408831" lon="-1.129936">
        <ele>15.220</ele>
        <time>2017-07-28T09:15:40Z</time>
      </trkpt>
      <trkpt lat="45.383950" lon="-1.131945">
        <ele>11.087</ele>
        <time>2017-07-28T09:16:00Z</time>
      </trkpt>
      <trkpt lat="45.388600" lon="-1.152665">
        <ele>13.047</ele>
        <time>2017-07-28T09:16:20Z</time>
      </trkpt>
      <trkpt lat="45.388522" lon="-1.152806">
        <ele>12.754</ele>
        <time>2017-07-28T09:16:40Z</time>
      </trkpt>
      <trkpt lat="45.388055" lon="-1.152815">
        <ele>12.166</ele>
        <time>2017-07-28T09:17:00Z</time>
      </trkpt>
      <trkpt lat="45.380723" lon="-1.152033">
        <ele>13.043</ele>
        <time>2017-07-28T09:17:20Z</time>
      </trkpt>
      <trkpt lat="45.380530" lon="-1.152403">
        <ele>12.364</ele>
        <time>2017-07-28T09:17:40Z</time>
      </trkpt>
      <trkpt lat="45.380340" lon="-1.152463">
        <ele>11.410</ele>
        <time>2017-07-28T09:18:00Z</time>
      </trkpt>
      <trkpt lat="45.380210" lon="-1.157507">
        <ele>7.508</ele>
        <time>2017-07-28T09:18:20Z</time>
      </trkpt>
      <trkpt lat="45.380064" lon="-1.158426">
        <ele>7.985</ele>
        <time>2017-07-28T09:18:40Z</time>
      </trkpt>
      <trkpt lat="45.376316" lon="-1.158083">
        <ele>8.352</ele>
        <time>2017-07-28T09:19:00Z</time>
      </trkpt>
      <trkpt lat="45.275142" lon="-1.140324">
        <ele>19.412</ele>
        <time>2017-07-28T09:19:20Z</time>
      </trkpt>
      <trkpt lat="45.271622" lon="-1.141658">
        <ele>23.029</ele>
        <time>2017-07-28T09:19:40Z</time>
      </trkpt>
      <trkpt lat="45.266553" lon="-1.143260">
        <ele>20.456</ele>
        <time>2017-07-28T09:20:00Z</time>
      </trkpt>
      <trkpt lat="45.237303" lon="-1.153332">
        <ele>18.386</ele>
        <time>2017-07-28T09:20:20Z</time>
      </trkpt>
      <trkpt lat="45.223982" lon="-1.157450">
        <ele>20.753</ele>
        <time>2017-07-28T09:20:40Z</time>
      </trkpt>
      <trkpt lat="45.223670" lon="-1.157468">
        <ele>21.075</ele>
        <time>2017-07-28T09:21:00Z</time>
      </trkpt>
      <trkpt lat="45.223418" lon="-1.157241">
        <ele>21.035</ele>
        <time>2017-07-28T09:21:20Z</time>
      </trkpt>
      <trkpt lat="45.222590" lon="-1.157580">
        <ele>19.186</ele>
        <time>2017-07-28T09:21:40Z</time>
      </trkpt>
      <trkpt lat="45.222392" lon="-1.157557">
        <ele>19.114</ele>
        <time>2017-07-28T09:22:00Z</time>
      </trkpt>
      <trkpt lat="45.222446" lon="-1.157454">
        <ele>19.008</ele>
        <time>2017-07-28T09:22:20Z</time>
      </trkpt>
      <trkpt lat="45.222182" lon="-1.157560">
        <ele>19.574</ele>
        <time>2017-07-28T09:22:40Z</time>
      </trkpt>
      <trkpt lat="45.219662" lon="-1.157508">
        <ele>23.851</ele>
        <time>2017-07-28T09:23:00Z</time>
      </trkpt>
      <trkpt lat="45.212525" lon="-1.158643">
        <ele>15.691</ele>
        <time>2017-07-28T09:23:20Z</time>
      </trkpt>
      <trkpt lat="45.210613" lon="-1.157934">
        <ele>28.088</ele>
        <time>2017-07-28T09:23:40Z</time>
      </trkpt>
      <trkpt lat="45.209369" lon="-1.157085">
        <ele>24.075</ele>
        <time>2017-07-28T09:24:00Z</time>
      </trkpt>
      <trkpt lat="45.202694" lon="-1.153988">
        <ele>25.895</ele>
        <time>2017-07-28T09:24:20Z</time>
      </trkpt>
      <trkpt lat="45.197966" lon="-1.152782">
        <ele>20.722</ele>
        <time>2017-07-28T09:24:40Z</time>
      </trkpt>
      <trkpt lat="45.196245" lon="-1.153117">
        <ele>21.884</ele>
        <time>2017-07-28T09:25:00Z</time>
      </trkpt>
      <trkpt lat="45.195760" lon="-1.153534">
        <ele>20.516</ele>
        <time>2017-07-28T09:25:20Z</time>
      </trkpt>
      <trkpt lat="45.193450" lon="-1.156673">
        <ele>23.776</ele>
        <time>2017-07-28T09:25:40Z</time>
      </trkpt>
      <trkpt lat="45.192689" lon="-1.157171">
        <ele>19.413</ele>
        <time>2017-07-28T09:26:00Z</time>
      </trkpt>
      <trkpt lat="45.191935" lon="-1.157204">
        <ele>17.108</ele>
        <time>2017-07-28T09:26:20Z</time>
      </trkpt>
      <trkpt lat="45.190657" lon="-1.156789">
        <ele>15.692</ele>
        <time>2017-07-28T09:26:40Z</time>
      </trkpt>
      <trkpt lat="45.189600" lon="-1.156260">
        <ele>21.519</ele>
        <time>2017-07-28T09:27:00Z</time>
      </trkpt>
      <trkpt lat="45.187010" lon="-1.155503">
        <ele>17.429</ele>
        <time>2017-07-28T09:27:20Z</time>
      </trkpt>
      <trkpt lat="45.182639" lon="-1.154618">
        <ele>17.076</ele>
        <time>2017-07-28T09:27:40Z</time>
      </trkpt>
      <trkpt lat="45.181569" lon="-1.154088">
        <ele>17.693</ele>
        <time>2017-07-28T09:28:00Z</time>
      </trkpt>
      <trkpt lat="45.180665" lon="-1.153374">
        <ele>16.643</ele>
        <time>2017-07-28T09:28:20Z</time>
      </trkpt>
      <trkpt lat="45.179988" lon="-1.152623">
        <ele>19.030</ele>
        <time>2017-07-28T09:28:40Z</time>
      </trkpt>
      <trkpt lat="45.178861" lon="-1.151937">
        <ele>17.242</ele>
        <time>2017-07-28T09:29:00Z</time>
      </trkpt>
      <trkpt lat="45.176701" lon="-1.151703">
        <ele>20.362</ele>
        <time>2017-07-28T09:29:20Z</time>
      </trkpt>
      <trkpt lat="45.175018" lon="-1.152526">
        <ele>18.883</ele>
        <time>2017-07-28T09:29:40Z</time>
      </trkpt>
      <trkpt lat="45.173987" lon="-1.153759">
        <ele>15.011</ele>
        <time>2017-07-28T09:30:00Z</time>
      </trkpt>
      <trkpt lat="45.173381" lon="-1.154670">
        <ele>14.908</ele>
        <time>2017-07-28T09:30:20Z</time>
      </trkpt>
      <trkpt lat="45.172950" lon="-1.155673">
        <ele>16.297</ele>
        <time>2017-07-28T09:30:40Z</time>
      </trkpt>
      <trkpt lat="45.172210" lon="-1.156573">
        <ele>20.084</ele>
        <time>2017-07-28T09:31:00Z</time>
      </trkpt>
      <trkpt lat="45.170237" lon="-1.157686">
        <ele>17.994</ele>
        <time>2017-07-28T09:31:20Z</time>
      </trkpt>
      <trkpt lat="45.168622" lon="-1.159503">
        <ele>16.551</ele>
        <time>2017-07-28T09:31:40Z</time>
      </trkpt>
      <trkpt lat="45.166572" lon="-1.160647">
        <ele>16.668</ele>
        <time>2017-07-28T09:32:00Z</time>
      </trkpt>
      <trkpt lat="45.162708" lon="-1.161411">
        <ele>16.838</ele>
        <time>2017-07-28T09:32:20Z</time>
      </trkpt>
      <trkpt lat="45.159812" lon="-1.161482">
        <ele>16.265</ele>
        <time>2017-07-28T09:32:40Z</time>
      </trkpt>
      <trkpt lat="45.158830" lon="-1.161186">
        <ele>23.317</ele>
        <time>2017-07-28T09:33:00Z</time>
      </trkpt>
      <trkpt lat="45.157756" lon="-1.160163">
        <ele>27.921</ele>
        <time>2017-07-28T09:33:20Z</time>
      </trkpt>
      <trkpt lat="45.156123" lon="-1.159898">
        <ele>21.841</ele>
        <time>2017-07-28T09:33:40Z</time>
      </trkpt>
      <trkpt lat="45.154380" lon="-1.160917">
        <ele>13.005</ele>
        <time>2017-07-28T09:34:00Z</time>
      </trkpt>
      <trkpt lat="45.152690" lon="-1.161519">
        <ele>12.708</ele>
        <time>2017-07-28T09:34:20Z</time>
      </trkpt>
      <trkpt lat="45.150547" lon="-1.163995">
        <ele>17.683</ele>
        <time>2017-07-28T09:34:40Z</time>
      </trkpt>
      <trkpt lat="45.149274" lon="-1.164749">
        <ele>19.030</ele>
        <time>2017-07-28T09:35:00Z</time>
      </trkpt>
      <trkpt lat="45.146394" lon="-1.165090">
        <ele>18.330</ele>
        <time>2017-07-28T09:35:20Z</time>
      </trkpt>
      <trkpt lat="45.144083" lon="-1.163101">
        <ele>21.317</ele>
        <time>2017-07-28T09:35:40Z</time>
      </trkpt>
      <trkpt lat="45.143350" lon="-1.163048">
        <ele>20.174</ele>
        <time>2017-07-28T09:36:00Z</time>
      </trkpt>
      <trkpt lat="45.141767" lon="-1.163568">
        <ele>16.524</ele>
        <time>2017-07-28T09:36:20Z</time>
      </trkpt>
      <trkpt lat="45.139622" lon="-1.164009">
        <ele>20.361</ele>
        <time>2017-07-28T09:36:40Z</time>
      </trkpt>
      <trkpt lat="45.139136" lon="-1.164323">
        <ele>19.413</ele>
        <time>2017-07-28T09:37:00Z</time>
      </trkpt>
      <trkpt lat="45.137873" lon="-1.165809">
        <ele>17.319</ele>
        <time>2017-07-28T09:37:20Z</time>
      </trkpt>
      <trkpt lat="45.137241" lon="-1.166012">
        <ele>16.009</ele>
        <time>2017-07-28T09:37:40Z</time>
      </trkpt>
      <trkpt lat="45.136798" lon="-1.165957">
        <ele>19.219</ele>
        <time>2017-07-28T09:38:00Z</time>
      </trkpt>
      <trkpt lat="45.135900" lon="-1.165413">
        <ele>21.008</ele>
        <time>2017-07-28T09:38:20Z</time>
      </trkpt>
      <trkpt lat="45.134368" lon="-1.163753">
        <ele>18.662</ele>
        <time>2017-07-28T09:38:40Z</time>
      </trkpt>
      <trkpt lat="45.133818" lon="-1.163341">
        <ele>20.599</ele>
        <time>2017-07-28T09:39:00Z</time>
      </trkpt>
      <trkpt lat="45.133458" lon="-1.163189">
        <ele>20.029</ele>
        <time>2017-07-28T09:39:20Z</time>
      </trkpt>
      <trkpt lat="45.132410" lon="-1.163208">
        <ele>23.176</ele>
        <time>2017-07-28T09:39:40Z</time>
      </trkpt>
      <trkpt lat="45.131366" lon="-1.163486">
        <ele>23.853</ele>
        <time>2017-07-28T09:40:00Z</time>
      </trkpt>
      <trkpt lat="45.130768" lon="-1.164464">
        <ele>21.853</ele>
        <time>2017-07-28T09:40:20Z</time>
      </trkpt>
      <trkpt lat="45.129713" lon="-1.165549">
        <ele>23.010</ele>
        <time>2017-07-28T09:40:40Z</time>
      </trkpt>
      <trkpt lat="45.128523" lon="-1.167372">
        <ele>17.732</ele>
        <time>2017-07-28T09:41:00Z</time>
      </trkpt>
      <trkpt lat="45.128100" lon="-1.167751">
        <ele>16.219</ele>
        <time>2017-07-28T09:41:20Z</time>
      </trkpt>
      <trkpt lat="45.126420" lon="-1.167832">
        <ele>18.109</ele>
        <time>2017-07-28T09:41:40Z</time>
      </trkpt>
      <trkpt lat="45.123477" lon="-1.166632">
        <ele>23.019</ele>
        <time>2017-07-28T09:42:00Z</time>
      </trkpt>
      <trkpt lat="45.122959" lon="-1.166624">
        <ele>25.808</ele>
        <time>2017-07-28T09:42:20Z</time>
      </trkpt>
      <trkpt lat="45.121791" lon="-1.167162">
        <ele>25.422</ele>
        <time>2017-07-28T09:42:40Z</time>
      </trkpt>
      <trkpt lat="45.120665" lon="-1.168888">
        <ele>25.819</ele>
        <time>2017-07-28T09:43:00Z</time>
      </trkpt>
      <trkpt lat="45.120303" lon="-1.169190">
        <ele>24.819</ele>
        <time>2017-07-28T09:43:20Z</time>
      </trkpt>
      <trkpt lat="45.119391" lon="-1.169349">
        <ele>24.296</ele>
        <time>2017-07-28T09:43:40Z</time>
      </trkpt>
      <trkpt lat="45.117538" lon="-1.168958">
        <ele>27.133</ele>
        <time>2017-07-28T09:44:00Z</time>
      </trkpt>
      <trkpt lat="45.116560" lon="-1.169652">
        <ele>29.423</ele>
        <time>2017-07-28T09:44:20Z</time>
      </trkpt>
      <trkpt lat="45.114486" lon="-1.170259">
        <ele>29.220</ele>
        <time>2017-07-28T09:44:40Z</time>
      </trkpt>
      <trkpt lat="45.113853" lon="-1.171239">
        <ele>29.742</ele>
        <time>2017-07-28T09:45:00Z</time>
      </trkpt>
      <trkpt lat="45.113475" lon="-1.171475">
        <ele>28.718</ele>
        <time>2017-07-28T09:45:20Z</time>
      </trkpt>
      <trkpt lat="45.112270" lon="-1.171489">
        <ele>26.298</ele>
        <time>2017-07-28T09:45:40Z</time>
      </trkpt>
      <trkpt lat="45.110943" lon="-1.171071">
        <ele>21.917</ele>
        <time>2017-07-28T09:46:00Z</time>
      </trkpt>
      <trkpt lat="45.110144" lon="-1.170506">
        <ele>21.908</ele>
        <time>2017-07-28T09:46:20Z</time>
      </trkpt>
      <trkpt lat="45.109074" lon="-1.169410">
        <ele>17.272</ele>
        <time>2017-07-28T09:46:40Z</time>
      </trkpt>
      <trkpt lat="45.108432" lon="-1.169019">
        <ele>15.039</ele>
        <time>2017-07-28T09:47:00Z</time>
      </trkpt>
      <trkpt lat="45.107921" lon="-1.169186">
        <ele>13.629</ele>
        <time>2017-07-28T09:47:20Z</time>
      </trkpt>
      <trkpt lat="45.106588" lon="-1.170288">
        <ele>14.166</ele>
        <time>2017-07-28T09:47:40Z</time>
      </trkpt>
      <trkpt lat="45.105293" lon="-1.170455">
        <ele>17.083</ele>
        <time>2017-07-28T09:48:00Z</time>
      </trkpt>
      <trkpt lat="45.104717" lon="-1.170242">
        <ele>14.113</ele>
        <time>2017-07-28T09:48:20Z</time>
      </trkpt>
      <trkpt lat="45.103417" lon="-1.169276">
        <ele>18.220</ele>
        <time>2017-07-28T09:48:40Z</time>
      </trkpt>
      <trkpt lat="45.102941" lon="-1.169146">
        <ele>18.042</ele>
        <time>2017-07-28T09:49:00Z</time>
      </trkpt>
      <trkpt lat="45.101759" lon="-1.169197">
        <ele>14.378</ele>
        <time>2017-07-28T09:49:20Z</time>
      </trkpt>
      <trkpt lat="45.101392" lon="-1.169300">
        <ele>13.033</ele>
        <time>2017-07-28T09:49:40Z</time>
      </trkpt>
      <trkpt lat="45.099500" lon="-1.170709">
        <ele>12.426</ele>
        <time>2017-07-28T09:50:00Z</time>
      </trkpt>
      <trkpt lat="45.096754" lon="-1.171698">
        <ele>10.508</ele>
        <time>2017-07-28T09:50:20Z</time>
      </trkpt>
      <trkpt lat="45.095544" lon="-1.171623">
        <ele>18.468</ele>
        <time>2017-07-28T09:50:40Z</time>
      </trkpt>
      <trkpt lat="45.094332" lon="-1.171272">
        <ele>22.315</ele>
        <time>2017-07-28T09:51:00Z</time>
      </trkpt>
      <trkpt lat="45.092566" lon="-1.171683">
        <ele>40.775</ele>
        <time>2017-07-28T09:51:20Z</time>
      </trkpt>
      <trkpt lat="45.091570" lon="-1.171220">
        <ele>35.882</ele>
        <time>2017-07-28T09:51:40Z</time>
      </trkpt>
      <trkpt lat="45.090568" lon="-1.171750">
        <ele>32.789</ele>
        <time>2017-07-28T09:52:00Z</time>
      </trkpt>
      <trkpt lat="45.089826" lon="-1.171872">
        <ele>32.889</ele>
        <time>2017-07-28T09:52:20Z</time>
      </trkpt>
      <trkpt lat="45.088794" lon="-1.172363">
        <ele>35.096</ele>
        <time>2017-07-28T09:52:40Z</time>
      </trkpt>
      <trkpt lat="45.087640" lon="-1.172337">
        <ele>30.878</ele>
        <time>2017-07-28T09:53:00Z</time>
      </trkpt>
      <trkpt lat="45.086911" lon="-1.172892">
        <ele>27.851</ele>
        <time>2017-07-28T09:53:20Z</time>
      </trkpt>
      <trkpt lat="45.085817" lon="-1.174190">
        <ele>28.801</ele>
        <time>2017-07-28T09:53:40Z</time>
      </trkpt>
      <trkpt lat="45.085340" lon="-1.174469">
        <ele>25.811</ele>
        <time>2017-07-28T09:54:00Z</time>
      </trkpt>
      <trkpt lat="45.084234" lon="-1.174445">
        <ele>22.208</ele>
        <time>2017-07-28T09:54:20Z</time>
      </trkpt>
      <trkpt lat="45.083346" lon="-1.174927">
        <ele>16.636</ele>
        <time>2017-07-28T09:54:40Z</time>
      </trkpt>
      <trkpt lat="45.081935" lon="-1.175114">
        <ele>14.283</ele>
        <time>2017-07-28T09:55:00Z</time>
      </trkpt>
      <trkpt lat="45.082644" lon="-1.175008">
        <ele>17.533</ele>
        <time>2017-07-28T09:55:20Z</time>
      </trkpt>
      <trkpt lat="45.082690" lon="-1.174898">
        <ele>18.470</ele>
        <time>2017-07-28T09:55:40Z</time>
      </trkpt>
      <trkpt lat="45.081556" lon="-1.173999">
        <ele>24.047</ele>
        <time>2017-07-28T09:56:00Z</time>
      </trkpt>
      <trkpt lat="45.080849" lon="-1.171464">
        <ele>32.987</ele>
        <time>2017-07-28T09:56:20Z</time>
      </trkpt>
      <trkpt lat="45.080951" lon="-1.169515">
        <ele>26.074</ele>
        <time>2017-07-28T09:56:40Z</time>
      </trkpt>
      <trkpt lat="45.081700" lon="-1.168973">
        <ele>30.726</ele>
        <time>2017-07-28T09:57:00Z</time>
      </trkpt>
      <trkpt lat="45.081900" lon="-1.168386">
        <ele>36.677</ele>
        <time>2017-07-28T09:57:20Z</time>
      </trkpt>
      <trkpt lat="45.082361" lon="-1.168160">
        <ele>37.361</ele>
        <time>2017-07-28T09:57:40Z</time>
      </trkpt>
      <trkpt lat="45.082533" lon="-1.167344">
        <ele>38.427</ele>
        <time>2017-07-28T09:58:00Z</time>
      </trkpt>
      <trkpt lat="45.082435" lon="-1.166647">
        <ele>40.708</ele>
        <time>2017-07-28T09:58:20Z</time>
      </trkpt>
      <trkpt lat="45.082640" lon="-1.165983">
        <ele>39.898</ele>
        <time>2017-07-28T09:58:40Z</time>
      </trkpt>
      <trkpt lat="45.082619" lon="-1.165244">
        <ele>36.765</ele>
        <time>2017-07-28T09:59:00Z</time>
      </trkpt>
      <trkpt lat="45.082171" lon="-1.163851">
        <ele>42.095</ele>
        <time>2017-07-28T09:59:20Z</time>
      </trkpt>
      <trkpt lat="45.081791" lon="-1.161463">
        <ele>53.092</ele>
        <time>2017-07-28T09:59:40Z</time>
      </trkpt>
      <trkpt lat="45.081488" lon="-1.160957">
        <ele>52.919</ele>
        <time>2017-07-28T10:00:00Z</time>
      </trkpt>
      <trkpt lat="45.080829" lon="-1.160445">
        <ele>55.839</ele>
        <time>2017-07-28T10:00:20Z</time>
      </trkpt>
      <trkpt lat="45.080581" lon="-1.160330">
        <ele>52.786</ele>
        <time>2017-07-28T10:00:40Z</time>
      </trkpt>
      <trkpt lat="45.079748" lon="-1.160430">
        <ele>43.158</ele>
        <time>2017-07-28T10:01:00Z</time>
      </trkpt>
      <trkpt lat="45.079582" lon="-1.158894">
        <ele>35.589</ele>
        <time>2017-07-28T10:01:20Z</time>
      </trkpt>
      <trkpt lat="45.078822" lon="-1.157592">
        <ele>36.206</ele>
        <time>2017-07-28T10:01:40Z</time>
      </trkpt>
      <trkpt lat="45.078273" lon="-1.157139">
        <ele>38.526</ele>
        <time>2017-07-28T10:02:00Z</time>
      </trkpt>
      <trkpt lat="45.077889" lon="-1.156194">
        <ele>36.308</ele>
        <time>2017-07-28T10:02:20Z</time>
      </trkpt>
      <trkpt lat="45.077731" lon="-1.154936">
        <ele>43.549</ele>
        <time>2017-07-28T10:02:40Z</time>
      </trkpt>
      <trkpt lat="45.078009" lon="-1.153031">
        <ele>42.736</ele>
        <time>2017-07-28T10:03:00Z</time>
      </trkpt>
      <trkpt lat="45.077895" lon="-1.152288">
        <ele>38.146</ele>
        <time>2017-07-28T10:03:20Z</time>
      </trkpt>
      <trkpt lat="45.078073" lon="-1.151010">
        <ele>37.363</ele>
        <time>2017-07-28T10:03:40Z</time>
      </trkpt>
      <trkpt lat="45.077760" lon="-1.150880">
        <ele>39.710</ele>
        <time>2017-07-28T10:04:00Z</time>
      </trkpt>
      <trkpt lat="45.077594" lon="-1.151261">
        <ele>37.250</ele>
        <time>2017-07-28T10:04:20Z</time>
      </trkpt>
      <trkpt lat="45.077360" lon="-1.151323">
        <ele>35.747</ele>
        <time>2017-07-28T10:04:40Z</time>
      </trkpt>
      <trkpt lat="45.076695" lon="-1.150850">
        <ele>39.739</ele>
        <time>2017-07-28T10:05:00Z</time>
      </trkpt>
      <trkpt lat="45.075096" lon="-1.151607">
        <ele>32.624</ele>
        <time>2017-07-28T10:05:20Z</time>
      </trkpt>
      <trkpt lat="45.074242" lon="-1.151300">
        <ele>37.604</ele>
        <time>2017-07-28T10:05:40Z</time>
      </trkpt>
      <trkpt lat="45.073724" lon="-1.151377">
        <ele>35.014</ele>
        <time>2017-07-28T10:06:00Z</time>
      </trkpt>
      <trkpt lat="45.073243" lon="-1.150680">
        <ele>37.208</ele>
        <time>2017-07-28T10:06:20Z</time>
      </trkpt>
      <trkpt lat="45.072542" lon="-1.149089">
        <ele>33.033</ele>
        <time>2017-07-28T10:06:40Z</time>
      </trkpt>
      <trkpt lat="45.072413" lon="-1.147423">
        <ele>27.690</ele>
        <time>2017-07-28T10:07:00Z</time>
      </trkpt>
      <trkpt lat="45.073129" lon="-1.146979">
        <ele>26.720</ele>
        <time>2017-07-28T10:07:20Z</time>
      </trkpt>
      <trkpt lat="45.072841" lon="-1.146053">
        <ele>24.287</ele>
        <time>2017-07-28T10:07:40Z</time>
      </trkpt>
      <trkpt lat="45.073112" lon="-1.146905">
        <ele>26.164</ele>
        <time>2017-07-28T10:08:00Z</time>
      </trkpt>
      <trkpt lat="45.072677" lon="-1.146965">
        <ele>24.964</ele>
        <time>2017-07-28T10:08:20Z</time>
      </trkpt>
      <trkpt lat="45.072120" lon="-1.147698">
        <ele>24.611</ele>
        <time>2017-07-28T10:08:40Z</time>
      </trkpt>
      <trkpt lat="45.071792" lon="-1.149370">
        <ele>29.493</ele>
        <time>2017-07-28T10:09:00Z</time>
      </trkpt>
      <trkpt lat="45.070988" lon="-1.150951">
        <ele>35.425</ele>
        <time>2017-07-28T10:09:20Z</time>
      </trkpt>
      <trkpt lat="45.071000" lon="-1.151641">
        <ele>43.726</ele>
        <time>2017-07-28T10:09:40Z</time>
      </trkpt>
      <trkpt lat="45.070533" lon="-1.151859">
        <ele>46.608</ele>
        <time>2017-07-28T10:10:00Z</time>
      </trkpt>
      <trkpt lat="45.069661" lon="-1.152695">
        <ele>53.708</ele>
        <time>2017-07-28T10:10:20Z</time>
      </trkpt>
      <trkpt lat="45.068973" lon="-1.152823">
        <ele>49.963</ele>
        <time>2017-07-28T10:10:40Z</time>
      </trkpt>
      <trkpt lat="45.068881" lon="-1.153194">
        <ele>48.480</ele>
        <time>2017-07-28T10:11:00Z</time>
      </trkpt>
      <trkpt lat="45.069080" lon="-1.154434">
        <ele>49.990</ele>
        <time>2017-07-28T10:11:20Z</time>
      </trkpt>
      <trkpt lat="45.069016" lon="-1.155259">
        <ele>50.157</ele>
        <time>2017-07-28T10:11:40Z</time>
      </trkpt>
      <trkpt lat="45.068719" lon="-1.156391">
        <ele>45.894</ele>
        <time>2017-07-28T10:12:00Z</time>
      </trkpt>
      <trkpt lat="45.068115" lon="-1.157546">
        <ele>34.184</ele>
        <time>2017-07-28T10:12:20Z</time>
      </trkpt>
      <trkpt lat="45.067990" lon="-1.158821">
        <ele>42.311</ele>
        <time>2017-07-28T10:12:40Z</time>
      </trkpt>
      <trkpt lat="45.067829" lon="-1.158987">
        <ele>44.953</ele>
        <time>2017-07-28T10:13:00Z</time>
      </trkpt>
      <trkpt lat="45.066160" lon="-1.159336">
        <ele>55.369</ele>
        <time>2017-07-28T10:13:20Z</time>
      </trkpt>
      <trkpt lat="45.064804" lon="-1.159321">
        <ele>51.504</ele>
        <time>2017-07-28T10:13:40Z</time>
      </trkpt>
      <trkpt lat="45.064166" lon="-1.159924">
        <ele>59.424</ele>
        <time>2017-07-28T10:14:00Z</time>
      </trkpt>
      <trkpt lat="45.063574" lon="-1.160160">
        <ele>62.308</ele>
        <time>2017-07-28T10:14:20Z</time>
      </trkpt>
      <trkpt lat="45.062975" lon="-1.159815">
        <ele>60.437</ele>
        <time>2017-07-28T10:14:40Z</time>
      </trkpt>
      <trkpt lat="45.062191" lon="-1.158982">
        <ele>61.164</ele>
        <time>2017-07-28T10:15:00Z</time>
      </trkpt>
      <trkpt lat="45.059615" lon="-1.159709">
        <ele>65.274</ele>
        <time>2017-07-28T10:15:20Z</time>
      </trkpt>
      <trkpt lat="45.057534" lon="-1.158779">
        <ele>45.281</ele>
        <time>2017-07-28T10:15:40Z</time>
      </trkpt>
      <trkpt lat="45.057199" lon="-1.158167">
        <ele>44.518</ele>
        <time>2017-07-28T10:16:00Z</time>
      </trkpt>
      <trkpt lat="45.056826" lon="-1.156306">
        <ele>51.928</ele>
        <time>2017-07-28T10:16:20Z</time>
      </trkpt>
      <trkpt lat="45.056079" lon="-1.154253">
        <ele>44.785</ele>
        <time>2017-07-28T10:16:40Z</time>
      </trkpt>
      <trkpt lat="45.055432" lon="-1.153729">
        <ele>45.657</ele>
        <time>2017-07-28T10:17:00Z</time>
      </trkpt>
      <trkpt lat="45.054719" lon="-1.153494">
        <ele>50.023</ele>
        <time>2017-07-28T10:17:20Z</time>
      </trkpt>
      <trkpt lat="45.054285" lon="-1.153514">
        <ele>48.983</ele>
        <time>2017-07-28T10:17:40Z</time>
      </trkpt>
      <trkpt lat="45.053222" lon="-1.154004">
        <ele>44.711</ele>
        <time>2017-07-28T10:18:00Z</time>
      </trkpt>
      <trkpt lat="45.052391" lon="-1.154780">
        <ele>45.908</ele>
        <time>2017-07-28T10:18:20Z</time>
      </trkpt>
      <trkpt lat="45.051628" lon="-1.154688">
        <ele>39.333</ele>
        <time>2017-07-28T10:18:40Z</time>
      </trkpt>
      <trkpt lat="45.050985" lon="-1.154845">
        <ele>40.630</ele>
        <time>2017-07-28T10:19:00Z</time>
      </trkpt>
      <trkpt lat="45.049563" lon="-1.153819">
        <ele>38.760</ele>
        <time>2017-07-28T10:19:20Z</time>
      </trkpt>
      <trkpt lat="45.048471" lon="-1.152365">
        <ele>38.897</ele>
        <time>2017-07-28T10:19:40Z</time>
      </trkpt>
      <trkpt lat="45.047528" lon="-1.152010">
        <ele>45.254</ele>
        <time>2017-07-28T10:20:00Z</time>
      </trkpt>
      <trkpt lat="45.044652" lon="-1.151856">
        <ele>50.964</ele>
        <time>2017-07-28T10:20:20Z</time>
      </trkpt>
      <trkpt lat="45.043859" lon="-1.151317">
        <ele>43.131</ele>
        <time>2017-07-28T10:20:40Z</time>
      </trkpt>
      <trkpt lat="45.042865" lon="-1.151036">
        <ele>38.883</ele>
        <time>2017-07-28T10:21:00Z</time>
      </trkpt>
      <trkpt lat="45.042226" lon="-1.151180">
        <ele>44.275</ele>
        <time>2017-07-28T10:21:20Z</time>
      </trkpt>
      <trkpt lat="45.041289" lon="-1.150836">
        <ele>39.328</ele>
        <time>2017-07-28T10:21:40Z</time>
      </trkpt>
      <trkpt lat="45.040620" lon="-1.151691">
        <ele>37.720</ele>
        <time>2017-07-28T10:22:00Z</time>
      </trkpt>
      <trkpt lat="45.040344" lon="-1.152340">
        <ele>35.008</ele>
        <time>2017-07-28T10:22:20Z</time>
      </trkpt>
      <trkpt lat="45.039690" lon="-1.153014">
        <ele>37.018</ele>
        <time>2017-07-28T10:22:40Z</time>
      </trkpt>
      <trkpt lat="45.038593" lon="-1.153599">
        <ele>32.755</ele>
        <time>2017-07-28T10:23:00Z</time>
      </trkpt>
      <trkpt lat="45.037944" lon="-1.154149">
        <ele>29.155</ele>
        <time>2017-07-28T10:23:20Z</time>
      </trkpt>
      <trkpt lat="45.036964" lon="-1.155551">
        <ele>32.272</ele>
        <time>2017-07-28T10:23:40Z</time>
      </trkpt>
      <trkpt lat="45.035331" lon="-1.155466">
        <ele>19.539</ele>
        <time>2017-07-28T10:24:00Z</time>
      </trkpt>
      <trkpt lat="45.033077" lon="-1.156842">
        <ele>20.719</ele>
        <time>2017-07-28T10:24:20Z</time>
      </trkpt>
      <trkpt lat="45.032543" lon="-1.156957">
        <ele>23.946</ele>
        <time>2017-07-28T10:24:40Z</time>
      </trkpt>
      <trkpt lat="45.032215" lon="-1.156818">
        <ele>20.058</ele>
        <time>2017-07-28T10:25:00Z</time>
      </trkpt>
      <trkpt lat="45.030751" lon="-1.155431">
        <ele>24.618</ele>
        <time>2017-07-28T10:25:20Z</time>
      </trkpt>
      <trkpt lat="45.030222" lon="-1.154666">
        <ele>27.898</ele>
        <time>2017-07-28T10:25:40Z</time>
      </trkpt>
      <trkpt lat="45.029696" lon="-1.153504">
        <ele>32.717</ele>
        <time>2017-07-28T10:26:00Z</time>
      </trkpt>
      <trkpt lat="45.027580" lon="-1.152230">
        <ele>39.708</ele>
        <time>2017-07-28T10:26:20Z</time>
      </trkpt>
      <trkpt lat="45.026886" lon="-1.150953">
        <ele>29.342</ele>
        <time>2017-07-28T10:26:40Z</time>
      </trkpt>
      <trkpt lat="45.025771" lon="-1.150568">
        <ele>23.649</ele>
        <time>2017-07-28T10:27:00Z</time>
      </trkpt>
      <trkpt lat="45.024663" lon="-1.150690">
        <ele>23.319</ele>
        <time>2017-07-28T10:27:20Z</time>
      </trkpt>
      <trkpt lat="45.023304" lon="-1.150602">
        <ele>28.546</ele>
        <time>2017-07-28T10:27:40Z</time>
      </trkpt>
      <trkpt lat="45.020933" lon="-1.150984">
        <ele>31.713</ele>
        <time>2017-07-28T10:28:00Z</time>
      </trkpt>
      <trkpt lat="45.020573" lon="-1.151435">
        <ele>31.583</ele>
        <time>2017-07-28T10:28:20Z</time>
      </trkpt>
      <trkpt lat="45.020055" lon="-1.153270">
        <ele>39.820</ele>
        <time>2017-07-28T10:28:40Z</time>
      </trkpt>
      <trkpt lat="45.018833" lon="-1.153653">
        <ele>39.182</ele>
        <time>2017-07-28T10:29:00Z</time>
      </trkpt>
      <trkpt lat="45.018557" lon="-1.153375">
        <ele>35.062</ele>
        <time>2017-07-28T10:29:20Z</time>
      </trkpt>
      <trkpt lat="45.018512" lon="-1.152786">
        <ele>38.983</ele>
        <time>2017-07-28T10:29:40Z</time>
      </trkpt>
      <trkpt lat="45.018293" lon="-1.152282">
        <ele>41.411</ele>
        <time>2017-07-28T10:30:00Z</time>
      </trkpt>
      <trkpt lat="45.016246" lon="-1.151076">
        <ele>45.808</ele>
        <time>2017-07-28T10:30:20Z</time>
      </trkpt>
      <trkpt lat="45.015822" lon="-1.149494">
        <ele>38.787</ele>
        <time>2017-07-28T10:30:40Z</time>
      </trkpt>
      <trkpt lat="45.014952" lon="-1.148710">
        <ele>43.794</ele>
        <time>2017-07-28T10:31:00Z</time>
      </trkpt>
      <trkpt lat="45.014574" lon="-1.147733">
        <ele>40.054</ele>
        <time>2017-07-28T10:31:20Z</time>
      </trkpt>
      <trkpt lat="45.013986" lon="-1.147689">
        <ele>39.411</ele>
        <time>2017-07-28T10:31:40Z</time>
      </trkpt>
      <trkpt lat="45.013087" lon="-1.147884">
        <ele>37.238</ele>
        <time>2017-07-28T10:32:00Z</time>
      </trkpt>
      <trkpt lat="45.012632" lon="-1.148203">
        <ele>42.688</ele>
        <time>2017-07-28T10:32:20Z</time>
      </trkpt>
      <trkpt lat="45.011607" lon="-1.150231">
        <ele>41.635</ele>
        <time>2017-07-28T10:32:40Z</time>
      </trkpt>
      <trkpt lat="45.011057" lon="-1.150864">
        <ele>37.347</ele>
        <time>2017-07-28T10:33:00Z</time>
      </trkpt>
      <trkpt lat="45.010096" lon="-1.151521">
        <ele>37.484</ele>
        <time>2017-07-28T10:33:20Z</time>
      </trkpt>
      <trkpt lat="45.009652" lon="-1.151562">
        <ele>37.307</ele>
        <time>2017-07-28T10:33:40Z</time>
      </trkpt>
      <trkpt lat="45.008899" lon="-1.150993">
        <ele>38.517</ele>
        <time>2017-07-28T10:34:00Z</time>
      </trkpt>
      <trkpt lat="45.007437" lon="-1.150731">
        <ele>28.308</ele>
        <time>2017-07-28T10:34:20Z</time>
      </trkpt>
      <trkpt lat="45.007458" lon="-1.152524">
        <ele>26.819</ele>
        <time>2017-07-28T10:34:40Z</time>
      </trkpt>
      <trkpt lat="45.006792" lon="-1.156326">
        <ele>25.596</ele>
        <time>2017-07-28T10:35:00Z</time>
      </trkpt>
      <trkpt lat="45.006964" lon="-1.159579">
        <ele>30.436</ele>
        <time>2017-07-28T10:35:20Z</time>
      </trkpt>
      <trkpt lat="45.006876" lon="-1.160362">
        <ele>30.883</ele>
        <time>2017-07-28T10:35:40Z</time>
      </trkpt>
      <trkpt lat="45.005949" lon="-1.163271">
        <ele>21.420</ele>
        <time>2017-07-28T10:36:00Z</time>
      </trkpt>
      <trkpt lat="45.005703" lon="-1.164748">
        <ele>19.910</ele>
        <time>2017-07-28T10:36:20Z</time>
      </trkpt>
      <trkpt lat="45.005856" lon="-1.170725">
        <ele>17.597</ele>
        <time>2017-07-28T10:36:40Z</time>
      </trkpt>
      <trkpt lat="45.006859" lon="-1.175536">
        <ele>19.399</ele>
        <time>2017-07-28T10:37:00Z</time>
      </trkpt>
      <trkpt lat="45.006868" lon="-1.177158">
        <ele>21.381</ele>
        <time>2017-07-28T10:37:20Z</time>
      </trkpt>
      <trkpt lat="45.006200" lon="-1.178909">
        <ele>23.461</ele>
        <time>2017-07-28T10:37:40Z</time>
      </trkpt>
      <trkpt lat="45.004485" lon="-1.181176">
        <ele>18.417</ele>
        <time>2017-07-28T10:38:00Z</time>
      </trkpt>
      <trkpt lat="45.004451" lon="-1.181597">
        <ele>20.508</ele>
        <time>2017-07-28T10:38:20Z</time>
      </trkpt>
      <trkpt lat="45.004761" lon="-1.181928">
        <ele>22.129</ele>
        <time>2017-07-28T10:38:40Z</time>
      </trkpt>
      <trkpt lat="45.004609" lon="-1.182471">
        <ele>23.466</ele>
        <time>2017-07-28T10:39:00Z</time>
      </trkpt>
      <trkpt lat="45.004324" lon="-1.182623">
        <ele>24.136</ele>
        <time>2017-07-28T10:39:20Z</time>
      </trkpt>
      <trkpt lat="45.003443" lon="-1.182595">
        <ele>20.563</ele>
        <time>2017-07-28T10:39:40Z</time>
      </trkpt>
      <trkpt lat="45.002939" lon="-1.183545">
        <ele>20.520</ele>
        <time>2017-07-28T10:40:00Z</time>
      </trkpt>
      <trkpt lat="45.002666" lon="-1.185481">
        <ele>17.430</ele>
        <time>2017-07-28T10:40:20Z</time>
      </trkpt>
      <trkpt lat="45.002673" lon="-1.189240">
        <ele>19.697</ele>
        <time>2017-07-28T10:40:40Z</time>
      </trkpt>
      <trkpt lat="45.001968" lon="-1.192895">
        <ele>11.789</ele>
        <time>2017-07-28T10:41:00Z</time>
      </trkpt>
      <trkpt lat="45.001134" lon="-1.195755">
        <ele>10.865</ele>
        <time>2017-07-28T10:41:20Z</time>
      </trkpt>
      <trkpt lat="45.001339" lon="-1.197016">
        <ele>12.768</ele>
        <time>2017-07-28T10:41:40Z</time>
      </trkpt>
      <trkpt lat="45.001662" lon="-1.197218">
        <ele>14.014</ele>
        <time>2017-07-28T10:42:00Z</time>
      </trkpt>
      <trkpt lat="45.001513" lon="-1.198014">
        <ele>13.008</ele>
        <time>2017-07-28T10:42:20Z</time>
      </trkpt>
      <trkpt lat="45.001609" lon="-1.198512">
        <ele>13.057</ele>
        <time>2017-07-28T10:42:40Z</time>
      </trkpt>
      <trkpt lat="45.001455" lon="-1.198830">
        <ele>13.064</ele>
        <time>2017-07-28T10:43:00Z</time>
      </trkpt>
      <trkpt lat="45.001114" lon="-1.198617">
        <ele>12.034</ele>
        <time>2017-07-28T10:43:20Z</time>
      </trkpt>
      <trkpt lat="45.000306" lon="-1.200079">
        <ele>12.391</ele>
        <time>2017-07-28T10:43:40Z</time>
      </trkpt>
      <trkpt lat="44.999903" lon="-1.199923">
        <ele>10.738</ele>
        <time>2017-07-28T10:44:00Z</time>
      </trkpt>
      <trkpt lat="44.999767" lon="-1.199722">
        <ele>10.028</ele>
        <time>2017-07-28T10:44:20Z</time>
      </trkpt>
      <trkpt lat="44.999776" lon="-1.199937">
        <ele>10.845</ele>
        <time>2017-07-28T10:44:40Z</time>
      </trkpt>
      <trkpt lat="44.999039" lon="-1.200043">
        <ele>15.337</ele>
        <time>2017-07-28T10:45:00Z</time>
      </trkpt>
      <trkpt lat="44.998018" lon="-1.199482">
        <ele>9.177</ele>
        <time>2017-07-28T10:45:20Z</time>
      </trkpt>
      <trkpt lat="44.997191" lon="-1.199512">
        <ele>11.561</ele>
        <time>2017-07-28T10:45:40Z</time>
      </trkpt>
      <trkpt lat="44.995842" lon="-1.198382">
        <ele>8.827</ele>
        <time>2017-07-28T10:46:00Z</time>
      </trkpt>
      <trkpt lat="44.995295" lon="-1.198584">
        <ele>9.008</ele>
        <time>2017-07-28T10:46:20Z</time>
      </trkpt>
      <trkpt lat="44.994647" lon="-1.198547">
        <ele>8.418</ele>
        <time>2017-07-28T10:46:40Z</time>
      </trkpt>
      <trkpt lat="44.994024" lon="-1.198169">
        <ele>10.015</ele>
        <time>2017-07-28T10:47:00Z</time>
      </trkpt>
      <trkpt lat="44.993496" lon="-1.197608">
        <ele>11.615</ele>
        <time>2017-07-28T10:47:20Z</time>
      </trkpt>
      <trkpt lat="44.993069" lon="-1.197605">
        <ele>11.632</ele>
        <time>2017-07-28T10:47:40Z</time>
      </trkpt>
      <trkpt lat="44.991871" lon="-1.198236">
        <ele>9.969</ele>
        <time>2017-07-28T10:48:00Z</time>
      </trkpt>
      <trkpt lat="44.991711" lon="-1.198036">
        <ele>12.459</ele>
        <time>2017-07-28T10:48:20Z</time>
      </trkpt>
      <trkpt lat="44.990942" lon="-1.197888">
        <ele>10.876</ele>
        <time>2017-07-28T10:48:40Z</time>
      </trkpt>
      <trkpt lat="44.990353" lon="-1.197564">
        <ele>12.558</ele>
        <time>2017-07-28T10:49:00Z</time>
      </trkpt>
      <trkpt lat="44.986229" lon="-1.199172">
        <ele>16.463</ele>
        <time>2017-07-28T10:49:20Z</time>
      </trkpt>
      <trkpt lat="44.984410" lon="-1.199035">
        <ele>10.644</ele>
        <time>2017-07-28T10:49:40Z</time>
      </trkpt>
      <trkpt lat="44.984306" lon="-1.199298">
        <ele>10.318</ele>
        <time>2017-07-28T10:50:00Z</time>
      </trkpt>
      <trkpt lat="44.983100" lon="-1.199882">
        <ele>10.308</ele>
        <time>2017-07-28T10:50:20Z</time>
      </trkpt>
      <trkpt lat="44.982734" lon="-1.200266">
        <ele>11.017</ele>
        <time>2017-07-28T10:50:40Z</time>
      </trkpt>
      <trkpt lat="44.981978" lon="-1.200179">
        <ele>10.894</ele>
        <time>2017-07-28T10:51:00Z</time>
      </trkpt>
      <trkpt lat="44.980652" lon="-1.200555">
        <ele>10.074</ele>
        <time>2017-07-28T10:51:20Z</time>
      </trkpt>
      <trkpt lat="44.980185" lon="-1.201678">
        <ele>10.671</ele>
        <time>2017-07-28T10:51:40Z</time>
      </trkpt>
      <trkpt lat="44.980071" lon="-1.201696">
        <ele>11.458</ele>
        <time>2017-07-28T10:52:00Z</time>
      </trkpt>
      <trkpt lat="44.979984" lon="-1.201300">
        <ele>13.458</ele>
        <time>2017-07-28T10:52:20Z</time>
      </trkpt>
      <trkpt lat="44.979875" lon="-1.201281">
        <ele>14.335</ele>
        <time>2017-07-28T10:52:40Z</time>
      </trkpt>
      <trkpt lat="44.979709" lon="-1.201774">
        <ele>13.717</ele>
        <time>2017-07-28T10:53:00Z</time>
      </trkpt>
      <trkpt lat="44.979327" lon="-1.201518">
        <ele>15.036</ele>
        <time>2017-07-28T10:53:20Z</time>
      </trkpt>
      <trkpt lat="44.979280" lon="-1.201043">
        <ele>15.717</ele>
        <time>2017-07-28T10:53:40Z</time>
      </trkpt>
      <trkpt lat="44.978603" lon="-1.200950">
        <ele>12.418</ele>
        <time>2017-07-28T10:54:00Z</time>
      </trkpt>
      <trkpt lat="44.977761" lon="-1.200187">
        <ele>13.808</ele>
        <time>2017-07-28T10:54:20Z</time>
      </trkpt>
      <trkpt lat="44.977361" lon="-1.200005">
        <ele>11.044</ele>
        <time>2017-07-28T10:54:40Z</time>
      </trkpt>
      <trkpt lat="44.976533" lon="-1.200342">
        <ele>10.541</ele>
        <time>2017-07-28T10:55:00Z</time>
      </trkpt>
      <trkpt lat="44.975443" lon="-1.201453">
        <ele>9.831</ele>
        <time>2017-07-28T10:55:20Z</time>
      </trkpt>
      <trkpt lat="44.974753" lon="-1.201813">
        <ele>6.548</ele>
        <time>2017-07-28T10:55:40Z</time>
      </trkpt>
      <trkpt lat="44.970223" lon="-1.202566">
        <ele>3.435</ele>
        <time>2017-07-28T10:56:00Z</time>
      </trkpt>
      <trkpt lat="44.969078" lon="-1.202542">
        <ele>10.835</ele>
        <time>2017-07-28T10:56:20Z</time>
      </trkpt>
      <trkpt lat="44.965241" lon="-1.201530">
        <ele>13.572</ele>
        <time>2017-07-28T10:56:40Z</time>
      </trkpt>
      <trkpt lat="44.964229" lon="-1.200518">
        <ele>16.854</ele>
        <time>2017-07-28T10:57:00Z</time>
      </trkpt>
      <trkpt lat="44.963808" lon="-1.200616">
        <ele>17.428</ele>
        <time>2017-07-28T10:57:20Z</time>
      </trkpt>
      <trkpt lat="44.963015" lon="-1.201103">
        <ele>10.089</ele>
        <time>2017-07-28T10:57:40Z</time>
      </trkpt>
      <trkpt lat="44.960622" lon="-1.201153">
        <ele>14.817</ele>
        <time>2017-07-28T10:58:00Z</time>
      </trkpt>
      <trkpt lat="44.960157" lon="-1.201391">
        <ele>13.608</ele>
        <time>2017-07-28T10:58:20Z</time>
      </trkpt>
      <trkpt lat="44.959412" lon="-1.202426">
        <ele>7.153</ele>
        <time>2017-07-28T10:58:40Z</time>
      </trkpt>
      <trkpt lat="44.958664" lon="-1.203172">
        <ele>9.920</ele>
        <time>2017-07-28T10:59:00Z</time>
      </trkpt>
      <trkpt lat="44.957403" lon="-1.203905">
        <ele>8.380</ele>
        <time>2017-07-28T10:59:20Z</time>
      </trkpt>
      <trkpt lat="44.956419" lon="-1.204052">
        <ele>10.047</ele>
        <time>2017-07-28T10:59:40Z</time>
      </trkpt>
      <trkpt lat="44.953060" lon="-1.203236">
        <ele>17.744</ele>
        <time>2017-07-28T11:00:00Z</time>
      </trkpt>
      <trkpt lat="44.951238" lon="-1.203408">
        <ele>16.664</ele>
        <time>2017-07-28T11:00:20Z</time>
      </trkpt>
      <trkpt lat="44.949567" lon="-1.202354">
        <ele>15.521</ele>
        <time>2017-07-28T11:00:40Z</time>
      </trkpt>
      <trkpt lat="44.949176" lon="-1.202236">
        <ele>16.093</ele>
        <time>2017-07-28T11:01:00Z</time>
      </trkpt>
      <trkpt lat="44.947198" lon="-1.202624">
        <ele>15.658</ele>
        <time>2017-07-28T11:01:20Z</time>
      </trkpt>
      <trkpt lat="44.945576" lon="-1.203381">
        <ele>15.052</ele>
        <time>2017-07-28T11:01:40Z</time>
      </trkpt>
      <trkpt lat="44.944163" lon="-1.202727">
        <ele>15.017</ele>
        <time>2017-07-28T11:02:00Z</time>
      </trkpt>
      <trkpt lat="44.941567" lon="-1.202468">
        <ele>14.508</ele>
        <time>2017-07-28T11:02:20Z</time>
      </trkpt>
      <trkpt lat="44.939303" lon="-1.203153">
        <ele>14.026</ele>
        <time>2017-07-28T11:02:40Z</time>
      </trkpt>
      <trkpt lat="44.937719" lon="-1.202824">
        <ele>16.733</ele>
        <time>2017-07-28T11:03:00Z</time>
      </trkpt>
      <trkpt lat="44.936979" lon="-1.202877">
        <ele>14.053</ele>
        <time>2017-07-28T11:03:20Z</time>
      </trkpt>
      <trkpt lat="44.931007" lon="-1.204695">
        <ele>12.670</ele>
        <time>2017-07-28T11:03:40Z</time>
      </trkpt>
      <trkpt lat="44.928911" lon="-1.206282">
        <ele>10.347</ele>
        <time>2017-07-28T11:04:00Z</time>
      </trkpt>
      <trkpt lat="44.925642" lon="-1.206021">
        <ele>13.577</ele>
        <time>2017-07-28T11:04:20Z</time>
      </trkpt>
      <trkpt lat="44.924467" lon="-1.206327">
        <ele>13.074</ele>
        <time>2017-07-28T11:04:40Z</time>
      </trkpt>
      <trkpt lat="44.923338" lon="-1.206769">
        <ele>12.676</ele>
        <time>2017-07-28T11:05:00Z</time>
      </trkpt>
      <trkpt lat="44.922047" lon="-1.207854">
        <ele>15.232</ele>
        <time>2017-07-28T11:05:20Z</time>
      </trkpt>
      <trkpt lat="44.921364" lon="-1.208207">
        <ele>10.892</ele>
        <time>2017-07-28T11:05:40Z</time>
      </trkpt>
      <trkpt lat="44.919670" lon="-1.208433">
        <ele>8.911</ele>
        <time>2017-07-28T11:06:00Z</time>
      </trkpt>
      <trkpt lat="44.917530" lon="-1.208121">
        <ele>12.808</ele>
        <time>2017-07-28T11:06:20Z</time>
      </trkpt>
      <trkpt lat="44.917382" lon="-1.207975">
        <ele>13.314</ele>
        <time>2017-07-28T11:06:40Z</time>
      </trkpt>
      <trkpt lat="44.917315" lon="-1.206898">
        <ele>13.841</ele>
        <time>2017-07-28T11:07:00Z</time>
      </trkpt>
      <trkpt lat="44.916817" lon="-1.207124">
        <ele>12.561</ele>
        <time>2017-07-28T11:07:20Z</time>
      </trkpt>
      <trkpt lat="44.916434" lon="-1.207514">
        <ele>13.068</ele>
        <time>2017-07-28T11:07:40Z</time>
      </trkpt>
      <trkpt lat="44.915399" lon="-1.207768">
        <ele>12.045</ele>
        <time>2017-07-28T11:08:00Z</time>
      </trkpt>
      <trkpt lat="44.914872" lon="-1.207541">
        <ele>13.315</ele>
        <time>2017-07-28T11:08:20Z</time>
      </trkpt>
      <trkpt lat="44.913463" lon="-1.206479">
        <ele>18.612</ele>
        <time>2017-07-28T11:08:40Z</time>
      </trkpt>
      <trkpt lat="44.911164" lon="-1.206755">
        <ele>19.424</ele>
        <time>2017-07-28T11:09:00Z</time>
      </trkpt>
      <trkpt lat="44.910446" lon="-1.207160">
        <ele>19.479</ele>
        <time>2017-07-28T11:09:20Z</time>
      </trkpt>
      <trkpt lat="44.908541" lon="-1.209717">
        <ele>11.005</ele>
        <time>2017-07-28T11:09:40Z</time>
      </trkpt>
      <trkpt lat="44.908100" lon="-1.210092">
        <ele>12.025</ele>
        <time>2017-07-28T11:10:00Z</time>
      </trkpt>
      <trkpt lat="44.907633" lon="-1.210226">
        <ele>11.508</ele>
        <time>2017-07-28T11:10:20Z</time>
      </trkpt>
      <trkpt lat="44.905968" lon="-1.210097">
        <ele>10.748</ele>
        <time>2017-07-28T11:10:40Z</time>
      </trkpt>
      <trkpt lat="44.904003" lon="-1.210447">
        <ele>9.445</ele>
        <time>2017-07-28T11:11:00Z</time>
      </trkpt>
      <trkpt lat="44.903022" lon="-1.211202">
        <ele>13.045</ele>
        <time>2017-07-28T11:11:20Z</time>
      </trkpt>
      <trkpt lat="44.902214" lon="-1.211452">
        <ele>11.032</ele>
        <time>2017-07-28T11:11:40Z</time>
      </trkpt>
      <trkpt lat="44.901282" lon="-1.211334">
        <ele>10.989</ele>
        <time>2017-07-28T11:12:00Z</time>
      </trkpt>
      <trkpt lat="44.899927" lon="-1.211464">
        <ele>11.399</ele>
        <time>2017-07-28T11:12:20Z</time>
      </trkpt>
      <trkpt lat="44.899214" lon="-1.212190">
        <ele>12.036</ele>
        <time>2017-07-28T11:12:40Z</time>
      </trkpt>
      <trkpt lat="44.898757" lon="-1.212290">
        <ele>12.588</ele>
        <time>2017-07-28T11:13:00Z</time>
      </trkpt>
      <trkpt lat="44.897442" lon="-1.213489">
        <ele>7.824</ele>
        <time>2017-07-28T11:13:20Z</time>
      </trkpt>
      <trkpt lat="44.896510" lon="-1.213963">
        <ele>5.004</ele>
        <time>2017-07-28T11:13:40Z</time>
      </trkpt>
      <trkpt lat="44.895228" lon="-1.213391">
        <ele>7.814</ele>
        <time>2017-07-28T11:14:00Z</time>
      </trkpt>
      <trkpt lat="44.893172" lon="-1.214147">
        <ele>6.508</ele>
        <time>2017-07-28T11:14:20Z</time>
      </trkpt>
      <trkpt lat="44.892950" lon="-1.214090">
        <ele>6.843</ele>
        <time>2017-07-28T11:14:40Z</time>
      </trkpt>
      <trkpt lat="44.892527" lon="-1.213453">
        <ele>6.970</ele>
        <time>2017-07-28T11:15:00Z</time>
      </trkpt>
      <trkpt lat="44.891945" lon="-1.213623">
        <ele>7.050</ele>
        <time>2017-07-28T11:15:20Z</time>
      </trkpt>
      <trkpt lat="44.891505" lon="-1.213518">
        <ele>8.067</ele>
        <time>2017-07-28T11:15:40Z</time>
      </trkpt>
      <trkpt lat="44.890476" lon="-1.213220">
        <ele>10.764</ele>
        <time>2017-07-28T11:16:00Z</time>
      </trkpt>
      <trkpt lat="44.889956" lon="-1.212813">
        <ele>9.724</ele>
        <time>2017-07-28T11:16:20Z</time>
      </trkpt>
      <trkpt lat="44.887636" lon="-1.213181">
        <ele>12.291</ele>
        <time>2017-07-28T11:16:40Z</time>
      </trkpt>
      <trkpt lat="44.886911" lon="-1.213994">
        <ele>11.013</ele>
        <time>2017-07-28T11:17:00Z</time>
      </trkpt>
      <trkpt lat="44.886715" lon="-1.214016">
        <ele>10.637</ele>
        <time>2017-07-28T11:17:20Z</time>
      </trkpt>
      <trkpt lat="44.886319" lon="-1.213710">
        <ele>10.549</ele>
        <time>2017-07-28T11:17:40Z</time>
      </trkpt>
      <trkpt lat="44.885672" lon="-1.214147">
        <ele>10.013</ele>
        <time>2017-07-28T11:18:00Z</time>
      </trkpt>
      <trkpt lat="44.885152" lon="-1.214167">
        <ele>10.008</ele>
        <time>2017-07-28T11:18:20Z</time>
      </trkpt>
      <trkpt lat="44.884452" lon="-1.213805">
        <ele>10.344</ele>
        <time>2017-07-28T11:18:40Z</time>
      </trkpt>
      <trkpt lat="44.883893" lon="-1.213179">
        <ele>13.621</ele>
        <time>2017-07-28T11:19:00Z</time>
      </trkpt>
      <trkpt lat="44.882637" lon="-1.212339">
        <ele>15.831</ele>
        <time>2017-07-28T11:19:20Z</time>
      </trkpt>
      <trkpt lat="44.881787" lon="-1.211081">
        <ele>12.868</ele>
        <time>2017-07-28T11:19:40Z</time>
      </trkpt>
      <trkpt lat="44.881467" lon="-1.211083">
        <ele>12.915</ele>
        <time>2017-07-28T11:20:00Z</time>
      </trkpt>
      <trkpt lat="44.880510" lon="-1.211746">
        <ele>14.045</ele>
        <time>2017-07-28T11:20:20Z</time>
      </trkpt>
      <trkpt lat="44.879744" lon="-1.211930">
        <ele>16.052</ele>
        <time>2017-07-28T11:20:40Z</time>
      </trkpt>
      <trkpt lat="44.878401" lon="-1.212011">
        <ele>11.214</ele>
        <time>2017-07-28T11:21:00Z</time>
      </trkpt>
      <trkpt lat="44.876637" lon="-1.211719">
        <ele>14.026</ele>
        <time>2017-07-28T11:21:20Z</time>
      </trkpt>
      <trkpt lat="44.875610" lon="-1.212196">
        <ele>14.047</ele>
        <time>2017-07-28T11:21:40Z</time>
      </trkpt>
      <trkpt lat="44.874852" lon="-1.212267">
        <ele>14.811</ele>
        <time>2017-07-28T11:22:00Z</time>
      </trkpt>
      <trkpt lat="44.873880" lon="-1.212956">
        <ele>12.008</ele>
        <time>2017-07-28T11:22:20Z</time>
      </trkpt>
      <trkpt lat="44.872474" lon="-1.213680">
        <ele>12.123</ele>
        <time>2017-07-28T11:22:40Z</time>
      </trkpt>
      <trkpt lat="44.870250" lon="-1.215232">
        <ele>14.240</ele>
        <time>2017-07-28T11:23:00Z</time>
      </trkpt>
      <trkpt lat="44.867164" lon="-1.216816">
        <ele>12.630</ele>
        <time>2017-07-28T11:23:20Z</time>
      </trkpt>
      <trkpt lat="44.866434" lon="-1.217079">
        <ele>13.547</ele>
        <time>2017-07-28T11:23:40Z</time>
      </trkpt>
      <trkpt lat="44.863588" lon="-1.217545">
        <ele>9.094</ele>
        <time>2017-07-28T11:24:00Z</time>
      </trkpt>
      <trkpt lat="44.862516" lon="-1.217443">
        <ele>9.374</ele>
        <time>2017-07-28T11:24:20Z</time>
      </trkpt>
      <trkpt lat="44.860544" lon="-1.216525">
        <ele>13.011</ele>
        <time>2017-07-28T11:24:40Z</time>
      </trkpt>
      <trkpt lat="44.858187" lon="-1.216153">
        <ele>12.973</ele>
        <time>2017-07-28T11:25:00Z</time>
      </trkpt>
      <trkpt lat="44.856773" lon="-1.216413">
        <ele>7.017</ele>
        <time>2017-07-28T11:25:20Z</time>
      </trkpt>
      <trkpt lat="44.856220" lon="-1.216144">
        <ele>8.587</ele>
        <time>2017-07-28T11:25:40Z</time>
      </trkpt>
      <trkpt lat="44.851383" lon="-1.218303">
        <ele>10.015</ele>
        <time>2017-07-28T11:26:00Z</time>
      </trkpt>
      <trkpt lat="44.849959" lon="-1.219166">
        <ele>8.008</ele>
        <time>2017-07-28T11:26:20Z</time>
      </trkpt>
      <trkpt lat="44.849413" lon="-1.219262">
        <ele>7.762</ele>
        <time>2017-07-28T11:26:40Z</time>
      </trkpt>
      <trkpt lat="44.846157" lon="-1.218373">
        <ele>12.419</ele>
        <time>2017-07-28T11:27:00Z</time>
      </trkpt>
      <trkpt lat="44.844691" lon="-1.217385">
        <ele>15.029</ele>
        <time>2017-07-28T11:27:20Z</time>
      </trkpt>
      <trkpt lat="44.843534" lon="-1.217434">
        <ele>11.886</ele>
        <time>2017-07-28T11:27:40Z</time>
      </trkpt>
      <trkpt lat="44.843054" lon="-1.217529">
        <ele>12.933</ele>
        <time>2017-07-28T11:28:00Z</time>
      </trkpt>
      <trkpt lat="44.841238" lon="-1.218479">
        <ele>14.583</ele>
        <time>2017-07-28T11:28:20Z</time>
      </trkpt>
      <trkpt lat="44.837467" lon="-1.220673">
        <ele>6.210</ele>
        <time>2017-07-28T11:28:40Z</time>
      </trkpt>
      <trkpt lat="44.833194" lon="-1.219480">
        <ele>15.462</ele>
        <time>2017-07-28T11:29:00Z</time>
      </trkpt>
      <trkpt lat="44.832608" lon="-1.219467">
        <ele>13.453</ele>
        <time>2017-07-28T11:29:20Z</time>
      </trkpt>
      <trkpt lat="44.830496" lon="-1.219947">
        <ele>12.004</ele>
        <time>2017-07-28T11:29:40Z</time>
      </trkpt>
      <trkpt lat="44.829035" lon="-1.220089">
        <ele>12.314</ele>
        <time>2017-07-28T11:30:00Z</time>
      </trkpt>
      <trkpt lat="44.826089" lon="-1.222559">
        <ele>14.508</ele>
        <time>2017-07-28T11:30:20Z</time>
      </trkpt>
      <trkpt lat="44.825112" lon="-1.222521">
        <ele>13.396</ele>
        <time>2017-07-28T11:30:40Z</time>
      </trkpt>
      <trkpt lat="44.823093" lon="-1.221897">
        <ele>12.243</ele>
        <time>2017-07-28T11:31:00Z</time>
      </trkpt>
      <trkpt lat="44.822182" lon="-1.222019">
        <ele>14.643</ele>
        <time>2017-07-28T11:31:20Z</time>
      </trkpt>
      <trkpt lat="44.821886" lon="-1.222232">
        <ele>13.080</ele>
        <time>2017-07-28T11:31:40Z</time>
      </trkpt>
      <trkpt lat="44.820856" lon="-1.222403">
        <ele>11.847</ele>
        <time>2017-07-28T11:32:00Z</time>
      </trkpt>
      <trkpt lat="44.818040" lon="-1.223473">
        <ele>12.017</ele>
        <time>2017-07-28T11:32:20Z</time>
      </trkpt>
      <trkpt lat="44.816182" lon="-1.223979">
        <ele>11.474</ele>
        <time>2017-07-28T11:32:40Z</time>
      </trkpt>
      <trkpt lat="44.814734" lon="-1.223580">
        <ele>14.196</ele>
        <time>2017-07-28T11:33:00Z</time>
      </trkpt>
      <trkpt lat="44.813292" lon="-1.222922">
        <ele>10.955</ele>
        <time>2017-07-28T11:33:20Z</time>
      </trkpt>
      <trkpt lat="44.811225" lon="-1.221718">
        <ele>11.707</ele>
        <time>2017-07-28T11:33:40Z</time>
      </trkpt>
      <trkpt lat="44.810453" lon="-1.221765">
        <ele>12.517</ele>
        <time>2017-07-28T11:34:00Z</time>
      </trkpt>
      <trkpt lat="44.807671" lon="-1.222599">
        <ele>13.308</ele>
        <time>2017-07-28T11:34:20Z</time>
      </trkpt>
      <trkpt lat="44.804555" lon="-1.224367">
        <ele>11.036</ele>
        <time>2017-07-28T11:34:40Z</time>
      </trkpt>
      <trkpt lat="44.803950" lon="-1.224965">
        <ele>9.013</ele>
        <time>2017-07-28T11:35:00Z</time>
      </trkpt>
      <trkpt lat="44.803312" lon="-1.226314">
        <ele>11.043</ele>
        <time>2017-07-28T11:35:20Z</time>
      </trkpt>
      <trkpt lat="44.803016" lon="-1.226645">
        <ele>10.990</ele>
        <time>2017-07-28T11:35:40Z</time>
      </trkpt>
      <trkpt lat="44.802122" lon="-1.227009">
        <ele>8.257</ele>
        <time>2017-07-28T11:36:00Z</time>
      </trkpt>
      <trkpt lat="44.801670" lon="-1.227359">
        <ele>10.097</ele>
        <time>2017-07-28T11:36:20Z</time>
      </trkpt>
      <trkpt lat="44.801251" lon="-1.228152">
        <ele>9.394</ele>
        <time>2017-07-28T11:36:40Z</time>
      </trkpt>
      <trkpt lat="44.800103" lon="-1.229170">
        <ele>6.696</ele>
        <time>2017-07-28T11:37:00Z</time>
      </trkpt>
      <trkpt lat="44.799586" lon="-1.229427">
        <ele>6.559</ele>
        <time>2017-07-28T11:37:20Z</time>
      </trkpt>
      <trkpt lat="44.798963" lon="-1.230110">
        <ele>9.403</ele>
        <time>2017-07-28T11:37:40Z</time>
      </trkpt>
      <trkpt lat="44.797773" lon="-1.230640">
        <ele>10.023</ele>
        <time>2017-07-28T11:38:00Z</time>
      </trkpt>
      <trkpt lat="44.797463" lon="-1.230385">
        <ele>12.108</ele>
        <time>2017-07-28T11:38:20Z</time>
      </trkpt>
      <trkpt lat="44.796765" lon="-1.229114">
        <ele>8.696</ele>
        <time>2017-07-28T11:38:40Z</time>
      </trkpt>
      <trkpt lat="44.796166" lon="-1.228649">
        <ele>10.113</ele>
        <time>2017-07-28T11:39:00Z</time>
      </trkpt>
      <trkpt lat="44.795828" lon="-1.228757">
        <ele>11.583</ele>
        <time>2017-07-28T11:39:20Z</time>
      </trkpt>
      <trkpt lat="44.795567" lon="-1.229170">
        <ele>12.080</ele>
        <time>2017-07-28T11:39:40Z</time>
      </trkpt>
      <trkpt lat="44.794920" lon="-1.229416">
        <ele>9.117</ele>
        <time>2017-07-28T11:40:00Z</time>
      </trkpt>
      <trkpt lat="44.794232" lon="-1.229041">
        <ele>9.187</ele>
        <time>2017-07-28T11:40:20Z</time>
      </trkpt>
      <trkpt lat="44.793605" lon="-1.228979">
        <ele>7.064</ele>
        <time>2017-07-28T11:40:40Z</time>
      </trkpt>
      <trkpt lat="44.793063" lon="-1.229046">
        <ele>9.886</ele>
        <time>2017-07-28T11:41:00Z</time>
      </trkpt>
      <trkpt lat="44.792706" lon="-1.229389">
        <ele>9.241</ele>
        <time>2017-07-28T11:41:20Z</time>
      </trkpt>
      <trkpt lat="44.792389" lon="-1.229378">
        <ele>9.681</ele>
        <time>2017-07-28T11:41:40Z</time>
      </trkpt>
      <trkpt lat="44.792196" lon="-1.228770">
        <ele>11.009</ele>
        <time>2017-07-28T11:42:00Z</time>
      </trkpt>
      <trkpt lat="44.792217" lon="-1.227519">
        <ele>5.108</ele>
        <time>2017-07-28T11:42:20Z</time>
      </trkpt>
      <trkpt lat="44.792018" lon="-1.227326">
        <ele>5.595</ele>
        <time>2017-07-28T11:42:40Z</time>
      </trkpt>
      <trkpt lat="44.791508" lon="-1.227307">
        <ele>8.122</ele>
        <time>2017-07-28T11:43:00Z</time>
      </trkpt>
      <trkpt lat="44.790869" lon="-1.227568">
        <ele>10.232</ele>
        <time>2017-07-28T11:43:20Z</time>
      </trkpt>
      <trkpt lat="44.789629" lon="-1.228687">
        <ele>13.419</ele>
        <time>2017-07-28T11:43:40Z</time>
      </trkpt>
      <trkpt lat="44.788494" lon="-1.228261">
        <ele>9.056</ele>
        <time>2017-07-28T11:44:00Z</time>
      </trkpt>
      <trkpt lat="44.788044" lon="-1.228356">
        <ele>10.266</ele>
        <time>2017-07-28T11:44:20Z</time>
      </trkpt>
      <trkpt lat="44.787654" lon="-1.227526">
        <ele>6.693</ele>
        <time>2017-07-28T11:44:40Z</time>
      </trkpt>
      <trkpt lat="44.786625" lon="-1.227420">
        <ele>9.795</ele>
        <time>2017-07-28T11:45:00Z</time>
      </trkpt>
      <trkpt lat="44.786513" lon="-1.226228">
        <ele>8.523</ele>
        <time>2017-07-28T11:45:20Z</time>
      </trkpt>
      <trkpt lat="44.786166" lon="-1.224754">
        <ele>12.083</ele>
        <time>2017-07-28T11:45:40Z</time>
      </trkpt>
      <trkpt lat="44.786512" lon="-1.222234">
        <ele>12.511</ele>
        <time>2017-07-28T11:46:00Z</time>
      </trkpt>
      <trkpt lat="44.786431" lon="-1.221164">
        <ele>10.208</ele>
        <time>2017-07-28T11:46:20Z</time>
      </trkpt>
      <trkpt lat="44.786283" lon="-1.220696">
        <ele>11.993</ele>
        <time>2017-07-28T11:46:40Z</time>
      </trkpt>
      <trkpt lat="44.785349" lon="-1.219757">
        <ele>12.170</ele>
        <time>2017-07-28T11:47:00Z</time>
      </trkpt>
      <trkpt lat="44.784024" lon="-1.216494">
        <ele>12.280</ele>
        <time>2017-07-28T11:47:20Z</time>
      </trkpt>
      <trkpt lat="44.783655" lon="-1.216047">
        <ele>14.897</ele>
        <time>2017-07-28T11:47:40Z</time>
      </trkpt>
      <trkpt lat="44.783312" lon="-1.215937">
        <ele>15.494</ele>
        <time>2017-07-28T11:48:00Z</time>
      </trkpt>
      <trkpt lat="44.781122" lon="-1.215865">
        <ele>16.124</ele>
        <time>2017-07-28T11:48:20Z</time>
      </trkpt>
      <trkpt lat="44.779099" lon="-1.214507">
        <ele>14.031</ele>
        <time>2017-07-28T11:48:40Z</time>
      </trkpt>
      <trkpt lat="44.777488" lon="-1.214061">
        <ele>18.353</ele>
        <time>2017-07-28T11:49:00Z</time>
      </trkpt>
      <trkpt lat="44.776511" lon="-1.210854">
        <ele>16.889</ele>
        <time>2017-07-28T11:49:20Z</time>
      </trkpt>
      <trkpt lat="44.776244" lon="-1.209396">
        <ele>15.506</ele>
        <time>2017-07-28T11:49:40Z</time>
      </trkpt>
      <trkpt lat="44.776309" lon="-1.208419">
        <ele>15.726</ele>
        <time>2017-07-28T11:50:00Z</time>
      </trkpt>
      <trkpt lat="44.777420" lon="-1.205245">
        <ele>22.408</ele>
        <time>2017-07-28T11:50:20Z</time>
      </trkpt>
      <trkpt lat="44.777798" lon="-1.204590">
        <ele>22.919</ele>
        <time>2017-07-28T11:50:40Z</time>
      </trkpt>
      <trkpt lat="44.778173" lon="-1.204201">
        <ele>18.976</ele>
        <time>2017-07-28T11:51:00Z</time>
      </trkpt>
      <trkpt lat="44.778663" lon="-1.204019">
        <ele>14.466</ele>
        <time>2017-07-28T11:51:20Z</time>
      </trkpt>
      <trkpt lat="44.780257" lon="-1.204484">
        <ele>11.923</ele>
        <time>2017-07-28T11:51:40Z</time>
      </trkpt>
      <trkpt lat="44.781579" lon="-1.204182">
        <ele>13.050</ele>
        <time>2017-07-28T11:52:00Z</time>
      </trkpt>
      <trkpt lat="44.782574" lon="-1.203412">
        <ele>13.510</ele>
        <time>2017-07-28T11:52:20Z</time>
      </trkpt>
      <trkpt lat="44.783325" lon="-1.202244">
        <ele>11.057</ele>
        <time>2017-07-28T11:52:40Z</time>
      </trkpt>
      <trkpt lat="44.783877" lon="-1.200439">
        <ele>13.629</ele>
        <time>2017-07-28T11:53:00Z</time>
      </trkpt>
      <trkpt lat="44.783828" lon="-1.198636">
        <ele>9.528</ele>
        <time>2017-07-28T11:53:20Z</time>
      </trkpt>
      <trkpt lat="44.784062" lon="-1.197177">
        <ele>14.389</ele>
        <time>2017-07-28T11:53:40Z</time>
      </trkpt>
      <trkpt lat="44.784462" lon="-1.196427">
        <ele>13.717</ele>
        <time>2017-07-28T11:54:00Z</time>
      </trkpt>
      <trkpt lat="44.785129" lon="-1.195642">
        <ele>12.408</ele>
        <time>2017-07-28T11:54:20Z</time>
      </trkpt>
      <trkpt lat="44.786071" lon="-1.193290">
        <ele>8.033</ele>
        <time>2017-07-28T11:54:40Z</time>
      </trkpt>
      <trkpt lat="44.787099" lon="-1.191874">
        <ele>12.520</ele>
        <time>2017-07-28T11:55:00Z</time>
      </trkpt>
      <trkpt lat="44.788213" lon="-1.188570">
        <ele>15.750</ele>
        <time>2017-07-28T11:55:20Z</time>
      </trkpt>
      <trkpt lat="44.788237" lon="-1.186274">
        <ele>14.847</ele>
        <time>2017-07-28T11:55:40Z</time>
      </trkpt>
      <trkpt lat="44.786906" lon="-1.184973">
        <ele>16.324</ele>
        <time>2017-07-28T11:56:00Z</time>
      </trkpt>
      <trkpt lat="44.786244" lon="-1.183632">
        <ele>11.734</ele>
        <time>2017-07-28T11:56:20Z</time>
      </trkpt>
      <trkpt lat="44.785660" lon="-1.182919">
        <ele>12.491</ele>
        <time>2017-07-28T11:56:40Z</time>
      </trkpt>
      <trkpt lat="44.781827" lon="-1.179304">
        <ele>16.273</ele>
        <time>2017-07-28T11:57:00Z</time>
      </trkpt>
      <trkpt lat="44.780925" lon="-1.176865">
        <ele>13.055</ele>
        <time>2017-07-28T11:57:20Z</time>
      </trkpt>
      <trkpt lat="44.779126" lon="-1.175221">
        <ele>7.607</ele>
        <time>2017-07-28T11:57:40Z</time>
      </trkpt>
      <trkpt lat="44.777569" lon="-1.170251">
        <ele>15.017</ele>
        <time>2017-07-28T11:58:00Z</time>
      </trkpt>
      <trkpt lat="44.777125" lon="-1.168009">
        <ele>7.808</ele>
        <time>2017-07-28T11:58:20Z</time>
      </trkpt>
      <trkpt lat="44.776898" lon="-1.167709">
        <ele>7.566</ele>
        <time>2017-07-28T11:58:40Z</time>
      </trkpt>
      <trkpt lat="44.775885" lon="-1.168691">
        <ele>9.283</ele>
        <time>2017-07-28T11:59:00Z</time>
      </trkpt>
      <trkpt lat="44.775450" lon="-1.168857">
        <ele>9.193</ele>
        <time>2017-07-28T11:59:20Z</time>
      </trkpt>
      <trkpt lat="44.774738" lon="-1.169757">
        <ele>6.090</ele>
        <time>2017-07-28T11:59:40Z</time>
      </trkpt>
      <trkpt lat="44.772915" lon="-1.171349">
        <ele>6.287</ele>
        <time>2017-07-28T12:00:00Z</time>
      </trkpt>
      <trkpt lat="44.770873" lon="-1.173505">
        <ele>6.357</ele>
        <time>2017-07-28T12:00:20Z</time>
      </trkpt>
      <trkpt lat="44.769025" lon="-1.175171">
        <ele>10.124</ele>
        <time>2017-07-28T12:00:40Z</time>
      </trkpt>
      <trkpt lat="44.775153" lon="-1.169334">
        <ele>6.976</ele>
        <time>2017-07-28T12:01:00Z</time>
      </trkpt>
      <trkpt lat="44.775368" lon="-1.168938">
        <ele>8.864</ele>
        <time>2017-07-28T12:01:20Z</time>
      </trkpt>
      <trkpt lat="44.775831" lon="-1.168719">
        <ele>9.006</ele>
        <time>2017-07-28T12:01:40Z</time>
      </trkpt>
      <trkpt lat="44.777005" lon="-1.167642">
        <ele>7.416</ele>
        <time>2017-07-28T12:02:00Z</time>
      </trkpt>
      <trkpt lat="44.777197" lon="-1.167980">
        <ele>7.708</ele>
        <time>2017-07-28T12:02:20Z</time>
      </trkpt>
      <trkpt lat="44.778378" lon="-1.167241">
        <ele>4.367</ele>
        <time>2017-07-28T12:02:40Z</time>
      </trkpt>
      <trkpt lat="44.780278" lon="-1.164264">
        <ele>4.034</ele>
        <time>2017-07-28T12:03:00Z</time>
      </trkpt>
      <trkpt lat="44.780773" lon="-1.163269">
        <ele>7.354</ele>
        <time>2017-07-28T12:03:20Z</time>
      </trkpt>
      <trkpt lat="44.781456" lon="-1.161319">
        <ele>5.751</ele>
        <time>2017-07-28T12:03:40Z</time>
      </trkpt>
      <trkpt lat="44.781910" lon="-1.159143">
        <ele>2.228</ele>
        <time>2017-07-28T12:04:00Z</time>
      </trkpt>
      <trkpt lat="44.782389" lon="-1.153387">
        <ele>1.768</ele>
        <time>2017-07-28T12:04:20Z</time>
      </trkpt>
      <trkpt lat="44.782775" lon="-1.152241">
        <ele>3.985</ele>
        <time>2017-07-28T12:04:40Z</time>
      </trkpt>
      <trkpt lat="44.782488" lon="-1.150931">
        <ele>5.317</ele>
        <time>2017-07-28T12:05:00Z</time>
      </trkpt>
      <trkpt lat="44.782228" lon="-1.144479">
        <ele>8.044</ele>
        <time>2017-07-28T12:05:20Z</time>
      </trkpt>
      <trkpt lat="44.781842" lon="-1.142546">
        <ele>12.105</ele>
        <time>2017-07-28T12:05:40Z</time>
      </trkpt>
      <trkpt lat="44.781048" lon="-1.140933">
        <ele>9.115</ele>
        <time>2017-07-28T12:06:00Z</time>
      </trkpt>
      <trkpt lat="44.779506" lon="-1.136640">
        <ele>8.308</ele>
        <time>2017-07-28T12:06:20Z</time>
      </trkpt>
      <trkpt lat="44.775760" lon="-1.137374">
        <ele>7.195</ele>
        <time>2017-07-28T12:06:40Z</time>
      </trkpt>
      <trkpt lat="44.774250" lon="-1.137244">
        <ele>11.332</ele>
        <time>2017-07-28T12:07:00Z</time>
      </trkpt>
      <trkpt lat="44.772378" lon="-1.136487">
        <ele>9.182</ele>
        <time>2017-07-28T12:07:20Z</time>
      </trkpt>
      <trkpt lat="44.771548" lon="-1.135947">
        <ele>5.379</ele>
        <time>2017-07-28T12:07:40Z</time>
      </trkpt>
      <trkpt lat="44.770282" lon="-1.134799">
        <ele>3.736</ele>
        <time>2017-07-28T12:08:00Z</time>
      </trkpt>
      <trkpt lat="44.769199" lon="-1.133310">
        <ele>4.966</ele>
        <time>2017-07-28T12:08:20Z</time>
      </trkpt>
      <trkpt lat="44.768408" lon="-1.131714">
        <ele>6.093</ele>
        <time>2017-07-28T12:08:40Z</time>
      </trkpt>
      <trkpt lat="44.768198" lon="-1.131720">
        <ele>6.545</ele>
        <time>2017-07-28T12:09:00Z</time>
      </trkpt>
      <trkpt lat="44.768302" lon="-1.131534">
        <ele>6.138</ele>
        <time>2017-07-28T12:09:20Z</time>
      </trkpt>
      <trkpt lat="44.766467" lon="-1.129161">
        <ele>7.370</ele>
        <time>2017-07-28T12:09:40Z</time>
      </trkpt>
      <trkpt lat="44.761712" lon="-1.121881">
        <ele>5.017</ele>
        <time>2017-07-28T12:10:00Z</time>
      </trkpt>
      <trkpt lat="44.756256" lon="-1.113905">
        <ele>9.108</ele>
        <time>2017-07-28T12:10:20Z</time>
      </trkpt>
      <trkpt lat="44.753819" lon="-1.111169">
        <ele>14.894</ele>
        <time>2017-07-28T12:10:40Z</time>
      </trkpt>
      <trkpt lat="44.747156" lon="-1.104302">
        <ele>4.091</ele>
        <time>2017-07-28T12:11:00Z</time>
      </trkpt>
      <trkpt lat="44.745677" lon="-1.102363">
        <ele>4.451</ele>
        <time>2017-07-28T12:11:20Z</time>
      </trkpt>
      <trkpt lat="44.743438" lon="-1.098753">
        <ele>6.118</ele>
        <time>2017-07-28T12:11:40Z</time>
      </trkpt>
      <trkpt lat="44.741981" lon="-1.097073">
        <ele>5.185</ele>
        <time>2017-07-28T12:12:00Z</time>
      </trkpt>
      <trkpt lat="44.741024" lon="-1.095443">
        <ele>5.365</ele>
        <time>2017-07-28T12:12:20Z</time>
      </trkpt>
      <trkpt lat="44.729092" lon="-1.072017">
        <ele>11.522</ele>
        <time>2017-07-28T12:12:40Z</time>
      </trkpt>
      <trkpt lat="44.727811" lon="-1.070433">
        <ele>10.284</ele>
        <time>2017-07-28T12:13:00Z</time>
      </trkpt>
      <trkpt lat="44.726776" lon="-1.069463">
        <ele>10.039</ele>
        <time>2017-07-28T12:13:20Z</time>
      </trkpt>
      <trkpt lat="44.723727" lon="-1.067374">
        <ele>11.501</ele>
        <time>2017-07-28T12:13:40Z</time>
      </trkpt>
      <trkpt lat="44.722310" lon="-1.066138">
        <ele>9.321</ele>
        <time>2017-07-28T12:14:00Z</time>
      </trkpt>
      <trkpt lat="44.720413" lon="-1.065038">
        <ele>8.908</ele>
        <time>2017-07-28T12:14:20Z</time>
      </trkpt>
      <trkpt lat="44.719292" lon="-1.064128">
        <ele>6.624</ele>
        <time>2017-07-28T12:14:40Z</time>
      </trkpt>
      <trkpt lat="44.718102" lon="-1.062755">
        <ele>8.261</ele>
        <time>2017-07-28T12:15:00Z</time>
      </trkpt>
      <trkpt lat="44.717194" lon="-1.061330">
        <ele>7.051</ele>
        <time>2017-07-28T12:15:20Z</time>
      </trkpt>
      <trkpt lat="44.713636" lon="-1.053261">
        <ele>7.668</ele>
        <time>2017-07-28T12:15:40Z</time>
      </trkpt>
      <trkpt lat="44.712533" lon="-1.050408">
        <ele>8.985</ele>
        <time>2017-07-28T12:16:00Z</time>
      </trkpt>
      <trkpt lat="44.711960" lon="-1.049338">
        <ele>8.675</ele>
        <time>2017-07-28T12:16:20Z</time>
      </trkpt>
      <trkpt lat="44.703346" lon="-1.028872">
        <ele>12.892</ele>
        <time>2017-07-28T12:16:40Z</time>
      </trkpt>
      <trkpt lat="44.701682" lon="-1.025479">
        <ele>8.174</ele>
        <time>2017-07-28T12:17:00Z</time>
      </trkpt>
      <trkpt lat="44.700860" lon="-1.024220">
        <ele>7.479</ele>
        <time>2017-07-28T12:17:20Z</time>
      </trkpt>
      <trkpt lat="44.699586" lon="-1.022615">
        <ele>6.305</ele>
        <time>2017-07-28T12:17:40Z</time>
      </trkpt>
      <trkpt lat="44.697810" lon="-1.020939">
        <ele>9.525</ele>
        <time>2017-07-28T12:18:00Z</time>
      </trkpt>
      <trkpt lat="44.686919" lon="-1.014502">
        <ele>7.808</ele>
        <time>2017-07-28T12:18:20Z</time>
      </trkpt>
      <trkpt lat="44.685726" lon="-1.013608">
        <ele>5.638</ele>
        <time>2017-07-28T12:18:40Z</time>
      </trkpt>
      <trkpt lat="44.684782" lon="-1.012503">
        <ele>4.845</ele>
        <time>2017-07-28T12:19:00Z</time>
      </trkpt>
      <trkpt lat="44.682665" lon="-1.010642">
        <ele>9.655</ele>
        <time>2017-07-28T12:19:20Z</time>
      </trkpt>
      <trkpt lat="44.674234" lon="-0.998467">
        <ele>13.852</ele>
        <time>2017-07-28T12:19:40Z</time>
      </trkpt>
      <trkpt lat="44.651363" lon="-0.966074">
        <ele>17.129</ele>
        <time>2017-07-28T12:20:00Z</time>
      </trkpt>
      <trkpt lat="44.649515" lon="-0.963929">
        <ele>17.339</ele>
        <time>2017-07-28T12:20:20Z</time>
      </trkpt>
      <trkpt lat="44.645100" lon="-0.960067">
        <ele>16.656</ele>
        <time>2017-07-28T12:20:40Z</time>
      </trkpt>
      <trkpt lat="44.643839" lon="-0.959456">
        <ele>22.368</ele>
        <time>2017-07-28T12:21:00Z</time>
      </trkpt>
      <trkpt lat="44.642729" lon="-0.959297">
        <ele>18.167</ele>
        <time>2017-07-28T12:21:20Z</time>
      </trkpt>
      <trkpt lat="44.641796" lon="-0.959487">
        <ele>15.081</ele>
        <time>2017-07-28T12:21:40Z</time>
      </trkpt>
      <trkpt lat="44.641530" lon="-0.960012">
        <ele>16.019</ele>
        <time>2017-07-28T12:22:00Z</time>
      </trkpt>
      <trkpt lat="44.639338" lon="-0.964899">
        <ele>14.008</ele>
        <time>2017-07-28T12:22:20Z</time>
      </trkpt>
      <trkpt lat="44.639250" lon="-0.965336">
        <ele>13.677</ele>
        <time>2017-07-28T12:22:40Z</time>
      </trkpt>
      <trkpt lat="44.639000" lon="-0.965592">
        <ele>13.614</ele>
        <time>2017-07-28T12:23:00Z</time>
      </trkpt>
      <trkpt lat="44.637884" lon="-0.968085">
        <ele>10.044</ele>
        <time>2017-07-28T12:23:20Z</time>
      </trkpt>
      <trkpt lat="44.637852" lon="-0.968512">
        <ele>10.921</ele>
        <time>2017-07-28T12:23:40Z</time>
      </trkpt>
      <trkpt lat="44.637559" lon="-0.968781">
        <ele>10.228</ele>
        <time>2017-07-28T12:24:00Z</time>
      </trkpt>
      <trkpt lat="44.637257" lon="-0.969424">
        <ele>10.128</ele>
        <time>2017-07-28T12:24:20Z</time>
      </trkpt>
      <trkpt lat="44.635105" lon="-0.974196">
        <ele>10.535</ele>
        <time>2017-07-28T12:24:40Z</time>
      </trkpt>
      <trkpt lat="44.634812" lon="-0.975134">
        <ele>10.217</ele>
        <time>2017-07-28T12:25:00Z</time>
      </trkpt>
      <trkpt lat="44.633390" lon="-0.977991">
        <ele>6.824</ele>
        <time>2017-07-28T12:25:20Z</time>
      </trkpt>
      <trkpt lat="44.632761" lon="-0.979615">
        <ele>6.304</ele>
        <time>2017-07-28T12:25:40Z</time>
      </trkpt>
      <trkpt lat="44.628461" lon="-0.988949">
        <ele>9.314</ele>
        <time>2017-07-28T12:26:00Z</time>
      </trkpt>
      <trkpt lat="44.627017" lon="-0.992233">
        <ele>12.208</ele>
        <time>2017-07-28T12:26:20Z</time>
      </trkpt>
      <trkpt lat="44.626730" lon="-0.993408">
        <ele>5.073</ele>
        <time>2017-07-28T12:26:40Z</time>
      </trkpt>
      <trkpt lat="44.626321" lon="-0.998379">
        <ele>8.380</ele>
        <time>2017-07-28T12:27:00Z</time>
      </trkpt>
      <trkpt lat="44.626532" lon="-0.999365">
        <ele>6.020</ele>
        <time>2017-07-28T12:27:20Z</time>
      </trkpt>
      <trkpt lat="44.626039" lon="-1.000817">
        <ele>8.297</ele>
        <time>2017-07-28T12:27:40Z</time>
      </trkpt>
      <trkpt lat="44.625819" lon="-1.003729">
        <ele>9.434</ele>
        <time>2017-07-28T12:28:00Z</time>
      </trkpt>
      <trkpt lat="44.626782" lon="-1.007453">
        <ele>10.774</ele>
        <time>2017-07-28T12:28:20Z</time>
      </trkpt>
      <trkpt lat="44.627964" lon="-1.011118">
        <ele>12.011</ele>
        <time>2017-07-28T12:28:40Z</time>
      </trkpt>
      <trkpt lat="44.629034" lon="-1.016693">
        <ele>6.523</ele>
        <time>2017-07-28T12:29:00Z</time>
      </trkpt>
      <trkpt lat="44.629618" lon="-1.017541">
        <ele>7.086</ele>
        <time>2017-07-28T12:29:20Z</time>
      </trkpt>
      <trkpt lat="44.629174" lon="-1.017212">
        <ele>6.060</ele>
        <time>2017-07-28T12:29:40Z</time>
      </trkpt>
      <trkpt lat="44.629180" lon="-1.018486">
        <ele>6.026</ele>
        <time>2017-07-28T12:30:00Z</time>
      </trkpt>
      <trkpt lat="44.629587" lon="-1.020854">
        <ele>5.508</ele>
        <time>2017-07-28T12:30:20Z</time>
      </trkpt>
      <trkpt lat="44.630016" lon="-1.021652">
        <ele>7.189</ele>
        <time>2017-07-28T12:30:40Z</time>
      </trkpt>
      <trkpt lat="44.629850" lon="-1.021803">
        <ele>7.096</ele>
        <time>2017-07-28T12:31:00Z</time>
      </trkpt>
      <trkpt lat="44.628385" lon="-1.022190">
        <ele>6.986</ele>
        <time>2017-07-28T12:31:20Z</time>
      </trkpt>
      <trkpt lat="44.626446" lon="-1.023351">
        <ele>9.083</ele>
        <time>2017-07-28T12:31:40Z</time>
      </trkpt>
      <trkpt lat="44.625738" lon="-1.023446">
        <ele>11.630</ele>
        <time>2017-07-28T12:32:00Z</time>
      </trkpt>
      <trkpt lat="44.623431" lon="-1.024294">
        <ele>9.740</ele>
        <time>2017-07-28T12:32:20Z</time>
      </trkpt>
      <trkpt lat="44.623182" lon="-1.024926">
        <ele>8.797</ele>
        <time>2017-07-28T12:32:40Z</time>
      </trkpt>
      <trkpt lat="44.624475" lon="-1.028673">
        <ele>11.469</ele>
        <time>2017-07-28T12:33:00Z</time>
      </trkpt>
      <trkpt lat="44.625704" lon="-1.032662">
        <ele>11.558</ele>
        <time>2017-07-28T12:33:20Z</time>
      </trkpt>
      <trkpt lat="44.625734" lon="-1.033172">
        <ele>11.452</ele>
        <time>2017-07-28T12:33:40Z</time>
      </trkpt>
      <trkpt lat="44.626153" lon="-1.033564">
        <ele>10.017</ele>
        <time>2017-07-28T12:34:00Z</time>
      </trkpt>
      <trkpt lat="44.625821" lon="-1.034617">
        <ele>10.008</ele>
        <time>2017-07-28T12:34:20Z</time>
      </trkpt>
      <trkpt lat="44.624810" lon="-1.036508">
        <ele>9.586</ele>
        <time>2017-07-28T12:34:40Z</time>
      </trkpt>
      <trkpt lat="44.625085" lon="-1.038448">
        <ele>13.753</ele>
        <time>2017-07-28T12:35:00Z</time>
      </trkpt>
      <trkpt lat="44.625141" lon="-1.040005">
        <ele>12.043</ele>
        <time>2017-07-28T12:35:20Z</time>
      </trkpt>
      <trkpt lat="44.624962" lon="-1.040172">
        <ele>12.090</ele>
        <time>2017-07-28T12:35:40Z</time>
      </trkpt>
      <trkpt lat="44.623266" lon="-1.040715">
        <ele>10.487</ele>
        <time>2017-07-28T12:36:00Z</time>
      </trkpt>
      <trkpt lat="44.623138" lon="-1.041346">
        <ele>9.037</ele>
        <time>2017-07-28T12:36:20Z</time>
      </trkpt>
      <trkpt lat="44.623504" lon="-1.043242">
        <ele>9.754</ele>
        <time>2017-07-28T12:36:40Z</time>
      </trkpt>
      <trkpt lat="44.623412" lon="-1.043696">
        <ele>9.026</ele>
        <time>2017-07-28T12:37:00Z</time>
      </trkpt>
      <trkpt lat="44.623560" lon="-1.044762">
        <ele>9.746</ele>
        <time>2017-07-28T12:37:20Z</time>
      </trkpt>
      <trkpt lat="44.624265" lon="-1.047694">
        <ele>13.088</ele>
        <time>2017-07-28T12:37:40Z</time>
      </trkpt>
      <trkpt lat="44.625374" lon="-1.055199">
        <ele>10.516</ele>
        <time>2017-07-28T12:38:00Z</time>
      </trkpt>
      <trkpt lat="44.625352" lon="-1.061333">
        <ele>10.608</ele>
        <time>2017-07-28T12:38:20Z</time>
      </trkpt>
      <trkpt lat="44.625630" lon="-1.062609">
        <ele>9.685</ele>
        <time>2017-07-28T12:38:40Z</time>
      </trkpt>
      <trkpt lat="44.624901" lon="-1.063994">
        <ele>7.732</ele>
        <time>2017-07-28T12:39:00Z</time>
      </trkpt>
      <trkpt lat="44.624411" lon="-1.066358">
        <ele>10.032</ele>
        <time>2017-07-28T12:39:20Z</time>
      </trkpt>
      <trkpt lat="44.624190" lon="-1.067119">
        <ele>10.099</ele>
        <time>2017-07-28T12:39:40Z</time>
      </trkpt>
      <trkpt lat="44.624115" lon="-1.067259">
        <ele>9.846</ele>
        <time>2017-07-28T12:40:00Z</time>
      </trkpt>
      <trkpt lat="44.623924" lon="-1.067249">
        <ele>9.296</ele>
        <time>2017-07-28T12:40:20Z</time>
      </trkpt>
      <trkpt lat="44.623691" lon="-1.067905">
        <ele>8.373</ele>
        <time>2017-07-28T12:40:40Z</time>
      </trkpt>
      <trkpt lat="44.622482" lon="-1.072555">
        <ele>8.025</ele>
        <time>2017-07-28T12:41:00Z</time>
      </trkpt>
      <trkpt lat="44.622017" lon="-1.072975">
        <ele>8.569</ele>
        <time>2017-07-28T12:41:20Z</time>
      </trkpt>
      <trkpt lat="44.620425" lon="-1.073061">
        <ele>11.004</ele>
        <time>2017-07-28T12:41:40Z</time>
      </trkpt>
      <trkpt lat="44.620406" lon="-1.073790">
        <ele>12.924</ele>
        <time>2017-07-28T12:42:00Z</time>
      </trkpt>
      <trkpt lat="44.620663" lon="-1.073543">
        <ele>13.008</ele>
        <time>2017-07-28T12:42:20Z</time>
      </trkpt>
      <trkpt lat="44.620387" lon="-1.073797">
        <ele>12.957</ele>
        <time>2017-07-28T12:42:40Z</time>
      </trkpt>
      <trkpt lat="44.620182" lon="-1.074607">
        <ele>7.784</ele>
        <time>2017-07-28T12:43:00Z</time>
      </trkpt>
      <trkpt lat="44.619814" lon="-1.080040">
        <ele>11.054</ele>
        <time>2017-07-28T12:43:20Z</time>
      </trkpt>
      <trkpt lat="44.620461" lon="-1.093002">
        <ele>12.061</ele>
        <time>2017-07-28T12:43:40Z</time>
      </trkpt>
      <trkpt lat="44.621177" lon="-1.096399">
        <ele>8.748</ele>
        <time>2017-07-28T12:44:00Z</time>
      </trkpt>
      <trkpt lat="44.621222" lon="-1.097461">
        <ele>7.248</ele>
        <time>2017-07-28T12:44:20Z</time>
      </trkpt>
      <trkpt lat="44.623052" lon="-1.103851">
        <ele>8.145</ele>
        <time>2017-07-28T12:44:40Z</time>
      </trkpt>
      <trkpt lat="44.623547" lon="-1.104432">
        <ele>9.847</ele>
        <time>2017-07-28T12:45:00Z</time>
      </trkpt>
      <trkpt lat="44.624066" lon="-1.104656">
        <ele>8.629</ele>
        <time>2017-07-28T12:45:20Z</time>
      </trkpt>
      <trkpt lat="44.624835" lon="-1.106648">
        <ele>9.600</ele>
        <time>2017-07-28T12:45:40Z</time>
      </trkpt>
      <trkpt lat="44.624283" lon="-1.106682">
        <ele>10.020</ele>
        <time>2017-07-28T12:46:00Z</time>
      </trkpt>
      <trkpt lat="44.624084" lon="-1.106837">
        <ele>10.208</ele>
        <time>2017-07-28T12:46:20Z</time>
      </trkpt>
      <trkpt lat="44.623368" lon="-1.107938">
        <ele>11.243</ele>
        <time>2017-07-28T12:46:40Z</time>
      </trkpt>
      <trkpt lat="44.620886" lon="-1.105882">
        <ele>14.510</ele>
        <time>2017-07-28T12:47:00Z</time>
      </trkpt>
      <trkpt lat="44.620575" lon="-1.106200">
        <ele>15.930</ele>
        <time>2017-07-28T12:47:20Z</time>
      </trkpt>
      <trkpt lat="44.616838" lon="-1.107252">
        <ele>15.167</ele>
        <time>2017-07-28T12:47:40Z</time>
      </trkpt>
      <trkpt lat="44.616798" lon="-1.108343">
        <ele>12.914</ele>
        <time>2017-07-28T12:48:00Z</time>
      </trkpt>
      <trkpt lat="44.617190" lon="-1.112527">
        <ele>9.914</ele>
        <time>2017-07-28T12:48:20Z</time>
      </trkpt>
      <trkpt lat="44.617230" lon="-1.112793">
        <ele>10.141</ele>
        <time>2017-07-28T12:48:40Z</time>
      </trkpt>
      <trkpt lat="44.617496" lon="-1.113021">
        <ele>13.063</ele>
        <time>2017-07-28T12:49:00Z</time>
      </trkpt>
      <trkpt lat="44.617830" lon="-1.115185">
        <ele>15.783</ele>
        <time>2017-07-28T12:49:20Z</time>
      </trkpt>
      <trkpt lat="44.618444" lon="-1.119878">
        <ele>14.125</ele>
        <time>2017-07-28T12:49:40Z</time>
      </trkpt>
      <trkpt lat="44.618312" lon="-1.121019">
        <ele>14.017</ele>
        <time>2017-07-28T12:50:00Z</time>
      </trkpt>
      <trkpt lat="44.618678" lon="-1.122723">
        <ele>8.508</ele>
        <time>2017-07-28T12:50:20Z</time>
      </trkpt>
      <trkpt lat="44.618613" lon="-1.123170">
        <ele>6.639</ele>
        <time>2017-07-28T12:50:40Z</time>
      </trkpt>
      <trkpt lat="44.619018" lon="-1.124438">
        <ele>7.026</ele>
        <time>2017-07-28T12:51:00Z</time>
      </trkpt>
      <trkpt lat="44.619811" lon="-1.123575">
        <ele>9.266</ele>
        <time>2017-07-28T12:51:20Z</time>
      </trkpt>
      <trkpt lat="44.620352" lon="-1.122424">
        <ele>10.293</ele>
        <time>2017-07-28T12:51:40Z</time>
      </trkpt>
      <trkpt lat="44.619755" lon="-1.123708">
        <ele>9.570</ele>
        <time>2017-07-28T12:52:00Z</time>
      </trkpt>
      <trkpt lat="44.619026" lon="-1.124426">
        <ele>7.080</ele>
        <time>2017-07-28T12:52:20Z</time>
      </trkpt>
      <trkpt lat="44.619162" lon="-1.124844">
        <ele>7.937</ele>
        <time>2017-07-28T12:52:40Z</time>
      </trkpt>
      <trkpt lat="44.618816" lon="-1.125429">
        <ele>9.569</ele>
        <time>2017-07-28T12:53:00Z</time>
      </trkpt>
      <trkpt lat="44.619909" lon="-1.128938">
        <ele>7.769</ele>
        <time>2017-07-28T12:53:20Z</time>
      </trkpt>
      <trkpt lat="44.620656" lon="-1.130794">
        <ele>5.504</ele>
        <time>2017-07-28T12:53:40Z</time>
      </trkpt>
      <trkpt lat="44.620507" lon="-1.131363">
        <ele>6.024</ele>
        <time>2017-07-28T12:54:00Z</time>
      </trkpt>
      <trkpt lat="44.620399" lon="-1.131384">
        <ele>6.008</ele>
        <time>2017-07-28T12:54:20Z</time>
      </trkpt>
      <trkpt lat="44.618369" lon="-1.129911">
        <ele>8.137</ele>
        <time>2017-07-28T12:54:40Z</time>
      </trkpt>
      <trkpt lat="44.618020" lon="-1.132968">
        <ele>6.184</ele>
        <time>2017-07-28T12:55:00Z</time>
      </trkpt>
      <trkpt lat="44.617498" lon="-1.135652">
        <ele>5.074</ele>
        <time>2017-07-28T12:55:20Z</time>
      </trkpt>
      <trkpt lat="44.618092" lon="-1.132416">
        <ele>6.051</ele>
        <time>2017-07-28T12:55:40Z</time>
      </trkpt>
      <trkpt lat="44.618371" lon="-1.129998">
        <ele>8.178</ele>
        <time>2017-07-28T12:56:00Z</time>
      </trkpt>
      <trkpt lat="44.618464" lon="-1.129918">
        <ele>8.528</ele>
        <time>2017-07-28T12:56:20Z</time>
      </trkpt>
      <trkpt lat="44.618942" lon="-1.130162">
        <ele>8.085</ele>
        <time>2017-07-28T12:56:40Z</time>
      </trkpt>
      <trkpt lat="44.620476" lon="-1.131385">
        <ele>6.037</ele>
        <time>2017-07-28T12:57:00Z</time>
      </trkpt>
      <trkpt lat="44.620669" lon="-1.130853">
        <ele>5.514</ele>
        <time>2017-07-28T12:57:20Z</time>
      </trkpt>
      <trkpt lat="44.618848" lon="-1.125659">
        <ele>10.454</ele>
        <time>2017-07-28T12:57:40Z</time>
      </trkpt>
      <trkpt lat="44.618864" lon="-1.125342">
        <ele>9.209</ele>
        <time>2017-07-28T12:58:00Z</time>
      </trkpt>
      <trkpt lat="44.619173" lon="-1.124890">
        <ele>8.308</ele>
        <time>2017-07-28T12:58:20Z</time>
      </trkpt>
      <trkpt lat="44.619126" lon="-1.124282">
        <ele>7.022</ele>
        <time>2017-07-28T12:58:40Z</time>
      </trkpt>
      <trkpt lat="44.619802" lon="-1.123591">
        <ele>9.249</ele>
        <time>2017-07-28T12:59:00Z</time>
      </trkpt>
      <trkpt lat="44.620349" lon="-1.122397">
        <ele>10.089</ele>
        <time>2017-07-28T12:59:20Z</time>
      </trkpt>
      <trkpt lat="44.620275" lon="-1.122478">
        <ele>9.956</ele>
        <time>2017-07-28T12:59:40Z</time>
      </trkpt>
      <trkpt lat="44.620236" lon="-1.122343">
        <ele>9.273</ele>
        <time>2017-07-28T13:00:00Z</time>
      </trkpt>
      <trkpt lat="44.620330" lon="-1.122350">
        <ele>9.753</ele>
        <time>2017-07-28T13:00:20Z</time>
      </trkpt>
      <trkpt lat="44.619817" lon="-1.123594">
        <ele>9.350</ele>
        <time>2017-07-28T13:00:40Z</time>
      </trkpt>
      <trkpt lat="44.619072" lon="-1.124362">
        <ele>7.072</ele>
        <time>2017-07-28T13:01:00Z</time>
      </trkpt>
      <trkpt lat="44.619149" lon="-1.124968">
        <ele>8.775</ele>
        <time>2017-07-28T13:01:20Z</time>
      </trkpt>
      <trkpt lat="44.618850" lon="-1.125438">
        <ele>9.628</ele>
        <time>2017-07-28T13:01:40Z</time>
      </trkpt>
      <trkpt lat="44.619703" lon="-1.128302">
        <ele>9.220</ele>
        <time>2017-07-28T13:02:00Z</time>
      </trkpt>
      <trkpt lat="44.620660" lon="-1.130855">
        <ele>5.508</ele>
        <time>2017-07-28T13:02:20Z</time>
      </trkpt>
      <trkpt lat="44.620571" lon="-1.131179">
        <ele>6.168</ele>
        <time>2017-07-28T13:02:40Z</time>
      </trkpt>
      <trkpt lat="44.620382" lon="-1.131314">
        <ele>6.055</ele>
        <time>2017-07-28T13:03:00Z</time>
      </trkpt>
      <trkpt lat="44.618386" lon="-1.129904">
        <ele>8.215</ele>
        <time>2017-07-28T13:03:20Z</time>
      </trkpt>
      <trkpt lat="44.617744" lon="-1.134624">
        <ele>9.542</ele>
        <time>2017-07-28T13:03:40Z</time>
      </trkpt>
      <trkpt lat="44.617052" lon="-1.137624">
        <ele>7.279</ele>
        <time>2017-07-28T13:04:00Z</time>
      </trkpt>
      <trkpt lat="44.617078" lon="-1.138242">
        <ele>8.359</ele>
        <time>2017-07-28T13:04:20Z</time>
      </trkpt>
      <trkpt lat="44.616767" lon="-1.138699">
        <ele>11.336</ele>
        <time>2017-07-28T13:04:40Z</time>
      </trkpt>
      <trkpt lat="44.615316" lon="-1.143101">
        <ele>14.138</ele>
        <time>2017-07-28T13:05:00Z</time>
      </trkpt>
      <trkpt lat="44.614230" lon="-1.145794">
        <ele>16.668</ele>
        <time>2017-07-28T13:05:20Z</time>
      </trkpt>
      <trkpt lat="44.613734" lon="-1.147380">
        <ele>19.742</ele>
        <time>2017-07-28T13:05:40Z</time>
      </trkpt>
      <trkpt lat="44.613760" lon="-1.147738">
        <ele>18.226</ele>
        <time>2017-07-28T13:06:00Z</time>
      </trkpt>
      <trkpt lat="44.613450" lon="-1.147866">
        <ele>17.208</ele>
        <time>2017-07-28T13:06:20Z</time>
      </trkpt>
      <trkpt lat="44.613101" lon="-1.147761">
        <ele>16.217</ele>
        <time>2017-07-28T13:06:40Z</time>
      </trkpt>
      <trkpt lat="44.613049" lon="-1.147869">
        <ele>15.764</ele>
        <time>2017-07-28T13:07:00Z</time>
      </trkpt>
      <trkpt lat="44.612907" lon="-1.150779">
        <ele>20.844</ele>
        <time>2017-07-28T13:07:20Z</time>
      </trkpt>
      <trkpt lat="44.613239" lon="-1.153470">
        <ele>17.521</ele>
        <time>2017-07-28T13:07:40Z</time>
      </trkpt>
      <trkpt lat="44.613123" lon="-1.153994">
        <ele>20.518</ele>
        <time>2017-07-28T13:08:00Z</time>
      </trkpt>
      <trkpt lat="44.612571" lon="-1.154670">
        <ele>27.498</ele>
        <time>2017-07-28T13:08:20Z</time>
      </trkpt>
      <trkpt lat="44.611329" lon="-1.155501">
        <ele>27.095</ele>
        <time>2017-07-28T13:08:40Z</time>
      </trkpt>
      <trkpt lat="44.609203" lon="-1.156714">
        <ele>19.087</ele>
        <time>2017-07-28T13:09:00Z</time>
      </trkpt>
      <trkpt lat="44.608808" lon="-1.156605">
        <ele>19.059</ele>
        <time>2017-07-28T13:09:20Z</time>
      </trkpt>
      <trkpt lat="44.608528" lon="-1.156831">
        <ele>18.403</ele>
        <time>2017-07-28T13:09:40Z</time>
      </trkpt>
      <trkpt lat="44.608389" lon="-1.157408">
        <ele>16.823</ele>
        <time>2017-07-28T13:10:00Z</time>
      </trkpt>
      <trkpt lat="44.607095" lon="-1.159153">
        <ele>20.508</ele>
        <time>2017-07-28T13:10:20Z</time>
      </trkpt>
      <trkpt lat="44.603769" lon="-1.165648">
        <ele>27.566</ele>
        <time>2017-07-28T13:10:40Z</time>
      </trkpt>
      <trkpt lat="44.603548" lon="-1.166677">
        <ele>27.283</ele>
        <time>2017-07-28T13:11:00Z</time>
      </trkpt>
      <trkpt lat="44.603715" lon="-1.169135">
        <ele>24.813</ele>
        <time>2017-07-28T13:11:20Z</time>
      </trkpt>
      <trkpt lat="44.603601" lon="-1.170003">
        <ele>25.160</ele>
        <time>2017-07-28T13:11:40Z</time>
      </trkpt>
      <trkpt lat="44.600852" lon="-1.175442">
        <ele>24.217</ele>
        <time>2017-07-28T13:12:00Z</time>
      </trkpt>
      <trkpt lat="44.600520" lon="-1.176599">
        <ele>23.297</ele>
        <time>2017-07-28T13:12:20Z</time>
      </trkpt>
      <trkpt lat="44.600712" lon="-1.183739">
        <ele>40.294</ele>
        <time>2017-07-28T13:12:40Z</time>
      </trkpt>
      <trkpt lat="44.600382" lon="-1.185006">
        <ele>40.496</ele>
        <time>2017-07-28T13:13:00Z</time>
      </trkpt>
      <trkpt lat="44.598816" lon="-1.188466">
        <ele>37.092</ele>
        <time>2017-07-28T13:13:20Z</time>
      </trkpt>
      <trkpt lat="44.598372" lon="-1.189923">
        <ele>34.673</ele>
        <time>2017-07-28T13:13:40Z</time>
      </trkpt>
      <trkpt lat="44.598201" lon="-1.191579">
        <ele>37.520</ele>
        <time>2017-07-28T13:14:00Z</time>
      </trkpt>
      <trkpt lat="44.598515" lon="-1.194742">
        <ele>35.308</ele>
        <time>2017-07-28T13:14:20Z</time>
      </trkpt>
      <trkpt lat="44.598285" lon="-1.196067">
        <ele>36.050</ele>
        <time>2017-07-28T13:14:40Z</time>
      </trkpt>
      <trkpt lat="44.597820" lon="-1.196399">
        <ele>37.087</ele>
        <time>2017-07-28T13:15:00Z</time>
      </trkpt>
      <trkpt lat="44.596154" lon="-1.195875">
        <ele>39.327</ele>
        <time>2017-07-28T13:15:20Z</time>
      </trkpt>
      <trkpt lat="44.594381" lon="-1.195690">
        <ele>36.484</ele>
        <time>2017-07-28T13:15:40Z</time>
      </trkpt>
      <trkpt lat="44.591901" lon="-1.196093">
        <ele>31.921</ele>
        <time>2017-07-28T13:16:00Z</time>
      </trkpt>
      <trkpt lat="44.591503" lon="-1.196290">
        <ele>31.261</ele>
        <time>2017-07-28T13:16:20Z</time>
      </trkpt>
      <trkpt lat="44.588843" lon="-1.199387">
        <ele>40.018</ele>
        <time>2017-07-28T13:16:40Z</time>
      </trkpt>
      <trkpt lat="44.588228" lon="-1.200671">
        <ele>39.110</ele>
        <time>2017-07-28T13:17:00Z</time>
      </trkpt>
      <trkpt lat="44.587491" lon="-1.203373">
        <ele>38.957</ele>
        <time>2017-07-28T13:17:20Z</time>
      </trkpt>
      <trkpt lat="44.585278" lon="-1.207858">
        <ele>35.000</ele>
        <time>2017-07-28T13:17:40Z</time>
      </trkpt>
      <trkpt lat="44.584305" lon="-1.209497">
        <ele>45.420</ele>
        <time>2017-07-28T13:18:00Z</time>
      </trkpt>
      <trkpt lat="44.582782" lon="-1.211338">
        <ele>59.108</ele>
        <time>2017-07-28T13:18:20Z</time>
      </trkpt>
      <trkpt lat="44.582227" lon="-1.211741">
        <ele>59.366</ele>
        <time>2017-07-28T13:18:40Z</time>
      </trkpt>
      <trkpt lat="44.580213" lon="-1.212505">
        <ele>64.043</ele>
        <time>2017-07-28T13:19:00Z</time>
      </trkpt>
      <trkpt lat="44.579394" lon="-1.212721">
        <ele>58.783</ele>
        <time>2017-07-28T13:19:20Z</time>
      </trkpt>
      <trkpt lat="44.577583" lon="-1.212764">
        <ele>60.140</ele>
        <time>2017-07-28T13:19:40Z</time>
      </trkpt>
      <trkpt lat="44.577043" lon="-1.212945">
        <ele>61.077</ele>
        <time>2017-07-28T13:20:00Z</time>
      </trkpt>
      <trkpt lat="44.576162" lon="-1.213623">
        <ele>63.017</ele>
        <time>2017-07-28T13:20:20Z</time>
      </trkpt>
      <trkpt lat="44.575664" lon="-1.214231">
        <ele>69.694</ele>
        <time>2017-07-28T13:20:40Z</time>
      </trkpt>
      <trkpt lat="44.574086" lon="-1.217040">
        <ele>60.746</ele>
        <time>2017-07-28T13:21:00Z</time>
      </trkpt>
      <trkpt lat="44.573002" lon="-1.218181">
        <ele>49.548</ele>
        <time>2017-07-28T13:21:20Z</time>
      </trkpt>
      <trkpt lat="44.572697" lon="-1.218775">
        <ele>47.361</ele>
        <time>2017-07-28T13:21:40Z</time>
      </trkpt>
      <trkpt lat="44.571332" lon="-1.224742">
        <ele>59.117</ele>
        <time>2017-07-28T13:22:00Z</time>
      </trkpt>
      <trkpt lat="44.571080" lon="-1.225470">
        <ele>54.508</ele>
        <time>2017-07-28T13:22:20Z</time>
      </trkpt>
      <trkpt lat="44.570625" lon="-1.226142">
        <ele>46.225</ele>
        <time>2017-07-28T13:22:40Z</time>
      </trkpt>
      <trkpt lat="44.568181" lon="-1.227337">
        <ele>26.042</ele>
        <time>2017-07-28T13:23:00Z</time>
      </trkpt>
      <trkpt lat="44.564713" lon="-1.232098">
        <ele>17.452</ele>
        <time>2017-07-28T13:23:20Z</time>
      </trkpt>
      <trkpt lat="44.561675" lon="-1.233817">
        <ele>27.419</ele>
        <time>2017-07-28T13:23:40Z</time>
      </trkpt>
      <trkpt lat="44.559542" lon="-1.235592">
        <ele>33.016</ele>
        <time>2017-07-28T13:24:00Z</time>
      </trkpt>
      <trkpt lat="44.558414" lon="-1.235884">
        <ele>34.176</ele>
        <time>2017-07-28T13:24:20Z</time>
      </trkpt>
      <trkpt lat="44.557162" lon="-1.235342">
        <ele>37.483</ele>
        <time>2017-07-28T13:24:40Z</time>
      </trkpt>
      <trkpt lat="44.556238" lon="-1.235181">
        <ele>34.855</ele>
        <time>2017-07-28T13:25:00Z</time>
      </trkpt>
      <trkpt lat="44.555806" lon="-1.235240">
        <ele>33.914</ele>
        <time>2017-07-28T13:25:20Z</time>
      </trkpt>
      <trkpt lat="44.554796" lon="-1.236188">
        <ele>37.054</ele>
        <time>2017-07-28T13:25:40Z</time>
      </trkpt>
      <trkpt lat="44.551913" lon="-1.237798">
        <ele>17.809</ele>
        <time>2017-07-28T13:26:00Z</time>
      </trkpt>
      <trkpt lat="44.551972" lon="-1.238058">
        <ele>19.208</ele>
        <time>2017-07-28T13:26:20Z</time>
      </trkpt>
      <trkpt lat="44.552193" lon="-1.238022">
        <ele>20.962</ele>
        <time>2017-07-28T13:26:40Z</time>
      </trkpt>
      <trkpt lat="44.553096" lon="-1.238432">
        <ele>21.649</ele>
        <time>2017-07-28T13:27:00Z</time>
      </trkpt>
      <trkpt lat="44.553396" lon="-1.238727">
        <ele>21.139</ele>
        <time>2017-07-28T13:27:20Z</time>
      </trkpt>
      <trkpt lat="44.554034" lon="-1.240209">
        <ele>15.096</ele>
        <time>2017-07-28T13:27:40Z</time>
      </trkpt>
      <trkpt lat="44.554134" lon="-1.241116">
        <ele>19.873</ele>
        <time>2017-07-28T13:28:00Z</time>
      </trkpt>
      <trkpt lat="44.553408" lon="-1.242623">
        <ele>16.163</ele>
        <time>2017-07-28T13:28:20Z</time>
      </trkpt>
      <trkpt lat="44.553088" lon="-1.244283">
        <ele>11.070</ele>
        <time>2017-07-28T13:28:40Z</time>
      </trkpt>
      <trkpt lat="44.552425" lon="-1.244665">
        <ele>9.632</ele>
        <time>2017-07-28T13:29:00Z</time>
      </trkpt>
      <trkpt lat="44.550722" lon="-1.246265">
        <ele>12.421</ele>
        <time>2017-07-28T13:29:20Z</time>
      </trkpt>
      <trkpt lat="44.550374" lon="-1.246274">
        <ele>17.941</ele>
        <time>2017-07-28T13:29:40Z</time>
      </trkpt>
      <trkpt lat="44.549796" lon="-1.245800">
        <ele>20.905</ele>
        <time>2017-07-28T13:30:00Z</time>
      </trkpt>
      <trkpt lat="44.549591" lon="-1.245050">
        <ele>19.108</ele>
        <time>2017-07-28T13:30:20Z</time>
      </trkpt>
      <trkpt lat="44.549555" lon="-1.244185">
        <ele>19.273</ele>
        <time>2017-07-28T13:30:40Z</time>
      </trkpt>
      <trkpt lat="44.549461" lon="-1.243920">
        <ele>19.950</ele>
        <time>2017-07-28T13:31:00Z</time>
      </trkpt>
      <trkpt lat="44.549275" lon="-1.243879">
        <ele>20.020</ele>
        <time>2017-07-28T13:31:20Z</time>
      </trkpt>
      <trkpt lat="44.548690" lon="-1.244309">
        <ele>16.417</ele>
        <time>2017-07-28T13:31:40Z</time>
      </trkpt>
      <trkpt lat="44.547987" lon="-1.244567">
        <ele>16.464</ele>
        <time>2017-07-28T13:32:00Z</time>
      </trkpt>
      <trkpt lat="44.547843" lon="-1.245695">
        <ele>16.994</ele>
        <time>2017-07-28T13:32:20Z</time>
      </trkpt>
      <trkpt lat="44.547115" lon="-1.246379">
        <ele>18.011</ele>
        <time>2017-07-28T13:32:40Z</time>
      </trkpt>
      <trkpt lat="44.546817" lon="-1.247825">
        <ele>12.813</ele>
        <time>2017-07-28T13:33:00Z</time>
      </trkpt>
      <trkpt lat="44.546235" lon="-1.248145">
        <ele>11.797</ele>
        <time>2017-07-28T13:33:20Z</time>
      </trkpt>
      <trkpt lat="44.544704" lon="-1.248366">
        <ele>13.123</ele>
        <time>2017-07-28T13:33:40Z</time>
      </trkpt>
      <trkpt lat="44.543270" lon="-1.248759">
        <ele>14.225</ele>
        <time>2017-07-28T13:34:00Z</time>
      </trkpt>
      <trkpt lat="44.541871" lon="-1.248474">
        <ele>12.308</ele>
        <time>2017-07-28T13:34:20Z</time>
      </trkpt>
      <trkpt lat="44.540738" lon="-1.248570">
        <ele>13.710</ele>
        <time>2017-07-28T13:34:40Z</time>
      </trkpt>
      <trkpt lat="44.538362" lon="-1.249162">
        <ele>13.977</ele>
        <time>2017-07-28T13:35:00Z</time>
      </trkpt>
      <trkpt lat="44.536768" lon="-1.249443">
        <ele>13.447</ele>
        <time>2017-07-28T13:35:20Z</time>
      </trkpt>
      <trkpt lat="44.535910" lon="-1.249402">
        <ele>13.164</ele>
        <time>2017-07-28T13:35:40Z</time>
      </trkpt>
      <trkpt lat="44.534929" lon="-1.249741">
        <ele>12.721</ele>
        <time>2017-07-28T13:36:00Z</time>
      </trkpt>
      <trkpt lat="44.534063" lon="-1.249832">
        <ele>10.451</ele>
        <time>2017-07-28T13:36:20Z</time>
      </trkpt>
      <trkpt lat="44.532580" lon="-1.249749">
        <ele>11.098</ele>
        <time>2017-07-28T13:36:40Z</time>
      </trkpt>
      <trkpt lat="44.531350" lon="-1.249437">
        <ele>11.060</ele>
        <time>2017-07-28T13:37:00Z</time>
      </trkpt>
      <trkpt lat="44.530458" lon="-1.249633">
        <ele>9.713</ele>
        <time>2017-07-28T13:37:20Z</time>
      </trkpt>
      <trkpt lat="44.528052" lon="-1.249705">
        <ele>9.043</ele>
        <time>2017-07-28T13:37:40Z</time>
      </trkpt>
      <trkpt lat="44.527629" lon="-1.249358">
        <ele>9.407</ele>
        <time>2017-07-28T13:38:00Z</time>
      </trkpt>
      <trkpt lat="44.527427" lon="-1.247552">
        <ele>12.408</ele>
        <time>2017-07-28T13:38:20Z</time>
      </trkpt>
      <trkpt lat="44.526760" lon="-1.245795">
        <ele>18.852</ele>
        <time>2017-07-28T13:38:40Z</time>
      </trkpt>
      <trkpt lat="44.522307" lon="-1.245383">
        <ele>19.389</ele>
        <time>2017-07-28T13:39:00Z</time>
      </trkpt>
      <trkpt lat="44.521664" lon="-1.244828">
        <ele>19.679</ele>
        <time>2017-07-28T13:39:20Z</time>
      </trkpt>
      <trkpt lat="44.521325" lon="-1.244801">
        <ele>20.036</ele>
        <time>2017-07-28T13:39:40Z</time>
      </trkpt>
      <trkpt lat="44.519615" lon="-1.244058">
        <ele>16.423</ele>
        <time>2017-07-28T13:40:00Z</time>
      </trkpt>
      <trkpt lat="44.518263" lon="-1.243166">
        <ele>12.183</ele>
        <time>2017-07-28T13:40:20Z</time>
      </trkpt>
      <trkpt lat="44.517453" lon="-1.236599">
        <ele>14.010</ele>
        <time>2017-07-28T13:40:40Z</time>
      </trkpt>
      <trkpt lat="44.517254" lon="-1.235495">
        <ele>12.372</ele>
        <time>2017-07-28T13:41:00Z</time>
      </trkpt>
      <trkpt lat="44.516966" lon="-1.235067">
        <ele>13.793</ele>
        <time>2017-07-28T13:41:20Z</time>
      </trkpt>
      <trkpt lat="44.516109" lon="-1.234942">
        <ele>25.065</ele>
        <time>2017-07-28T13:41:40Z</time>
      </trkpt>
      <trkpt lat="44.515064" lon="-1.235186">
        <ele>25.921</ele>
        <time>2017-07-28T13:42:00Z</time>
      </trkpt>
      <trkpt lat="44.514421" lon="-1.234876">
        <ele>23.608</ele>
        <time>2017-07-28T13:42:20Z</time>
      </trkpt>
      <trkpt lat="44.513663" lon="-1.234000">
        <ele>16.520</ele>
        <time>2017-07-28T13:42:40Z</time>
      </trkpt>
      <trkpt lat="44.513236" lon="-1.233771">
        <ele>15.077</ele>
        <time>2017-07-28T13:43:00Z</time>
      </trkpt>
      <trkpt lat="44.511782" lon="-1.234150">
        <ele>17.797</ele>
        <time>2017-07-28T13:43:20Z</time>
      </trkpt>
      <trkpt lat="44.510712" lon="-1.233571">
        <ele>15.774</ele>
        <time>2017-07-28T13:43:40Z</time>
      </trkpt>
      <trkpt lat="44.509386" lon="-1.233332">
        <ele>15.261</ele>
        <time>2017-07-28T13:44:00Z</time>
      </trkpt>
      <trkpt lat="44.507094" lon="-1.233604">
        <ele>15.061</ele>
        <time>2017-07-28T13:44:20Z</time>
      </trkpt>
      <trkpt lat="44.506216" lon="-1.233876">
        <ele>15.618</ele>
        <time>2017-07-28T13:44:40Z</time>
      </trkpt>
      <trkpt lat="44.505437" lon="-1.234346">
        <ele>14.920</ele>
        <time>2017-07-28T13:45:00Z</time>
      </trkpt>
      <trkpt lat="44.504346" lon="-1.234374">
        <ele>16.915</ele>
        <time>2017-07-28T13:45:20Z</time>
      </trkpt>
      <trkpt lat="44.503190" lon="-1.234152">
        <ele>16.565</ele>
        <time>2017-07-28T13:45:40Z</time>
      </trkpt>
      <trkpt lat="44.502609" lon="-1.233719">
        <ele>15.611</ele>
        <time>2017-07-28T13:46:00Z</time>
      </trkpt>
      <trkpt lat="44.501554" lon="-1.233471">
        <ele>15.508</ele>
        <time>2017-07-28T13:46:20Z</time>
      </trkpt>
      <trkpt lat="44.500201" lon="-1.233442">
        <ele>14.982</ele>
        <time>2017-07-28T13:46:40Z</time>
      </trkpt>
      <trkpt lat="44.499428" lon="-1.233614">
        <ele>16.089</ele>
        <time>2017-07-28T13:47:00Z</time>
      </trkpt>
      <trkpt lat="44.498359" lon="-1.232527">
        <ele>18.129</ele>
        <time>2017-07-28T13:47:20Z</time>
      </trkpt>
      <trkpt lat="44.497453" lon="-1.232522">
        <ele>17.146</ele>
        <time>2017-07-28T13:47:40Z</time>
      </trkpt>
      <trkpt lat="44.496525" lon="-1.232777">
        <ele>19.093</ele>
        <time>2017-07-28T13:48:00Z</time>
      </trkpt>
      <trkpt lat="44.496089" lon="-1.232387">
        <ele>21.073</ele>
        <time>2017-07-28T13:48:20Z</time>
      </trkpt>
      <trkpt lat="44.495684" lon="-1.232461">
        <ele>20.350</ele>
        <time>2017-07-28T13:48:40Z</time>
      </trkpt>
      <trkpt lat="44.494839" lon="-1.232993">
        <ele>21.272</ele>
        <time>2017-07-28T13:49:00Z</time>
      </trkpt>
      <trkpt lat="44.494515" lon="-1.233487">
        <ele>21.052</ele>
        <time>2017-07-28T13:49:20Z</time>
      </trkpt>
      <trkpt lat="44.493865" lon="-1.235289">
        <ele>20.053</ele>
        <time>2017-07-28T13:49:40Z</time>
      </trkpt>
      <trkpt lat="44.493561" lon="-1.235516">
        <ele>19.108</ele>
        <time>2017-07-28T13:50:00Z</time>
      </trkpt>
      <trkpt lat="44.491732" lon="-1.235556">
        <ele>18.008</ele>
        <time>2017-07-28T13:50:20Z</time>
      </trkpt>
      <trkpt lat="44.489720" lon="-1.235859">
        <ele>15.996</ele>
        <time>2017-07-28T13:50:40Z</time>
      </trkpt>
      <trkpt lat="44.484802" lon="-1.236145">
        <ele>15.963</ele>
        <time>2017-07-28T13:51:00Z</time>
      </trkpt>
      <trkpt lat="44.481691" lon="-1.235661">
        <ele>16.713</ele>
        <time>2017-07-28T13:51:20Z</time>
      </trkpt>
      <trkpt lat="44.481155" lon="-1.235098">
        <ele>16.250</ele>
        <time>2017-07-28T13:51:40Z</time>
      </trkpt>
      <trkpt lat="44.480348" lon="-1.234578">
        <ele>14.847</ele>
        <time>2017-07-28T13:52:00Z</time>
      </trkpt>
      <trkpt lat="44.478449" lon="-1.234293">
        <ele>15.177</ele>
        <time>2017-07-28T13:52:20Z</time>
      </trkpt>
      <trkpt lat="44.477978" lon="-1.234326">
        <ele>17.014</ele>
        <time>2017-07-28T13:52:40Z</time>
      </trkpt>
      <trkpt lat="44.477296" lon="-1.234775">
        <ele>16.626</ele>
        <time>2017-07-28T13:53:00Z</time>
      </trkpt>
      <trkpt lat="44.475896" lon="-1.234605">
        <ele>18.031</ele>
        <time>2017-07-28T13:53:20Z</time>
      </trkpt>
      <trkpt lat="44.473354" lon="-1.235115">
        <ele>17.561</ele>
        <time>2017-07-28T13:53:40Z</time>
      </trkpt>
      <trkpt lat="44.471807" lon="-1.234900">
        <ele>17.507</ele>
        <time>2017-07-28T13:54:00Z</time>
      </trkpt>
      <trkpt lat="44.471228" lon="-1.235776">
        <ele>20.508</ele>
        <time>2017-07-28T13:54:20Z</time>
      </trkpt>
      <trkpt lat="44.470937" lon="-1.235790">
        <ele>19.584</ele>
        <time>2017-07-28T13:54:40Z</time>
      </trkpt>
      <trkpt lat="44.468931" lon="-1.238093">
        <ele>23.091</ele>
        <time>2017-07-28T13:55:00Z</time>
      </trkpt>
      <trkpt lat="44.467755" lon="-1.238773">
        <ele>21.631</ele>
        <time>2017-07-28T13:55:20Z</time>
      </trkpt>
      <trkpt lat="44.466774" lon="-1.239809">
        <ele>21.068</ele>
        <time>2017-07-28T13:55:40Z</time>
      </trkpt>
      <trkpt lat="44.465568" lon="-1.240656">
        <ele>24.455</ele>
        <time>2017-07-28T13:56:00Z</time>
      </trkpt>
      <trkpt lat="44.464916" lon="-1.240537">
        <ele>25.075</ele>
        <time>2017-07-28T13:56:20Z</time>
      </trkpt>
      <trkpt lat="44.464173" lon="-1.240798">
        <ele>25.952</ele>
        <time>2017-07-28T13:56:40Z</time>
      </trkpt>
      <trkpt lat="44.463913" lon="-1.242069">
        <ele>20.624</ele>
        <time>2017-07-28T13:57:00Z</time>
      </trkpt>
      <trkpt lat="44.461693" lon="-1.242813">
        <ele>23.061</ele>
        <time>2017-07-28T13:57:20Z</time>
      </trkpt>
      <trkpt lat="44.460522" lon="-1.243690">
        <ele>20.621</ele>
        <time>2017-07-28T13:57:40Z</time>
      </trkpt>
      <trkpt lat="44.459671" lon="-1.244640">
        <ele>18.913</ele>
        <time>2017-07-28T13:58:00Z</time>
      </trkpt>
      <trkpt lat="44.459142" lon="-1.244848">
        <ele>20.008</ele>
        <time>2017-07-28T13:58:20Z</time>
      </trkpt>
      <trkpt lat="44.458851" lon="-1.244729">
        <ele>19.997</ele>
        <time>2017-07-28T13:58:40Z</time>
      </trkpt>
      <trkpt lat="44.458469" lon="-1.244260">
        <ele>18.874</ele>
        <time>2017-07-28T13:59:00Z</time>
      </trkpt>
      <trkpt lat="44.457713" lon="-1.242133">
        <ele>19.754</ele>
        <time>2017-07-28T13:59:20Z</time>
      </trkpt>
      <trkpt lat="44.456894" lon="-1.240717">
        <ele>18.641</ele>
        <time>2017-07-28T13:59:40Z</time>
      </trkpt>
      <trkpt lat="44.456682" lon="-1.240709">
        <ele>18.658</ele>
        <time>2017-07-28T14:00:00Z</time>
      </trkpt>
      <trkpt lat="44.456527" lon="-1.241073">
        <ele>18.188</ele>
        <time>2017-07-28T14:00:20Z</time>
      </trkpt>
      <trkpt lat="44.456230" lon="-1.241250">
        <ele>16.975</ele>
        <time>2017-07-28T14:00:40Z</time>
      </trkpt>
      <trkpt lat="44.453808" lon="-1.242420">
        <ele>17.887</ele>
        <time>2017-07-28T14:01:00Z</time>
      </trkpt>
      <trkpt lat="44.453488" lon="-1.242440">
        <ele>18.023</ele>
        <time>2017-07-28T14:01:20Z</time>
      </trkpt>
      <trkpt lat="44.452895" lon="-1.241269">
        <ele>20.283</ele>
        <time>2017-07-28T14:01:40Z</time>
      </trkpt>
      <trkpt lat="44.452224" lon="-1.239449">
        <ele>21.011</ele>
        <time>2017-07-28T14:02:00Z</time>
      </trkpt>
      <trkpt lat="44.452033" lon="-1.239309">
        <ele>19.608</ele>
        <time>2017-07-28T14:02:20Z</time>
      </trkpt>
      <trkpt lat="44.451225" lon="-1.242209">
        <ele>16.043</ele>
        <time>2017-07-28T14:02:40Z</time>
      </trkpt>
      <trkpt lat="44.450498" lon="-1.243367">
        <ele>21.110</ele>
        <time>2017-07-28T14:03:00Z</time>
      </trkpt>
      <trkpt lat="44.449971" lon="-1.243908">
        <ele>21.890</ele>
        <time>2017-07-28T14:03:20Z</time>
      </trkpt>
      <trkpt lat="44.449285" lon="-1.244407">
        <ele>16.887</ele>
        <time>2017-07-28T14:03:40Z</time>
      </trkpt>
      <trkpt lat="44.445422" lon="-1.246441">
        <ele>15.254</ele>
        <time>2017-07-28T14:04:00Z</time>
      </trkpt>
      <trkpt lat="44.444949" lon="-1.246436">
        <ele>16.294</ele>
        <time>2017-07-28T14:04:20Z</time>
      </trkpt>
      <trkpt lat="44.444823" lon="-1.246730">
        <ele>17.021</ele>
        <time>2017-07-28T14:04:40Z</time>
      </trkpt>
      <trkpt lat="44.443753" lon="-1.247313">
        <ele>14.793</ele>
        <time>2017-07-28T14:05:00Z</time>
      </trkpt>
      <trkpt lat="44.443631" lon="-1.247725">
        <ele>11.482</ele>
        <time>2017-07-28T14:05:20Z</time>
      </trkpt>
      <trkpt lat="44.444353" lon="-1.250096">
        <ele>11.443</ele>
        <time>2017-07-28T14:05:40Z</time>
      </trkpt>
      <trkpt lat="44.443918" lon="-1.250419">
        <ele>10.917</ele>
        <time>2017-07-28T14:06:00Z</time>
      </trkpt>
      <trkpt lat="44.444114" lon="-1.250926">
        <ele>9.508</ele>
        <time>2017-07-28T14:06:20Z</time>
      </trkpt>
      <trkpt lat="44.443984" lon="-1.250759">
        <ele>9.949</ele>
        <time>2017-07-28T14:06:40Z</time>
      </trkpt>
      <trkpt lat="44.444062" lon="-1.250534">
        <ele>10.456</ele>
        <time>2017-07-28T14:07:00Z</time>
      </trkpt>
      <trkpt lat="44.444014" lon="-1.250794">
        <ele>9.746</ele>
        <time>2017-07-28T14:07:20Z</time>
      </trkpt>
      <trkpt lat="44.443963" lon="-1.250675">
        <ele>10.383</ele>
        <time>2017-07-28T14:07:40Z</time>
      </trkpt>
      <trkpt lat="44.443994" lon="-1.250546">
        <ele>10.690</ele>
        <time>2017-07-28T14:08:00Z</time>
      </trkpt>
      <trkpt lat="44.444233" lon="-1.251418">
        <ele>10.870</ele>
        <time>2017-07-28T14:08:20Z</time>
      </trkpt>
      <trkpt lat="44.444653" lon="-1.248786">
        <ele>13.577</ele>
        <time>2017-07-28T14:08:40Z</time>
      </trkpt>
      <trkpt lat="44.444293" lon="-1.248455">
        <ele>13.919</ele>
        <time>2017-07-28T14:09:00Z</time>
      </trkpt>
      <trkpt lat="44.444180" lon="-1.248708">
        <ele>14.098</ele>
        <time>2017-07-28T14:09:20Z</time>
      </trkpt>
      <trkpt lat="44.444330" lon="-1.250115">
        <ele>11.315</ele>
        <time>2017-07-28T14:09:40Z</time>
      </trkpt>
      <trkpt lat="44.444082" lon="-1.250242">
        <ele>11.126</ele>
        <time>2017-07-28T14:10:00Z</time>
      </trkpt>
      <trkpt lat="44.444365" lon="-1.251339">
        <ele>10.108</ele>
        <time>2017-07-28T14:10:20Z</time>
      </trkpt>
      <trkpt lat="44.444640" lon="-1.251176">
        <ele>9.160</ele>
        <time>2017-07-28T14:10:40Z</time>
      </trkpt>
      <trkpt lat="44.444863" lon="-1.250557">
        <ele>9.587</ele>
        <time>2017-07-28T14:11:00Z</time>
      </trkpt>
      <trkpt lat="44.444782" lon="-1.249669">
        <ele>11.037</ele>
        <time>2017-07-28T14:11:20Z</time>
      </trkpt>
      <trkpt lat="44.444448" lon="-1.248577">
        <ele>14.194</ele>
        <time>2017-07-28T14:11:40Z</time>
      </trkpt>
      <trkpt lat="44.443980" lon="-1.248779">
        <ele>13.391</ele>
        <time>2017-07-28T14:12:00Z</time>
      </trkpt>
      <trkpt lat="44.443563" lon="-1.247576">
        <ele>12.551</ele>
        <time>2017-07-28T14:12:20Z</time>
      </trkpt>
      <trkpt lat="44.443462" lon="-1.247513">
        <ele>13.068</ele>
        <time>2017-07-28T14:12:40Z</time>
      </trkpt>
      <trkpt lat="44.443079" lon="-1.247760">
        <ele>13.950</ele>
        <time>2017-07-28T14:13:00Z</time>
      </trkpt>
      <trkpt lat="44.443007" lon="-1.247648">
        <ele>13.911</ele>
        <time>2017-07-28T14:13:20Z</time>
      </trkpt>
      <trkpt lat="44.441564" lon="-1.242923">
        <ele>18.521</ele>
        <time>2017-07-28T14:13:40Z</time>
      </trkpt>
      <trkpt lat="44.441757" lon="-1.242335">
        <ele>16.803</ele>
        <time>2017-07-28T14:14:00Z</time>
      </trkpt>
      <trkpt lat="44.440485" lon="-1.240031">
        <ele>21.408</ele>
        <time>2017-07-28T14:14:20Z</time>
      </trkpt>
      <trkpt lat="44.440261" lon="-1.239275">
        <ele>21.582</ele>
        <time>2017-07-28T14:14:40Z</time>
      </trkpt>
      <trkpt lat="44.439637" lon="-1.238108">
        <ele>21.199</ele>
        <time>2017-07-28T14:15:00Z</time>
      </trkpt>
      <trkpt lat="44.439556" lon="-1.236822">
        <ele>21.479</ele>
        <time>2017-07-28T14:15:20Z</time>
      </trkpt>
      <trkpt lat="44.439817" lon="-1.236649">
        <ele>22.376</ele>
        <time>2017-07-28T14:15:40Z</time>
      </trkpt>
      <trkpt lat="44.439608" lon="-1.236824">
        <ele>21.723</ele>
        <time>2017-07-28T14:16:00Z</time>
      </trkpt>
      <trkpt lat="44.439400" lon="-1.236659">
        <ele>19.883</ele>
        <time>2017-07-28T14:16:20Z</time>
      </trkpt>
      <trkpt lat="44.438500" lon="-1.235427">
        <ele>17.670</ele>
        <time>2017-07-28T14:16:40Z</time>
      </trkpt>
      <trkpt lat="44.438030" lon="-1.233865">
        <ele>18.072</ele>
        <time>2017-07-28T14:17:00Z</time>
      </trkpt>
      <trkpt lat="44.437615" lon="-1.232996">
        <ele>23.248</ele>
        <time>2017-07-28T14:17:20Z</time>
      </trkpt>
      <trkpt lat="44.437566" lon="-1.231926">
        <ele>30.661</ele>
        <time>2017-07-28T14:17:40Z</time>
      </trkpt>
      <trkpt lat="44.437831" lon="-1.231775">
        <ele>31.717</ele>
        <time>2017-07-28T14:18:00Z</time>
      </trkpt>
      <trkpt lat="44.438010" lon="-1.231438">
        <ele>32.708</ele>
        <time>2017-07-28T14:18:20Z</time>
      </trkpt>
      <trkpt lat="44.438461" lon="-1.230000">
        <ele>36.045</ele>
        <time>2017-07-28T14:18:40Z</time>
      </trkpt>
      <trkpt lat="44.438095" lon="-1.228884">
        <ele>43.012</ele>
        <time>2017-07-28T14:19:00Z</time>
      </trkpt>
      <trkpt lat="44.437964" lon="-1.227808">
        <ele>39.812</ele>
        <time>2017-07-28T14:19:20Z</time>
      </trkpt>
      <trkpt lat="44.438366" lon="-1.227326">
        <ele>42.739</ele>
        <time>2017-07-28T14:19:40Z</time>
      </trkpt>
      <trkpt lat="44.438603" lon="-1.226557">
        <ele>44.586</ele>
        <time>2017-07-28T14:20:00Z</time>
      </trkpt>
      <trkpt lat="44.438784" lon="-1.226416">
        <ele>45.316</ele>
        <time>2017-07-28T14:20:20Z</time>
      </trkpt>
      <trkpt lat="44.439740" lon="-1.227172">
        <ele>51.053</ele>
        <time>2017-07-28T14:20:40Z</time>
      </trkpt>
      <trkpt lat="44.439953" lon="-1.226978">
        <ele>51.945</ele>
        <time>2017-07-28T14:21:00Z</time>
      </trkpt>
      <trkpt lat="44.440143" lon="-1.227018">
        <ele>52.861</ele>
        <time>2017-07-28T14:21:20Z</time>
      </trkpt>
      <trkpt lat="44.440624" lon="-1.227935">
        <ele>52.921</ele>
        <time>2017-07-28T14:21:40Z</time>
      </trkpt>
      <trkpt lat="44.440850" lon="-1.228079">
        <ele>50.813</ele>
        <time>2017-07-28T14:22:00Z</time>
      </trkpt>
      <trkpt lat="44.442181" lon="-1.227566">
        <ele>45.708</ele>
        <time>2017-07-28T14:22:20Z</time>
      </trkpt>
      <trkpt lat="44.443192" lon="-1.227941">
        <ele>48.617</ele>
        <time>2017-07-28T14:22:40Z</time>
      </trkpt>
      <trkpt lat="44.445142" lon="-1.226155">
        <ele>49.744</ele>
        <time>2017-07-28T14:23:00Z</time>
      </trkpt>
      <trkpt lat="44.445865" lon="-1.222692">
        <ele>55.334</ele>
        <time>2017-07-28T14:23:20Z</time>
      </trkpt>
      <trkpt lat="44.445906" lon="-1.221010">
        <ele>66.761</ele>
        <time>2017-07-28T14:23:40Z</time>
      </trkpt>
      <trkpt lat="44.446094" lon="-1.220455">
        <ele>69.938</ele>
        <time>2017-07-28T14:24:00Z</time>
      </trkpt>
      <trkpt lat="44.447104" lon="-1.219763">
        <ele>69.668</ele>
        <time>2017-07-28T14:24:20Z</time>
      </trkpt>
      <trkpt lat="44.447415" lon="-1.219386">
        <ele>67.565</ele>
        <time>2017-07-28T14:24:40Z</time>
      </trkpt>
      <trkpt lat="44.448055" lon="-1.219372">
        <ele>65.077</ele>
        <time>2017-07-28T14:25:00Z</time>
      </trkpt>
      <trkpt lat="44.448644" lon="-1.218783">
        <ele>57.725</ele>
        <time>2017-07-28T14:25:20Z</time>
      </trkpt>
      <trkpt lat="44.448809" lon="-1.218287">
        <ele>51.826</ele>
        <time>2017-07-28T14:25:40Z</time>
      </trkpt>
      <trkpt lat="44.448185" lon="-1.217533">
        <ele>43.008</ele>
        <time>2017-07-28T14:26:00Z</time>
      </trkpt>
      <trkpt lat="44.446967" lon="-1.217032">
        <ele>31.808</ele>
        <time>2017-07-28T14:26:20Z</time>
      </trkpt>
      <trkpt lat="44.446554" lon="-1.216498">
        <ele>29.243</ele>
        <time>2017-07-28T14:26:40Z</time>
      </trkpt>
      <trkpt lat="44.446124" lon="-1.216235">
        <ele>30.720</ele>
        <time>2017-07-28T14:27:00Z</time>
      </trkpt>
      <trkpt lat="44.446105" lon="-1.215417">
        <ele>33.580</ele>
        <time>2017-07-28T14:27:20Z</time>
      </trkpt>
      <trkpt lat="44.446963" lon="-1.215596">
        <ele>33.937</ele>
        <time>2017-07-28T14:27:40Z</time>
      </trkpt>
      <trkpt lat="44.447705" lon="-1.215553">
        <ele>39.344</ele>
        <time>2017-07-28T14:28:00Z</time>
      </trkpt>
      <trkpt lat="44.448431" lon="-1.215288">
        <ele>43.254</ele>
        <time>2017-07-28T14:28:20Z</time>
      </trkpt>
      <trkpt lat="44.448798" lon="-1.214881">
        <ele>46.961</ele>
        <time>2017-07-28T14:28:40Z</time>
      </trkpt>
      <trkpt lat="44.450009" lon="-1.214652">
        <ele>41.473</ele>
        <time>2017-07-28T14:29:00Z</time>
      </trkpt>
      <trkpt lat="44.450697" lon="-1.213582">
        <ele>48.817</ele>
        <time>2017-07-28T14:29:20Z</time>
      </trkpt>
      <trkpt lat="44.451073" lon="-1.213363">
        <ele>50.587</ele>
        <time>2017-07-28T14:29:40Z</time>
      </trkpt>
      <trkpt lat="44.452620" lon="-1.211630">
        <ele>38.015</ele>
        <time>2017-07-28T14:30:00Z</time>
      </trkpt>
      <trkpt lat="44.452972" lon="-1.210625">
        <ele>41.308</ele>
        <time>2017-07-28T14:30:20Z</time>
      </trkpt>
      <trkpt lat="44.453469" lon="-1.210731">
        <ele>42.782</ele>
        <time>2017-07-28T14:30:40Z</time>
      </trkpt>
      <trkpt lat="44.454034" lon="-1.210595">
        <ele>45.259</ele>
        <time>2017-07-28T14:31:00Z</time>
      </trkpt>
      <trkpt lat="44.454578" lon="-1.211148">
        <ele>45.689</ele>
        <time>2017-07-28T14:31:20Z</time>
      </trkpt>
      <trkpt lat="44.455130" lon="-1.211413">
        <ele>46.896</ele>
        <time>2017-07-28T14:31:40Z</time>
      </trkpt>
      <trkpt lat="44.455537" lon="-1.211215">
        <ele>49.693</ele>
        <time>2017-07-28T14:32:00Z</time>
      </trkpt>
      <trkpt lat="44.455956" lon="-1.212579">
        <ele>41.683</ele>
        <time>2017-07-28T14:32:20Z</time>
      </trkpt>
      <trkpt lat="44.456082" lon="-1.212570">
        <ele>42.120</ele>
        <time>2017-07-28T14:32:40Z</time>
      </trkpt>
      <trkpt lat="44.456565" lon="-1.211861">
        <ele>45.942</ele>
        <time>2017-07-28T14:33:00Z</time>
      </trkpt>
      <trkpt lat="44.457438" lon="-1.212138">
        <ele>44.138</ele>
        <time>2017-07-28T14:33:20Z</time>
      </trkpt>
      <trkpt lat="44.457761" lon="-1.211988">
        <ele>43.870</ele>
        <time>2017-07-28T14:33:40Z</time>
      </trkpt>
      <trkpt lat="44.458184" lon="-1.211257">
        <ele>41.317</ele>
        <time>2017-07-28T14:34:00Z</time>
      </trkpt>
      <trkpt lat="44.458661" lon="-1.209954">
        <ele>43.208</ele>
        <time>2017-07-28T14:34:20Z</time>
      </trkpt>
      <trkpt lat="44.458765" lon="-1.208447">
        <ele>48.634</ele>
        <time>2017-07-28T14:34:40Z</time>
      </trkpt>
      <trkpt lat="44.457141" lon="-1.204402">
        <ele>44.381</ele>
        <time>2017-07-28T14:35:00Z</time>
      </trkpt>
      <trkpt lat="44.456999" lon="-1.202939">
        <ele>38.971</ele>
        <time>2017-07-28T14:35:20Z</time>
      </trkpt>
      <trkpt lat="44.456660" lon="-1.201749">
        <ele>31.358</ele>
        <time>2017-07-28T14:35:40Z</time>
      </trkpt>
      <trkpt lat="44.456166" lon="-1.201074">
        <ele>29.615</ele>
        <time>2017-07-28T14:36:00Z</time>
      </trkpt>
      <trkpt lat="44.454975" lon="-1.200477">
        <ele>27.965</ele>
        <time>2017-07-28T14:36:20Z</time>
      </trkpt>
      <trkpt lat="44.453694" lon="-1.199396">
        <ele>25.842</ele>
        <time>2017-07-28T14:36:40Z</time>
      </trkpt>
      <trkpt lat="44.451464" lon="-1.198020">
        <ele>24.344</ele>
        <time>2017-07-28T14:37:00Z</time>
      </trkpt>
      <trkpt lat="44.449713" lon="-1.197164">
        <ele>24.833</ele>
        <time>2017-07-28T14:37:20Z</time>
      </trkpt>
      <trkpt lat="44.449054" lon="-1.197025">
        <ele>23.323</ele>
        <time>2017-07-28T14:37:40Z</time>
      </trkpt>
      <trkpt lat="44.448023" lon="-1.196315">
        <ele>29.915</ele>
        <time>2017-07-28T14:38:00Z</time>
      </trkpt>
      <trkpt lat="44.447416" lon="-1.196132">
        <ele>30.708</ele>
        <time>2017-07-28T14:38:20Z</time>
      </trkpt>
      <trkpt lat="44.446122" lon="-1.194703">
        <ele>30.614</ele>
        <time>2017-07-28T14:38:40Z</time>
      </trkpt>
      <trkpt lat="44.444930" lon="-1.194266">
        <ele>28.521</ele>
        <time>2017-07-28T14:39:00Z</time>
      </trkpt>
      <trkpt lat="44.444635" lon="-1.194390">
        <ele>31.291</ele>
        <time>2017-07-28T14:39:20Z</time>
      </trkpt>
      <trkpt lat="44.444614" lon="-1.195878">
        <ele>30.058</ele>
        <time>2017-07-28T14:39:40Z</time>
      </trkpt>
      <trkpt lat="44.444947" lon="-1.196519">
        <ele>30.665</ele>
        <time>2017-07-28T14:40:00Z</time>
      </trkpt>
      <trkpt lat="44.444652" lon="-1.196227">
        <ele>29.715</ele>
        <time>2017-07-28T14:40:20Z</time>
      </trkpt>
      <trkpt lat="44.444589" lon="-1.195947">
        <ele>30.022</ele>
        <time>2017-07-28T14:40:40Z</time>
      </trkpt>
      <trkpt lat="44.444345" lon="-1.196128">
        <ele>31.154</ele>
        <time>2017-07-28T14:41:00Z</time>
      </trkpt>
      <trkpt lat="44.443439" lon="-1.195482">
        <ele>37.734</ele>
        <time>2017-07-28T14:41:20Z</time>
      </trkpt>
      <trkpt lat="44.442443" lon="-1.195089">
        <ele>35.755</ele>
        <time>2017-07-28T14:41:40Z</time>
      </trkpt>
      <trkpt lat="44.441740" lon="-1.195031">
        <ele>35.110</ele>
        <time>2017-07-28T14:42:00Z</time>
      </trkpt>
      <trkpt lat="44.441255" lon="-1.195279">
        <ele>37.008</ele>
        <time>2017-07-28T14:42:20Z</time>
      </trkpt>
      <trkpt lat="44.441030" lon="-1.194417">
        <ele>32.954</ele>
        <time>2017-07-28T14:42:40Z</time>
      </trkpt>
      <trkpt lat="44.440540" lon="-1.193865">
        <ele>27.921</ele>
        <time>2017-07-28T14:43:00Z</time>
      </trkpt>
      <trkpt lat="44.440083" lon="-1.192942">
        <ele>23.931</ele>
        <time>2017-07-28T14:43:20Z</time>
      </trkpt>
      <trkpt lat="44.439633" lon="-1.192981">
        <ele>24.388</ele>
        <time>2017-07-28T14:43:40Z</time>
      </trkpt>
      <trkpt lat="44.439442" lon="-1.192801">
        <ele>25.025</ele>
        <time>2017-07-28T14:44:00Z</time>
      </trkpt>
      <trkpt lat="44.439077" lon="-1.191880">
        <ele>25.915</ele>
        <time>2017-07-28T14:44:20Z</time>
      </trkpt>
      <trkpt lat="44.438025" lon="-1.190186">
        <ele>27.742</ele>
        <time>2017-07-28T14:44:40Z</time>
      </trkpt>
      <trkpt lat="44.435403" lon="-1.187511">
        <ele>28.264</ele>
        <time>2017-07-28T14:45:00Z</time>
      </trkpt>
      <trkpt lat="44.434860" lon="-1.187397">
        <ele>29.836</ele>
        <time>2017-07-28T14:45:20Z</time>
      </trkpt>
      <trkpt lat="44.434418" lon="-1.187111">
        <ele>28.517</ele>
        <time>2017-07-28T14:45:40Z</time>
      </trkpt>
      <trkpt lat="44.433287" lon="-1.185482">
        <ele>30.718</ele>
        <time>2017-07-28T14:46:00Z</time>
      </trkpt>
      <trkpt lat="44.432574" lon="-1.184697">
        <ele>28.708</ele>
        <time>2017-07-28T14:46:20Z</time>
      </trkpt>
      <trkpt lat="44.432424" lon="-1.183584">
        <ele>29.454</ele>
        <time>2017-07-28T14:46:40Z</time>
      </trkpt>
      <trkpt lat="44.431816" lon="-1.181770">
        <ele>28.731</ele>
        <time>2017-07-28T14:47:00Z</time>
      </trkpt>
      <trkpt lat="44.431683" lon="-1.180835">
        <ele>26.851</ele>
        <time>2017-07-28T14:47:20Z</time>
      </trkpt>
      <trkpt lat="44.431056" lon="-1.179409">
        <ele>28.868</ele>
        <time>2017-07-28T14:47:40Z</time>
      </trkpt>
      <trkpt lat="44.430673" lon="-1.177528">
        <ele>23.835</ele>
        <time>2017-07-28T14:48:00Z</time>
      </trkpt>
      <trkpt lat="44.430256" lon="-1.176659">
        <ele>27.815</ele>
        <time>2017-07-28T14:48:20Z</time>
      </trkpt>
      <trkpt lat="44.429842" lon="-1.170011">
        <ele>24.042</ele>
        <time>2017-07-28T14:48:40Z</time>
      </trkpt>
      <trkpt lat="44.429475" lon="-1.167819">
        <ele>24.054</ele>
        <time>2017-07-28T14:49:00Z</time>
      </trkpt>
      <trkpt lat="44.426416" lon="-1.168086">
        <ele>23.159</ele>
        <time>2017-07-28T14:49:20Z</time>
      </trkpt>
      <trkpt lat="44.424357" lon="-1.168805">
        <ele>27.403</ele>
        <time>2017-07-28T14:49:40Z</time>
      </trkpt>
      <trkpt lat="44.424245" lon="-1.170704">
        <ele>24.423</ele>
        <time>2017-07-28T14:50:00Z</time>
      </trkpt>
      <trkpt lat="44.424498" lon="-1.175157">
        <ele>19.508</ele>
        <time>2017-07-28T14:50:20Z</time>
      </trkpt>
      <trkpt lat="44.411717" lon="-1.174810">
        <ele>20.696</ele>
        <time>2017-07-28T14:50:40Z</time>
      </trkpt>
      <trkpt lat="44.411575" lon="-1.174642">
        <ele>21.343</ele>
        <time>2017-07-28T14:51:00Z</time>
      </trkpt>
      <trkpt lat="44.411258" lon="-1.172796">
        <ele>24.953</ele>
        <time>2017-07-28T14:51:20Z</time>
      </trkpt>
      <trkpt lat="44.411092" lon="-1.172874">
        <ele>24.720</ele>
        <time>2017-07-28T14:51:40Z</time>
      </trkpt>
      <trkpt lat="44.411045" lon="-1.173225">
        <ele>24.867</ele>
        <time>2017-07-28T14:52:00Z</time>
      </trkpt>
      <trkpt lat="44.410212" lon="-1.173621">
        <ele>23.917</ele>
        <time>2017-07-28T14:52:20Z</time>
      </trkpt>
      <trkpt lat="44.409952" lon="-1.173597">
        <ele>23.994</ele>
        <time>2017-07-28T14:52:40Z</time>
      </trkpt>
      <trkpt lat="44.409348" lon="-1.172578">
        <ele>22.486</ele>
        <time>2017-07-28T14:53:00Z</time>
      </trkpt>
      <trkpt lat="44.408741" lon="-1.171924">
        <ele>23.569</ele>
        <time>2017-07-28T14:53:20Z</time>
      </trkpt>
      <trkpt lat="44.407478" lon="-1.171046">
        <ele>24.004</ele>
        <time>2017-07-28T14:53:40Z</time>
      </trkpt>
      <trkpt lat="44.406794" lon="-1.170898">
        <ele>24.124</ele>
        <time>2017-07-28T14:54:00Z</time>
      </trkpt>
      <trkpt lat="44.406061" lon="-1.170915">
        <ele>23.808</ele>
        <time>2017-07-28T14:54:20Z</time>
      </trkpt>
      <trkpt lat="44.403861" lon="-1.172250">
        <ele>24.087</ele>
        <time>2017-07-28T14:54:40Z</time>
      </trkpt>
      <trkpt lat="44.402057" lon="-1.172810">
        <ele>23.444</ele>
        <time>2017-07-28T14:55:00Z</time>
      </trkpt>
      <trkpt lat="44.401355" lon="-1.173407">
        <ele>24.794</ele>
        <time>2017-07-28T14:55:20Z</time>
      </trkpt>
      <trkpt lat="44.400111" lon="-1.174096">
        <ele>22.381</ele>
        <time>2017-07-28T14:55:40Z</time>
      </trkpt>
      <trkpt lat="44.399318" lon="-1.174190">
        <ele>25.078</ele>
        <time>2017-07-28T14:56:00Z</time>
      </trkpt>
      <trkpt lat="44.399102" lon="-1.172874">
        <ele>25.768</ele>
        <time>2017-07-28T14:56:20Z</time>
      </trkpt>
      <trkpt lat="44.398760" lon="-1.171831">
        <ele>27.475</ele>
        <time>2017-07-28T14:56:40Z</time>
      </trkpt>
      <trkpt lat="44.398067" lon="-1.171285">
        <ele>29.487</ele>
        <time>2017-07-28T14:57:00Z</time>
      </trkpt>
      <trkpt lat="44.396761" lon="-1.171050">
        <ele>25.981</ele>
        <time>2017-07-28T14:57:20Z</time>
      </trkpt>
      <trkpt lat="44.396416" lon="-1.170673">
        <ele>24.661</ele>
        <time>2017-07-28T14:57:40Z</time>
      </trkpt>
      <trkpt lat="44.395908" lon="-1.169634">
        <ele>29.917</ele>
        <time>2017-07-28T14:58:00Z</time>
      </trkpt>
      <trkpt lat="44.395402" lon="-1.167090">
        <ele>26.008</ele>
        <time>2017-07-28T14:58:20Z</time>
      </trkpt>
      <trkpt lat="44.394401" lon="-1.167533">
        <ele>27.359</ele>
        <time>2017-07-28T14:58:40Z</time>
      </trkpt>
      <trkpt lat="44.394237" lon="-1.167395">
        <ele>27.736</ele>
        <time>2017-07-28T14:59:00Z</time>
      </trkpt>
      <trkpt lat="44.394277" lon="-1.166491">
        <ele>28.046</ele>
        <time>2017-07-28T14:59:20Z</time>
      </trkpt>
      <trkpt lat="44.394865" lon="-1.166045">
        <ele>26.933</ele>
        <time>2017-07-28T14:59:40Z</time>
      </trkpt>
      <trkpt lat="44.395084" lon="-1.166237">
        <ele>26.830</ele>
        <time>2017-07-28T15:00:00Z</time>
      </trkpt>
      <trkpt lat="44.394868" lon="-1.165730">
        <ele>26.880</ele>
        <time>2017-07-28T15:00:20Z</time>
      </trkpt>
      <trkpt lat="44.394898" lon="-1.165364">
        <ele>28.157</ele>
        <time>2017-07-28T15:00:40Z</time>
      </trkpt>
      <trkpt lat="44.394857" lon="-1.166004">
        <ele>26.899</ele>
        <time>2017-07-28T15:01:00Z</time>
      </trkpt>
      <trkpt lat="44.394093" lon="-1.166510">
        <ele>28.024</ele>
        <time>2017-07-28T15:01:20Z</time>
      </trkpt>
      <trkpt lat="44.393105" lon="-1.164899">
        <ele>26.404</ele>
        <time>2017-07-28T15:01:40Z</time>
      </trkpt>
      <trkpt lat="44.393314" lon="-1.164449">
        <ele>27.114</ele>
        <time>2017-07-28T15:02:00Z</time>
      </trkpt>
      <trkpt lat="44.393038" lon="-1.163408">
        <ele>28.108</ele>
        <time>2017-07-28T15:02:20Z</time>
      </trkpt>
      <trkpt lat="44.389955" lon="-1.157848">
        <ele>28.713</ele>
        <time>2017-07-28T15:02:40Z</time>
      </trkpt>
      <trkpt lat="44.389147" lon="-1.156648">
        <ele>29.010</ele>
        <time>2017-07-28T15:03:00Z</time>
      </trkpt>
      <trkpt lat="44.386998" lon="-1.154237">
        <ele>29.920</ele>
        <time>2017-07-28T15:03:20Z</time>
      </trkpt>
      <trkpt lat="44.386599" lon="-1.153453">
        <ele>29.727</ele>
        <time>2017-07-28T15:03:40Z</time>
      </trkpt>
      <trkpt lat="44.385698" lon="-1.152279">
        <ele>28.294</ele>
        <time>2017-07-28T15:04:00Z</time>
      </trkpt>
      <trkpt lat="44.385423" lon="-1.152259">
        <ele>27.914</ele>
        <time>2017-07-28T15:04:20Z</time>
      </trkpt>
      <trkpt lat="44.384006" lon="-1.149646">
        <ele>27.831</ele>
        <time>2017-07-28T15:04:40Z</time>
      </trkpt>
      <trkpt lat="44.383489" lon="-1.149023">
        <ele>27.253</ele>
        <time>2017-07-28T15:05:00Z</time>
      </trkpt>
      <trkpt lat="44.383390" lon="-1.148192">
        <ele>27.852</ele>
        <time>2017-07-28T15:05:20Z</time>
      </trkpt>
      <trkpt lat="44.382433" lon="-1.145962">
        <ele>28.653</ele>
        <time>2017-07-28T15:05:40Z</time>
      </trkpt>
      <trkpt lat="44.377133" lon="-1.133993">
        <ele>31.008</ele>
        <time>2017-07-28T15:06:00Z</time>
      </trkpt>
      <trkpt lat="44.376669" lon="-1.133613">
        <ele>31.008</ele>
        <time>2017-07-28T15:06:20Z</time>
      </trkpt>
      <trkpt lat="44.376647" lon="-1.133034">
        <ele>31.156</ele>
        <time>2017-07-28T15:06:40Z</time>
      </trkpt>
      <trkpt lat="44.376320" lon="-1.132129">
        <ele>31.153</ele>
        <time>2017-07-28T15:07:00Z</time>
      </trkpt>
      <trkpt lat="44.370635" lon="-1.119272">
        <ele>32.963</ele>
        <time>2017-07-28T15:07:20Z</time>
      </trkpt>
      <trkpt lat="44.368855" lon="-1.113169">
        <ele>32.680</ele>
        <time>2017-07-28T15:07:40Z</time>
      </trkpt>
      <trkpt lat="44.362661" lon="-1.098205">
        <ele>40.877</ele>
        <time>2017-07-28T15:08:00Z</time>
      </trkpt>
      <trkpt lat="44.361097" lon="-1.094036">
        <ele>33.297</ele>
        <time>2017-07-28T15:08:20Z</time>
      </trkpt>
      <trkpt lat="44.359584" lon="-1.090791">
        <ele>34.684</ele>
        <time>2017-07-28T15:08:40Z</time>
      </trkpt>
      <trkpt lat="44.358827" lon="-1.089701">
        <ele>35.246</ele>
        <time>2017-07-28T15:09:00Z</time>
      </trkpt>
      <trkpt lat="44.355999" lon="-1.087396">
        <ele>32.483</ele>
        <time>2017-07-28T15:09:20Z</time>
      </trkpt>
      <trkpt lat="44.352018" lon="-1.084467">
        <ele>32.025</ele>
        <time>2017-07-28T15:09:40Z</time>
      </trkpt>
      <trkpt lat="44.349652" lon="-1.082450">
        <ele>28.217</ele>
        <time>2017-07-28T15:10:00Z</time>
      </trkpt>
      <trkpt lat="44.348637" lon="-1.080526">
        <ele>29.008</ele>
        <time>2017-07-28T15:10:20Z</time>
      </trkpt>
      <trkpt lat="44.346561" lon="-1.073819">
        <ele>30.739</ele>
        <time>2017-07-28T15:10:40Z</time>
      </trkpt>
      <trkpt lat="44.346478" lon="-1.073745">
        <ele>31.096</ele>
        <time>2017-07-28T15:11:00Z</time>
      </trkpt>
      <trkpt lat="44.346037" lon="-1.075045">
        <ele>32.616</ele>
        <time>2017-07-28T15:11:20Z</time>
      </trkpt>
      <trkpt lat="44.345918" lon="-1.075088">
        <ele>32.293</ele>
        <time>2017-07-28T15:11:40Z</time>
      </trkpt>
      <trkpt lat="44.345473" lon="-1.074902">
        <ele>30.550</ele>
        <time>2017-07-28T15:12:00Z</time>
      </trkpt>
      <trkpt lat="44.345578" lon="-1.074015">
        <ele>28.050</ele>
        <time>2017-07-28T15:12:20Z</time>
      </trkpt>
      <trkpt lat="44.345297" lon="-1.073749">
        <ele>29.937</ele>
        <time>2017-07-28T15:12:40Z</time>
      </trkpt>
      <trkpt lat="44.345077" lon="-1.074418">
        <ele>31.459</ele>
        <time>2017-07-28T15:13:00Z</time>
      </trkpt>
      <trkpt lat="44.344592" lon="-1.074895">
        <ele>30.475</ele>
        <time>2017-07-28T15:13:20Z</time>
      </trkpt>
      <trkpt lat="44.344195" lon="-1.074554">
        <ele>27.228</ele>
        <time>2017-07-28T15:13:40Z</time>
      </trkpt>
      <trkpt lat="44.343882" lon="-1.073912">
        <ele>27.020</ele>
        <time>2017-07-28T15:14:00Z</time>
      </trkpt>
      <trkpt lat="44.343326" lon="-1.073990">
        <ele>28.308</ele>
        <time>2017-07-28T15:14:20Z</time>
      </trkpt>
      <trkpt lat="44.342162" lon="-1.074710">
        <ele>25.258</ele>
        <time>2017-07-28T15:14:40Z</time>
      </trkpt>
      <trkpt lat="44.341670" lon="-1.075220">
        <ele>28.075</ele>
        <time>2017-07-28T15:15:00Z</time>
      </trkpt>
      <trkpt lat="44.340789" lon="-1.076889">
        <ele>24.195</ele>
        <time>2017-07-28T15:15:20Z</time>
      </trkpt>
      <trkpt lat="44.340114" lon="-1.077659">
        <ele>25.492</ele>
        <time>2017-07-28T15:15:40Z</time>
      </trkpt>
      <trkpt lat="44.338261" lon="-1.080787">
        <ele>30.869</ele>
        <time>2017-07-28T15:16:00Z</time>
      </trkpt>
      <trkpt lat="44.337850" lon="-1.081553">
        <ele>28.099</ele>
        <time>2017-07-28T15:16:20Z</time>
      </trkpt>
      <trkpt lat="44.337799" lon="-1.082266">
        <ele>26.976</ele>
        <time>2017-07-28T15:16:40Z</time>
      </trkpt>
      <trkpt lat="44.337132" lon="-1.082780">
        <ele>23.718</ele>
        <time>2017-07-28T15:17:00Z</time>
      </trkpt>
      <trkpt lat="44.335838" lon="-1.084584">
        <ele>25.587</ele>
        <time>2017-07-28T15:17:20Z</time>
      </trkpt>
      <trkpt lat="44.331852" lon="-1.086711">
        <ele>30.842</ele>
        <time>2017-07-28T15:17:40Z</time>
      </trkpt>
      <trkpt lat="44.331227" lon="-1.087328">
        <ele>32.126</ele>
        <time>2017-07-28T15:18:00Z</time>
      </trkpt>
      <trkpt lat="44.330490" lon="-1.088514">
        <ele>33.908</ele>
        <time>2017-07-28T15:18:20Z</time>
      </trkpt>
      <trkpt lat="44.330549" lon="-1.088812">
        <ele>34.099</ele>
        <time>2017-07-28T15:18:40Z</time>
      </trkpt>
      <trkpt lat="44.330872" lon="-1.089085">
        <ele>33.076</ele>
        <time>2017-07-28T15:19:00Z</time>
      </trkpt>
      <trkpt lat="44.330802" lon="-1.089221">
        <ele>33.326</ele>
        <time>2017-07-28T15:19:20Z</time>
      </trkpt>
      <trkpt lat="44.328358" lon="-1.091789">
        <ele>35.433</ele>
        <time>2017-07-28T15:19:40Z</time>
      </trkpt>
      <trkpt lat="44.326811" lon="-1.095986">
        <ele>33.760</ele>
        <time>2017-07-28T15:20:00Z</time>
      </trkpt>
      <trkpt lat="44.325043" lon="-1.098056">
        <ele>37.310</ele>
        <time>2017-07-28T15:20:20Z</time>
      </trkpt>
      <trkpt lat="44.322611" lon="-1.104628">
        <ele>36.237</ele>
        <time>2017-07-28T15:20:40Z</time>
      </trkpt>
      <trkpt lat="44.322451" lon="-1.108354">
        <ele>37.239</ele>
        <time>2017-07-28T15:21:00Z</time>
      </trkpt>
      <trkpt lat="44.321430" lon="-1.114807">
        <ele>32.051</ele>
        <time>2017-07-28T15:21:20Z</time>
      </trkpt>
      <trkpt lat="44.321393" lon="-1.116000">
        <ele>33.301</ele>
        <time>2017-07-28T15:21:40Z</time>
      </trkpt>
      <trkpt lat="44.322302" lon="-1.122458">
        <ele>37.911</ele>
        <time>2017-07-28T15:22:00Z</time>
      </trkpt>
      <trkpt lat="44.322504" lon="-1.131577">
        <ele>32.708</ele>
        <time>2017-07-28T15:22:20Z</time>
      </trkpt>
      <trkpt lat="44.322802" lon="-1.133399">
        <ele>31.826</ele>
        <time>2017-07-28T15:22:40Z</time>
      </trkpt>
      <trkpt lat="44.323036" lon="-1.133899">
        <ele>30.973</ele>
        <time>2017-07-28T15:23:00Z</time>
      </trkpt>
      <trkpt lat="44.322819" lon="-1.134434">
        <ele>27.093</ele>
        <time>2017-07-28T15:23:20Z</time>
      </trkpt>
      <trkpt lat="44.323020" lon="-1.135861">
        <ele>28.150</ele>
        <time>2017-07-28T15:23:40Z</time>
      </trkpt>
      <trkpt lat="44.323523" lon="-1.139245">
        <ele>25.947</ele>
        <time>2017-07-28T15:24:00Z</time>
      </trkpt>
      <trkpt lat="44.325237" lon="-1.144487">
        <ele>24.977</ele>
        <time>2017-07-28T15:24:20Z</time>
      </trkpt>
      <trkpt lat="44.325446" lon="-1.146419">
        <ele>24.014</ele>
        <time>2017-07-28T15:24:40Z</time>
      </trkpt>
      <trkpt lat="44.325669" lon="-1.146631">
        <ele>23.686</ele>
        <time>2017-07-28T15:25:00Z</time>
      </trkpt>
      <trkpt lat="44.328741" lon="-1.147226">
        <ele>25.587</ele>
        <time>2017-07-28T15:25:20Z</time>
      </trkpt>
      <trkpt lat="44.328870" lon="-1.147605">
        <ele>26.442</ele>
        <time>2017-07-28T15:25:40Z</time>
      </trkpt>
      <trkpt lat="44.328744" lon="-1.147224">
        <ele>25.526</ele>
        <time>2017-07-28T15:26:00Z</time>
      </trkpt>
      <trkpt lat="44.325585" lon="-1.146663">
        <ele>23.908</ele>
        <time>2017-07-28T15:26:20Z</time>
      </trkpt>
      <trkpt lat="44.321864" lon="-1.148918">
        <ele>35.479</ele>
        <time>2017-07-28T15:26:40Z</time>
      </trkpt>
      <trkpt lat="44.316972" lon="-1.151480">
        <ele>34.346</ele>
        <time>2017-07-28T15:27:00Z</time>
      </trkpt>
      <trkpt lat="44.315037" lon="-1.152759">
        <ele>28.366</ele>
        <time>2017-07-28T15:27:20Z</time>
      </trkpt>
      <trkpt lat="44.313374" lon="-1.154307">
        <ele>31.323</ele>
        <time>2017-07-28T15:27:40Z</time>
      </trkpt>
      <trkpt lat="44.309405" lon="-1.157370">
        <ele>34.290</ele>
        <time>2017-07-28T15:28:00Z</time>
      </trkpt>
      <trkpt lat="44.299884" lon="-1.167537">
        <ele>37.130</ele>
        <time>2017-07-28T15:28:20Z</time>
      </trkpt>
      <trkpt lat="44.295097" lon="-1.169067">
        <ele>37.937</ele>
        <time>2017-07-28T15:28:40Z</time>
      </trkpt>
      <trkpt lat="44.294378" lon="-1.169606">
        <ele>37.859</ele>
        <time>2017-07-28T15:29:00Z</time>
      </trkpt>
      <trkpt lat="44.294388" lon="-1.170036">
        <ele>37.193</ele>
        <time>2017-07-28T15:29:20Z</time>
      </trkpt>
      <trkpt lat="44.293621" lon="-1.170481">
        <ele>39.865</ele>
        <time>2017-07-28T15:29:40Z</time>
      </trkpt>
      <trkpt lat="44.293111" lon="-1.170498">
        <ele>37.821</ele>
        <time>2017-07-28T15:30:00Z</time>
      </trkpt>
      <trkpt lat="44.290570" lon="-1.172260">
        <ele>32.208</ele>
        <time>2017-07-28T15:30:20Z</time>
      </trkpt>
      <trkpt lat="44.290139" lon="-1.172424">
        <ele>32.920</ele>
        <time>2017-07-28T15:30:40Z</time>
      </trkpt>
      <trkpt lat="44.279068" lon="-1.179918">
        <ele>32.987</ele>
        <time>2017-07-28T15:31:00Z</time>
      </trkpt>
      <trkpt lat="44.276947" lon="-1.181678">
        <ele>32.077</ele>
        <time>2017-07-28T15:31:20Z</time>
      </trkpt>
      <trkpt lat="44.276578" lon="-1.181637">
        <ele>31.874</ele>
        <time>2017-07-28T15:31:40Z</time>
      </trkpt>
      <trkpt lat="44.274977" lon="-1.182465">
        <ele>27.181</ele>
        <time>2017-07-28T15:32:00Z</time>
      </trkpt>
      <trkpt lat="44.273330" lon="-1.183712">
        <ele>30.671</ele>
        <time>2017-07-28T15:32:20Z</time>
      </trkpt>
      <trkpt lat="44.272650" lon="-1.183491">
        <ele>26.078</ele>
        <time>2017-07-28T15:32:40Z</time>
      </trkpt>
      <trkpt lat="44.271849" lon="-1.183868">
        <ele>25.770</ele>
        <time>2017-07-28T15:33:00Z</time>
      </trkpt>
      <trkpt lat="44.270898" lon="-1.184007">
        <ele>25.056</ele>
        <time>2017-07-28T15:33:20Z</time>
      </trkpt>
      <trkpt lat="44.269676" lon="-1.189013">
        <ele>26.159</ele>
        <time>2017-07-28T15:33:40Z</time>
      </trkpt>
      <trkpt lat="44.269618" lon="-1.190258">
        <ele>24.114</ele>
        <time>2017-07-28T15:34:00Z</time>
      </trkpt>
      <trkpt lat="44.266997" lon="-1.193861">
        <ele>24.908</ele>
        <time>2017-07-28T15:34:20Z</time>
      </trkpt>
      <trkpt lat="44.264872" lon="-1.195770">
        <ele>22.176</ele>
        <time>2017-07-28T15:34:40Z</time>
      </trkpt>
      <trkpt lat="44.255571" lon="-1.196891">
        <ele>22.413</ele>
        <time>2017-07-28T15:35:00Z</time>
      </trkpt>
      <trkpt lat="44.249234" lon="-1.196931">
        <ele>19.093</ele>
        <time>2017-07-28T15:35:20Z</time>
      </trkpt>
      <trkpt lat="44.248647" lon="-1.197125">
        <ele>19.720</ele>
        <time>2017-07-28T15:35:40Z</time>
      </trkpt>
      <trkpt lat="44.242706" lon="-1.200761">
        <ele>19.357</ele>
        <time>2017-07-28T15:36:00Z</time>
      </trkpt>
      <trkpt lat="44.242187" lon="-1.201353">
        <ele>15.197</ele>
        <time>2017-07-28T15:36:20Z</time>
      </trkpt>
      <trkpt lat="44.241571" lon="-1.202456">
        <ele>20.834</ele>
        <time>2017-07-28T15:36:40Z</time>
      </trkpt>
      <trkpt lat="44.238314" lon="-1.212632">
        <ele>15.356</ele>
        <time>2017-07-28T15:37:00Z</time>
      </trkpt>
      <trkpt lat="44.234068" lon="-1.223366">
        <ele>13.436</ele>
        <time>2017-07-28T15:37:20Z</time>
      </trkpt>
      <trkpt lat="44.233798" lon="-1.223593">
        <ele>13.217</ele>
        <time>2017-07-28T15:37:40Z</time>
      </trkpt>
      <trkpt lat="44.233282" lon="-1.223674">
        <ele>15.118</ele>
        <time>2017-07-28T15:38:00Z</time>
      </trkpt>
      <trkpt lat="44.231264" lon="-1.222728">
        <ele>15.008</ele>
        <time>2017-07-28T15:38:20Z</time>
      </trkpt>
      <trkpt lat="44.229778" lon="-1.221475">
        <ele>18.354</ele>
        <time>2017-07-28T15:38:40Z</time>
      </trkpt>
      <trkpt lat="44.229173" lon="-1.221579">
        <ele>22.471</ele>
        <time>2017-07-28T15:39:00Z</time>
      </trkpt>
      <trkpt lat="44.227788" lon="-1.223583">
        <ele>11.771</ele>
        <time>2017-07-28T15:39:20Z</time>
      </trkpt>
      <trkpt lat="44.224102" lon="-1.228222">
        <ele>15.658</ele>
        <time>2017-07-28T15:39:40Z</time>
      </trkpt>
      <trkpt lat="44.218309" lon="-1.230823">
        <ele>17.355</ele>
        <time>2017-07-28T15:40:00Z</time>
      </trkpt>
      <trkpt lat="44.217719" lon="-1.231370">
        <ele>18.675</ele>
        <time>2017-07-28T15:40:20Z</time>
      </trkpt>
      <trkpt lat="44.217481" lon="-1.231710">
        <ele>14.552</ele>
        <time>2017-07-28T15:40:40Z</time>
      </trkpt>
      <trkpt lat="44.217458" lon="-1.233527">
        <ele>13.514</ele>
        <time>2017-07-28T15:41:00Z</time>
      </trkpt>
      <trkpt lat="44.217374" lon="-1.233634">
        <ele>11.649</ele>
        <time>2017-07-28T15:41:20Z</time>
      </trkpt>
      <trkpt lat="44.217015" lon="-1.233502">
        <ele>8.602</ele>
        <time>2017-07-28T15:41:40Z</time>
      </trkpt>
      <trkpt lat="44.216852" lon="-1.233719">
        <ele>8.022</ele>
        <time>2017-07-28T15:42:00Z</time>
      </trkpt>
      <trkpt lat="44.217243" lon="-1.233488">
        <ele>9.808</ele>
        <time>2017-07-28T15:42:20Z</time>
      </trkpt>
      <trkpt lat="44.217420" lon="-1.233639">
        <ele>12.445</ele>
        <time>2017-07-28T15:42:40Z</time>
      </trkpt>
      <trkpt lat="44.217515" lon="-1.234094">
        <ele>11.692</ele>
        <time>2017-07-28T15:43:00Z</time>
      </trkpt>
      <trkpt lat="44.217417" lon="-1.234663">
        <ele>13.292</ele>
        <time>2017-07-28T15:43:20Z</time>
      </trkpt>
      <trkpt lat="44.217571" lon="-1.235015">
        <ele>18.189</ele>
        <time>2017-07-28T15:43:40Z</time>
      </trkpt>
      <trkpt lat="44.217117" lon="-1.235017">
        <ele>12.016</ele>
        <time>2017-07-28T15:44:00Z</time>
      </trkpt>
      <trkpt lat="44.216202" lon="-1.235851">
        <ele>8.486</ele>
        <time>2017-07-28T15:44:20Z</time>
      </trkpt>
      <trkpt lat="44.215581" lon="-1.236096">
        <ele>9.163</ele>
        <time>2017-07-28T15:44:40Z</time>
      </trkpt>
      <trkpt lat="44.215393" lon="-1.235920">
        <ele>9.045</ele>
        <time>2017-07-28T15:45:00Z</time>
      </trkpt>
      <trkpt lat="44.215057" lon="-1.234065">
        <ele>7.862</ele>
        <time>2017-07-28T15:45:20Z</time>
      </trkpt>
      <trkpt lat="44.211929" lon="-1.234928">
        <ele>10.983</ele>
        <time>2017-07-28T15:45:40Z</time>
      </trkpt>
      <trkpt lat="44.211048" lon="-1.235930">
        <ele>6.511</ele>
        <time>2017-07-28T15:46:00Z</time>
      </trkpt>
      <trkpt lat="44.210394" lon="-1.237690">
        <ele>6.608</ele>
        <time>2017-07-28T15:46:20Z</time>
      </trkpt>
      <trkpt lat="44.209958" lon="-1.242441">
        <ele>12.017</ele>
        <time>2017-07-28T15:46:40Z</time>
      </trkpt>
      <trkpt lat="44.209185" lon="-1.244511">
        <ele>12.444</ele>
        <time>2017-07-28T15:47:00Z</time>
      </trkpt>
      <trkpt lat="44.208542" lon="-1.245231">
        <ele>11.124</ele>
        <time>2017-07-28T15:47:20Z</time>
      </trkpt>
      <trkpt lat="44.209963" lon="-1.248631">
        <ele>9.751</ele>
        <time>2017-07-28T15:47:40Z</time>
      </trkpt>
      <trkpt lat="44.210123" lon="-1.249691">
        <ele>9.028</ele>
        <time>2017-07-28T15:48:00Z</time>
      </trkpt>
      <trkpt lat="44.209966" lon="-1.250104">
        <ele>7.538</ele>
        <time>2017-07-28T15:48:20Z</time>
      </trkpt>
      <trkpt lat="44.209965" lon="-1.251287">
        <ele>6.155</ele>
        <time>2017-07-28T15:48:40Z</time>
      </trkpt>
      <trkpt lat="44.210564" lon="-1.254841">
        <ele>7.077</ele>
        <time>2017-07-28T15:49:00Z</time>
      </trkpt>
      <trkpt lat="44.211828" lon="-1.265651">
        <ele>4.053</ele>
        <time>2017-07-28T15:49:20Z</time>
      </trkpt>
      <trkpt lat="44.211703" lon="-1.266808">
        <ele>5.704</ele>
        <time>2017-07-28T15:49:40Z</time>
      </trkpt>
      <trkpt lat="44.210666" lon="-1.269433">
        <ele>6.814</ele>
        <time>2017-07-28T15:50:00Z</time>
      </trkpt>
      <trkpt lat="44.210602" lon="-1.273814">
        <ele>7.608</ele>
        <time>2017-07-28T15:50:20Z</time>
      </trkpt>
      <trkpt lat="44.211078" lon="-1.275275">
        <ele>8.166</ele>
        <time>2017-07-28T15:50:40Z</time>
      </trkpt>
      <trkpt lat="44.212255" lon="-1.276927">
        <ele>9.233</ele>
        <time>2017-07-28T15:51:00Z</time>
      </trkpt>
      <trkpt lat="44.212544" lon="-1.277655">
        <ele>8.533</ele>
        <time>2017-07-28T15:51:20Z</time>
      </trkpt>
      <trkpt lat="44.212497" lon="-1.278792">
        <ele>13.750</ele>
        <time>2017-07-28T15:51:40Z</time>
      </trkpt>
      <trkpt lat="44.212120" lon="-1.280987">
        <ele>7.247</ele>
        <time>2017-07-28T15:52:00Z</time>
      </trkpt>
      <trkpt lat="44.213629" lon="-1.281550">
        <ele>6.077</ele>
        <time>2017-07-28T15:52:20Z</time>
      </trkpt>
      <trkpt lat="44.213775" lon="-1.282541">
        <ele>6.264</ele>
        <time>2017-07-28T15:52:40Z</time>
      </trkpt>
      <trkpt lat="44.213552" lon="-1.282842">
        <ele>7.026</ele>
        <time>2017-07-28T15:53:00Z</time>
      </trkpt>
      <trkpt lat="44.213863" lon="-1.284052">
        <ele>3.763</ele>
        <time>2017-07-28T15:53:20Z</time>
      </trkpt>
      <trkpt lat="44.214077" lon="-1.286178">
        <ele>6.244</ele>
        <time>2017-07-28T15:53:40Z</time>
      </trkpt>
      <trkpt lat="44.214041" lon="-1.287130">
        <ele>9.018</ele>
        <time>2017-07-28T15:54:00Z</time>
      </trkpt>
      <trkpt lat="44.213885" lon="-1.287387">
        <ele>10.208</ele>
        <time>2017-07-28T15:54:20Z</time>
      </trkpt>
      <trkpt lat="44.213656" lon="-1.287460">
        <ele>10.047</ele>
        <time>2017-07-28T15:54:40Z</time>
      </trkpt>
      <trkpt lat="44.214316" lon="-1.290795">
        <ele>10.094</ele>
        <time>2017-07-28T15:55:00Z</time>
      </trkpt>
      <trkpt lat="44.214685" lon="-1.291736">
        <ele>6.314</ele>
        <time>2017-07-28T15:55:20Z</time>
      </trkpt>
      <trkpt lat="44.214539" lon="-1.292415">
        <ele>5.991</ele>
        <time>2017-07-28T15:55:40Z</time>
      </trkpt>
      <trkpt lat="44.214616" lon="-1.292749">
        <ele>5.448</ele>
        <time>2017-07-28T15:56:00Z</time>
      </trkpt>
      <trkpt lat="44.214086" lon="-1.293154">
        <ele>5.768</ele>
        <time>2017-07-28T15:56:20Z</time>
      </trkpt>
      <trkpt lat="44.213384" lon="-1.293265">
        <ele>4.515</ele>
        <time>2017-07-28T15:56:40Z</time>
      </trkpt>
      <trkpt lat="44.213113" lon="-1.293661">
        <ele>4.097</ele>
        <time>2017-07-28T15:57:00Z</time>
      </trkpt>
      <trkpt lat="44.213158" lon="-1.293532">
        <ele>4.259</ele>
        <time>2017-07-28T15:57:20Z</time>
      </trkpt>
      <trkpt lat="44.213366" lon="-1.293426">
        <ele>4.203</ele>
        <time>2017-07-28T15:57:40Z</time>
      </trkpt>
      <trkpt lat="44.213559" lon="-1.294063">
        <ele>4.423</ele>
        <time>2017-07-28T15:58:00Z</time>
      </trkpt>
      <trkpt lat="44.212924" lon="-1.295392">
        <ele>8.808</ele>
        <time>2017-07-28T15:58:20Z</time>
      </trkpt>
      <trkpt lat="44.212428" lon="-1.294162">
        <ele>6.046</ele>
        <time>2017-07-28T15:58:40Z</time>
      </trkpt>
      <trkpt lat="44.211576" lon="-1.294902">
        <ele>5.723</ele>
        <time>2017-07-28T15:59:00Z</time>
      </trkpt>
      <trkpt lat="44.209331" lon="-1.295694">
        <ele>5.563</ele>
        <time>2017-07-28T15:59:20Z</time>
      </trkpt>
      <trkpt lat="44.209173" lon="-1.295472">
        <ele>5.050</ele>
        <time>2017-07-28T15:59:40Z</time>
      </trkpt>
      <trkpt lat="44.208273" lon="-1.295249">
        <ele>4.797</ele>
        <time>2017-07-28T16:00:00Z</time>
      </trkpt>
      <trkpt lat="44.207327" lon="-1.294441">
        <ele>5.047</ele>
        <time>2017-07-28T16:00:20Z</time>
      </trkpt>
      <trkpt lat="44.206893" lon="-1.293885">
        <ele>5.014</ele>
        <time>2017-07-28T16:00:40Z</time>
      </trkpt>
      <trkpt lat="44.206416" lon="-1.292864">
        <ele>5.926</ele>
        <time>2017-07-28T16:01:00Z</time>
      </trkpt>
      <trkpt lat="44.206082" lon="-1.291642">
        <ele>5.948</ele>
        <time>2017-07-28T16:01:20Z</time>
      </trkpt>
      <trkpt lat="44.204190" lon="-1.283259">
        <ele>8.261</ele>
        <time>2017-07-28T16:01:40Z</time>
      </trkpt>
      <trkpt lat="44.202540" lon="-1.283445">
        <ele>13.317</ele>
        <time>2017-07-28T16:02:00Z</time>
      </trkpt>
      <trkpt lat="44.202156" lon="-1.283657">
        <ele>9.708</ele>
        <time>2017-07-28T16:02:20Z</time>
      </trkpt>
      <trkpt lat="44.200069" lon="-1.283892">
        <ele>8.595</ele>
        <time>2017-07-28T16:02:40Z</time>
      </trkpt>
      <trkpt lat="44.197583" lon="-1.284413">
        <ele>9.222</ele>
        <time>2017-07-28T16:03:00Z</time>
      </trkpt>
      <trkpt lat="44.197065" lon="-1.284979">
        <ele>6.012</ele>
        <time>2017-07-28T16:03:20Z</time>
      </trkpt>
      <trkpt lat="44.194270" lon="-1.291119">
        <ele>6.479</ele>
        <time>2017-07-28T16:03:40Z</time>
      </trkpt>
      <trkpt lat="44.193219" lon="-1.291932">
        <ele>11.356</ele>
        <time>2017-07-28T16:04:00Z</time>
      </trkpt>
      <trkpt lat="44.187848" lon="-1.292562">
        <ele>8.366</ele>
        <time>2017-07-28T16:04:20Z</time>
      </trkpt>
      <trkpt lat="44.185926" lon="-1.292617">
        <ele>7.153</ele>
        <time>2017-07-28T16:04:40Z</time>
      </trkpt>
      <trkpt lat="44.182432" lon="-1.293132">
        <ele>10.765</ele>
        <time>2017-07-28T16:05:00Z</time>
      </trkpt>
      <trkpt lat="44.181334" lon="-1.293808">
        <ele>9.767</ele>
        <time>2017-07-28T16:05:20Z</time>
      </trkpt>
      <trkpt lat="44.178835" lon="-1.294470">
        <ele>5.181</ele>
        <time>2017-07-28T16:05:40Z</time>
      </trkpt>
      <trkpt lat="44.176484" lon="-1.296371">
        <ele>8.719</ele>
        <time>2017-07-28T16:06:00Z</time>
      </trkpt>
      <trkpt lat="44.174646" lon="-1.297363">
        <ele>14.408</ele>
        <time>2017-07-28T16:06:20Z</time>
      </trkpt>
      <trkpt lat="44.173304" lon="-1.297906">
        <ele>15.067</ele>
        <time>2017-07-28T16:06:40Z</time>
      </trkpt>
      <trkpt lat="44.171562" lon="-1.297615">
        <ele>15.224</ele>
        <time>2017-07-28T16:07:00Z</time>
      </trkpt>
      <trkpt lat="44.170593" lon="-1.297730">
        <ele>13.144</ele>
        <time>2017-07-28T16:07:20Z</time>
      </trkpt>
      <trkpt lat="44.170054" lon="-1.298156">
        <ele>13.991</ele>
        <time>2017-07-28T16:07:40Z</time>
      </trkpt>
      <trkpt lat="44.169792" lon="-1.299446">
        <ele>15.288</ele>
        <time>2017-07-28T16:08:00Z</time>
      </trkpt>
      <trkpt lat="44.168718" lon="-1.299812">
        <ele>17.228</ele>
        <time>2017-07-28T16:08:20Z</time>
      </trkpt>
      <trkpt lat="44.166966" lon="-1.300163">
        <ele>16.165</ele>
        <time>2017-07-28T16:08:40Z</time>
      </trkpt>
      <trkpt lat="44.165835" lon="-1.301218">
        <ele>15.257</ele>
        <time>2017-07-28T16:09:00Z</time>
      </trkpt>
      <trkpt lat="44.165570" lon="-1.301658">
        <ele>13.086</ele>
        <time>2017-07-28T16:09:20Z</time>
      </trkpt>
      <trkpt lat="44.164895" lon="-1.301852">
        <ele>14.760</ele>
        <time>2017-07-28T16:09:40Z</time>
      </trkpt>
      <trkpt lat="44.163938" lon="-1.301957">
        <ele>10.626</ele>
        <time>2017-07-28T16:10:00Z</time>
      </trkpt>
      <trkpt lat="44.163435" lon="-1.301160">
        <ele>10.308</ele>
        <time>2017-07-28T16:10:20Z</time>
      </trkpt>
      <trkpt lat="44.162905" lon="-1.300709">
        <ele>14.219</ele>
        <time>2017-07-28T16:10:40Z</time>
      </trkpt>
      <trkpt lat="44.161233" lon="-1.300655">
        <ele>20.196</ele>
        <time>2017-07-28T16:11:00Z</time>
      </trkpt>
      <trkpt lat="44.160824" lon="-1.301150">
        <ele>17.096</ele>
        <time>2017-07-28T16:11:20Z</time>
      </trkpt>
      <trkpt lat="44.160350" lon="-1.301199">
        <ele>14.633</ele>
        <time>2017-07-28T16:11:40Z</time>
      </trkpt>
      <trkpt lat="44.159896" lon="-1.301539">
        <ele>12.540</ele>
        <time>2017-07-28T16:12:00Z</time>
      </trkpt>
      <trkpt lat="44.159527" lon="-1.301642">
        <ele>12.130</ele>
        <time>2017-07-28T16:12:20Z</time>
      </trkpt>
      <trkpt lat="44.158993" lon="-1.301466">
        <ele>13.557</ele>
        <time>2017-07-28T16:12:40Z</time>
      </trkpt>
      <trkpt lat="44.158587" lon="-1.301594">
        <ele>15.359</ele>
        <time>2017-07-28T16:13:00Z</time>
      </trkpt>
      <trkpt lat="44.157609" lon="-1.302976">
        <ele>17.371</ele>
        <time>2017-07-28T16:13:20Z</time>
      </trkpt>
      <trkpt lat="44.156593" lon="-1.302851">
        <ele>15.841</ele>
        <time>2017-07-28T16:13:40Z</time>
      </trkpt>
      <trkpt lat="44.155423" lon="-1.302203">
        <ele>13.515</ele>
        <time>2017-07-28T16:14:00Z</time>
      </trkpt>
      <trkpt lat="44.154904" lon="-1.301203">
        <ele>16.508</ele>
        <time>2017-07-28T16:14:20Z</time>
      </trkpt>
      <trkpt lat="44.153709" lon="-1.300113">
        <ele>21.828</ele>
        <time>2017-07-28T16:14:40Z</time>
      </trkpt>
      <trkpt lat="44.152875" lon="-1.298136">
        <ele>18.185</ele>
        <time>2017-07-28T16:15:00Z</time>
      </trkpt>
      <trkpt lat="44.152500" lon="-1.297839">
        <ele>18.875</ele>
        <time>2017-07-28T16:15:20Z</time>
      </trkpt>
      <trkpt lat="44.151353" lon="-1.297936">
        <ele>19.922</ele>
        <time>2017-07-28T16:15:40Z</time>
      </trkpt>
      <trkpt lat="44.149069" lon="-1.298550">
        <ele>18.299</ele>
        <time>2017-07-28T16:16:00Z</time>
      </trkpt>
      <trkpt lat="44.146424" lon="-1.298982">
        <ele>14.999</ele>
        <time>2017-07-28T16:16:20Z</time>
      </trkpt>
      <trkpt lat="44.142866" lon="-1.300582">
        <ele>17.596</ele>
        <time>2017-07-28T16:16:40Z</time>
      </trkpt>
      <trkpt lat="44.142139" lon="-1.300084">
        <ele>16.748</ele>
        <time>2017-07-28T16:17:00Z</time>
      </trkpt>
      <trkpt lat="44.140484" lon="-1.298196">
        <ele>16.187</ele>
        <time>2017-07-28T16:17:20Z</time>
      </trkpt>
      <trkpt lat="44.139873" lon="-1.297926">
        <ele>14.542</ele>
        <time>2017-07-28T16:17:40Z</time>
      </trkpt>
      <trkpt lat="44.138249" lon="-1.297855">
        <ele>19.526</ele>
        <time>2017-07-28T16:18:00Z</time>
      </trkpt>
      <trkpt lat="44.136328" lon="-1.298738">
        <ele>16.508</ele>
        <time>2017-07-28T16:18:20Z</time>
      </trkpt>
      <trkpt lat="44.133815" lon="-1.298734">
        <ele>19.499</ele>
        <time>2017-07-28T16:18:40Z</time>
      </trkpt>
      <trkpt lat="44.133281" lon="-1.298676">
        <ele>17.726</ele>
        <time>2017-07-28T16:19:00Z</time>
      </trkpt>
      <trkpt lat="44.131150" lon="-1.297530">
        <ele>21.336</ele>
        <time>2017-07-28T16:19:20Z</time>
      </trkpt>
      <trkpt lat="44.127185" lon="-1.298201">
        <ele>17.953</ele>
        <time>2017-07-28T16:19:40Z</time>
      </trkpt>
      <trkpt lat="44.125262" lon="-1.298157">
        <ele>19.430</ele>
        <time>2017-07-28T16:20:00Z</time>
      </trkpt>
      <trkpt lat="44.123054" lon="-1.298345">
        <ele>17.020</ele>
        <time>2017-07-28T16:20:20Z</time>
      </trkpt>
      <trkpt lat="44.121972" lon="-1.298526">
        <ele>20.177</ele>
        <time>2017-07-28T16:20:40Z</time>
      </trkpt>
      <trkpt lat="44.121318" lon="-1.298843">
        <ele>19.079</ele>
        <time>2017-07-28T16:21:00Z</time>
      </trkpt>
      <trkpt lat="44.119595" lon="-1.298714">
        <ele>21.565</ele>
        <time>2017-07-28T16:21:20Z</time>
      </trkpt>
      <trkpt lat="44.118319" lon="-1.299760">
        <ele>20.068</ele>
        <time>2017-07-28T16:21:40Z</time>
      </trkpt>
      <trkpt lat="44.117627" lon="-1.300105">
        <ele>19.914</ele>
        <time>2017-07-28T16:22:00Z</time>
      </trkpt>
      <trkpt lat="44.117155" lon="-1.300185">
        <ele>22.708</ele>
        <time>2017-07-28T16:22:20Z</time>
      </trkpt>
      <trkpt lat="44.115645" lon="-1.299984">
        <ele>22.967</ele>
        <time>2017-07-28T16:22:40Z</time>
      </trkpt>
      <trkpt lat="44.114392" lon="-1.300156">
        <ele>21.254</ele>
        <time>2017-07-28T16:23:00Z</time>
      </trkpt>
      <trkpt lat="44.111124" lon="-1.301706">
        <ele>22.154</ele>
        <time>2017-07-28T16:23:20Z</time>
      </trkpt>
      <trkpt lat="44.109352" lon="-1.302284">
        <ele>19.611</ele>
        <time>2017-07-28T16:23:40Z</time>
      </trkpt>
      <trkpt lat="44.106024" lon="-1.306607">
        <ele>12.898</ele>
        <time>2017-07-28T16:24:00Z</time>
      </trkpt>
      <trkpt lat="44.104198" lon="-1.309631">
        <ele>7.828</ele>
        <time>2017-07-28T16:24:20Z</time>
      </trkpt>
      <trkpt lat="44.102590" lon="-1.310920">
        <ele>11.525</ele>
        <time>2017-07-28T16:24:40Z</time>
      </trkpt>
      <trkpt lat="44.101916" lon="-1.311707">
        <ele>14.957</ele>
        <time>2017-07-28T16:25:00Z</time>
      </trkpt>
      <trkpt lat="44.100394" lon="-1.312266">
        <ele>6.662</ele>
        <time>2017-07-28T16:25:20Z</time>
      </trkpt>
      <trkpt lat="44.098786" lon="-1.313970">
        <ele>7.383</ele>
        <time>2017-07-28T16:25:40Z</time>
      </trkpt>
      <trkpt lat="44.098135" lon="-1.314468">
        <ele>8.011</ele>
        <time>2017-07-28T16:26:00Z</time>
      </trkpt>
      <trkpt lat="44.097712" lon="-1.314305">
        <ele>11.108</ele>
        <time>2017-07-28T16:26:20Z</time>
      </trkpt>
      <trkpt lat="44.096339" lon="-1.315170">
        <ele>19.217</ele>
        <time>2017-07-28T16:26:40Z</time>
      </trkpt>
      <trkpt lat="44.095817" lon="-1.316693">
        <ele>17.114</ele>
        <time>2017-07-28T16:27:00Z</time>
      </trkpt>
      <trkpt lat="44.095054" lon="-1.317619">
        <ele>16.274</ele>
        <time>2017-07-28T16:27:20Z</time>
      </trkpt>
      <trkpt lat="44.092514" lon="-1.319219">
        <ele>10.611</ele>
        <time>2017-07-28T16:27:40Z</time>
      </trkpt>
      <trkpt lat="44.092314" lon="-1.319569">
        <ele>9.028</ele>
        <time>2017-07-28T16:28:00Z</time>
      </trkpt>
      <trkpt lat="44.091680" lon="-1.319872">
        <ele>11.958</ele>
        <time>2017-07-28T16:28:20Z</time>
      </trkpt>
      <trkpt lat="44.090810" lon="-1.320000">
        <ele>12.955</ele>
        <time>2017-07-28T16:28:40Z</time>
      </trkpt>
      <trkpt lat="44.089613" lon="-1.318508">
        <ele>13.837</ele>
        <time>2017-07-28T16:29:00Z</time>
      </trkpt>
      <trkpt lat="44.087110" lon="-1.310621">
        <ele>20.486</ele>
        <time>2017-07-28T16:29:20Z</time>
      </trkpt>
      <trkpt lat="44.086727" lon="-1.310263">
        <ele>15.360</ele>
        <time>2017-07-28T16:29:40Z</time>
      </trkpt>
      <trkpt lat="44.086670" lon="-1.310362">
        <ele>15.626</ele>
        <time>2017-07-28T16:30:00Z</time>
      </trkpt>
      <trkpt lat="44.085650" lon="-1.309899">
        <ele>11.708</ele>
        <time>2017-07-28T16:30:20Z</time>
      </trkpt>
      <trkpt lat="44.084874" lon="-1.309719">
        <ele>11.589</ele>
        <time>2017-07-28T16:30:40Z</time>
      </trkpt>
      <trkpt lat="44.083685" lon="-1.312247">
        <ele>10.246</ele>
        <time>2017-07-28T16:31:00Z</time>
      </trkpt>
      <trkpt lat="44.083842" lon="-1.314665">
        <ele>11.096</ele>
        <time>2017-07-28T16:31:20Z</time>
      </trkpt>
      <trkpt lat="44.083659" lon="-1.316298">
        <ele>9.743</ele>
        <time>2017-07-28T16:31:40Z</time>
      </trkpt>
      <trkpt lat="44.083379" lon="-1.316441">
        <ele>8.040</ele>
        <time>2017-07-28T16:32:00Z</time>
      </trkpt>
      <trkpt lat="44.082046" lon="-1.316413">
        <ele>8.340</ele>
        <time>2017-07-28T16:32:20Z</time>
      </trkpt>
      <trkpt lat="44.078961" lon="-1.316676">
        <ele>7.057</ele>
        <time>2017-07-28T16:32:40Z</time>
      </trkpt>
      <trkpt lat="44.077902" lon="-1.316921">
        <ele>16.469</ele>
        <time>2017-07-28T16:33:00Z</time>
      </trkpt>
      <trkpt lat="44.074822" lon="-1.318183">
        <ele>14.514</ele>
        <time>2017-07-28T16:33:20Z</time>
      </trkpt>
      <trkpt lat="44.072386" lon="-1.319650">
        <ele>6.654</ele>
        <time>2017-07-28T16:33:40Z</time>
      </trkpt>
      <trkpt lat="44.071135" lon="-1.320098">
        <ele>5.009</ele>
        <time>2017-07-28T16:34:00Z</time>
      </trkpt>
      <trkpt lat="44.068342" lon="-1.321485">
        <ele>17.008</ele>
        <time>2017-07-28T16:34:20Z</time>
      </trkpt>
      <trkpt lat="44.067538" lon="-1.321686">
        <ele>16.052</ele>
        <time>2017-07-28T16:34:40Z</time>
      </trkpt>
      <trkpt lat="44.066505" lon="-1.323129">
        <ele>17.319</ele>
        <time>2017-07-28T16:35:00Z</time>
      </trkpt>
      <trkpt lat="44.064891" lon="-1.324682">
        <ele>15.189</ele>
        <time>2017-07-28T16:35:20Z</time>
      </trkpt>
      <trkpt lat="44.064386" lon="-1.325109">
        <ele>13.656</ele>
        <time>2017-07-28T16:35:40Z</time>
      </trkpt>
      <trkpt lat="44.062815" lon="-1.325876">
        <ele>16.083</ele>
        <time>2017-07-28T16:36:00Z</time>
      </trkpt>
      <trkpt lat="44.062476" lon="-1.325874">
        <ele>15.923</ele>
        <time>2017-07-28T16:36:20Z</time>
      </trkpt>
      <trkpt lat="44.061639" lon="-1.325324">
        <ele>17.810</ele>
        <time>2017-07-28T16:36:40Z</time>
      </trkpt>
      <trkpt lat="44.060129" lon="-1.324705">
        <ele>17.942</ele>
        <time>2017-07-28T16:37:00Z</time>
      </trkpt>
      <trkpt lat="44.057697" lon="-1.324355">
        <ele>13.595</ele>
        <time>2017-07-28T16:37:20Z</time>
      </trkpt>
      <trkpt lat="44.056264" lon="-1.324608">
        <ele>18.049</ele>
        <time>2017-07-28T16:37:40Z</time>
      </trkpt>
      <trkpt lat="44.055781" lon="-1.324572">
        <ele>17.423</ele>
        <time>2017-07-28T16:38:00Z</time>
      </trkpt>
      <trkpt lat="44.052008" lon="-1.322977">
        <ele>27.308</ele>
        <time>2017-07-28T16:38:20Z</time>
      </trkpt>
      <trkpt lat="44.049734" lon="-1.322480">
        <ele>24.890</ele>
        <time>2017-07-28T16:38:40Z</time>
      </trkpt>
      <trkpt lat="44.048873" lon="-1.322772">
        <ele>21.027</ele>
        <time>2017-07-28T16:39:00Z</time>
      </trkpt>
      <trkpt lat="44.046385" lon="-1.324277">
        <ele>23.447</ele>
        <time>2017-07-28T16:39:20Z</time>
      </trkpt>
      <trkpt lat="44.042269" lon="-1.325739">
        <ele>7.594</ele>
        <time>2017-07-28T16:39:40Z</time>
      </trkpt>
      <trkpt lat="44.038778" lon="-1.326732">
        <ele>10.411</ele>
        <time>2017-07-28T16:40:00Z</time>
      </trkpt>
      <trkpt lat="44.037605" lon="-1.327507">
        <ele>13.381</ele>
        <time>2017-07-28T16:40:20Z</time>
      </trkpt>
      <trkpt lat="44.036603" lon="-1.328658">
        <ele>14.898</ele>
        <time>2017-07-28T16:40:40Z</time>
      </trkpt>
      <trkpt lat="44.035411" lon="-1.329167">
        <ele>16.060</ele>
        <time>2017-07-28T16:41:00Z</time>
      </trkpt>
      <trkpt lat="44.035113" lon="-1.329167">
        <ele>15.475</ele>
        <time>2017-07-28T16:41:20Z</time>
      </trkpt>
      <trkpt lat="44.034567" lon="-1.328279">
        <ele>12.928</ele>
        <time>2017-07-28T16:41:40Z</time>
      </trkpt>
      <trkpt lat="44.030982" lon="-1.328190">
        <ele>21.420</ele>
        <time>2017-07-28T16:42:00Z</time>
      </trkpt>
      <trkpt lat="44.030293" lon="-1.327951">
        <ele>22.508</ele>
        <time>2017-07-28T16:42:20Z</time>
      </trkpt>
      <trkpt lat="44.029373" lon="-1.328033">
        <ele>23.058</ele>
        <time>2017-07-28T16:42:40Z</time>
      </trkpt>
      <trkpt lat="44.024022" lon="-1.327698">
        <ele>23.065</ele>
        <time>2017-07-28T16:43:00Z</time>
      </trkpt>
      <trkpt lat="44.020160" lon="-1.327009">
        <ele>24.795</ele>
        <time>2017-07-28T16:43:20Z</time>
      </trkpt>
      <trkpt lat="44.018205" lon="-1.327368">
        <ele>22.042</ele>
        <time>2017-07-28T16:43:40Z</time>
      </trkpt>
      <trkpt lat="44.016411" lon="-1.328534">
        <ele>23.619</ele>
        <time>2017-07-28T16:44:00Z</time>
      </trkpt>
      <trkpt lat="44.014527" lon="-1.328041">
        <ele>21.049</ele>
        <time>2017-07-28T16:44:20Z</time>
      </trkpt>
      <trkpt lat="44.012951" lon="-1.328049">
        <ele>19.096</ele>
        <time>2017-07-28T16:44:40Z</time>
      </trkpt>
      <trkpt lat="44.012011" lon="-1.327566">
        <ele>18.878</ele>
        <time>2017-07-28T16:45:00Z</time>
      </trkpt>
      <trkpt lat="44.010669" lon="-1.327257">
        <ele>24.898</ele>
        <time>2017-07-28T16:45:20Z</time>
      </trkpt>
      <trkpt lat="44.009360" lon="-1.327399">
        <ele>19.315</ele>
        <time>2017-07-28T16:45:40Z</time>
      </trkpt>
      <trkpt lat="44.007513" lon="-1.327999">
        <ele>21.026</ele>
        <time>2017-07-28T16:46:00Z</time>
      </trkpt>
      <trkpt lat="44.006773" lon="-1.328051">
        <ele>20.008</ele>
        <time>2017-07-28T16:46:20Z</time>
      </trkpt>
      <trkpt lat="44.006711" lon="-1.327955">
        <ele>19.980</ele>
        <time>2017-07-28T16:46:40Z</time>
      </trkpt>
      <trkpt lat="44.004820" lon="-1.328440">
        <ele>15.687</ele>
        <time>2017-07-28T16:47:00Z</time>
      </trkpt>
      <trkpt lat="44.004618" lon="-1.328332">
        <ele>15.347</ele>
        <time>2017-07-28T16:47:20Z</time>
      </trkpt>
      <trkpt lat="44.004680" lon="-1.328514">
        <ele>15.074</ele>
        <time>2017-07-28T16:47:40Z</time>
      </trkpt>
      <trkpt lat="44.004251" lon="-1.329046">
        <ele>17.251</ele>
        <time>2017-07-28T16:48:00Z</time>
      </trkpt>
      <trkpt lat="44.003950" lon="-1.329233">
        <ele>21.581</ele>
        <time>2017-07-28T16:48:20Z</time>
      </trkpt>
      <trkpt lat="44.003067" lon="-1.329310">
        <ele>26.638</ele>
        <time>2017-07-28T16:48:40Z</time>
      </trkpt>
      <trkpt lat="44.002284" lon="-1.330267">
        <ele>26.550</ele>
        <time>2017-07-28T16:49:00Z</time>
      </trkpt>
      <trkpt lat="44.001906" lon="-1.331030">
        <ele>21.938</ele>
        <time>2017-07-28T16:49:20Z</time>
      </trkpt>
      <trkpt lat="44.001677" lon="-1.332199">
        <ele>17.070</ele>
        <time>2017-07-28T16:49:40Z</time>
      </trkpt>
      <trkpt lat="44.000953" lon="-1.333183">
        <ele>22.617</ele>
        <time>2017-07-28T16:50:00Z</time>
      </trkpt>
      <trkpt lat="43.999919" lon="-1.335026">
        <ele>10.008</ele>
        <time>2017-07-28T16:50:20Z</time>
      </trkpt>
      <trkpt lat="43.999244" lon="-1.335798">
        <ele>10.084</ele>
        <time>2017-07-28T16:50:40Z</time>
      </trkpt>
      <trkpt lat="43.998564" lon="-1.336113">
        <ele>10.031</ele>
        <time>2017-07-28T16:51:00Z</time>
      </trkpt>
      <trkpt lat="43.997437" lon="-1.336336">
        <ele>10.051</ele>
        <time>2017-07-28T16:51:20Z</time>
      </trkpt>
      <trkpt lat="43.996543" lon="-1.336232">
        <ele>10.028</ele>
        <time>2017-07-28T16:51:40Z</time>
      </trkpt>
      <trkpt lat="43.994805" lon="-1.335691">
        <ele>10.015</ele>
        <time>2017-07-28T16:52:00Z</time>
      </trkpt>
      <trkpt lat="43.993723" lon="-1.335738">
        <ele>12.175</ele>
        <time>2017-07-28T16:52:20Z</time>
      </trkpt>
      <trkpt lat="43.989755" lon="-1.335457">
        <ele>12.852</ele>
        <time>2017-07-28T16:52:40Z</time>
      </trkpt>
      <trkpt lat="43.988961" lon="-1.335554">
        <ele>10.014</ele>
        <time>2017-07-28T16:53:00Z</time>
      </trkpt>
      <trkpt lat="43.986473" lon="-1.336484">
        <ele>14.486</ele>
        <time>2017-07-28T16:53:20Z</time>
      </trkpt>
      <trkpt lat="43.985956" lon="-1.337020">
        <ele>13.760</ele>
        <time>2017-07-28T16:53:40Z</time>
      </trkpt>
      <trkpt lat="43.985518" lon="-1.338244">
        <ele>10.026</ele>
        <time>2017-07-28T16:54:00Z</time>
      </trkpt>
      <trkpt lat="43.984251" lon="-1.340777">
        <ele>10.008</ele>
        <time>2017-07-28T16:54:20Z</time>
      </trkpt>
      <trkpt lat="43.983516" lon="-1.341344">
        <ele>10.049</ele>
        <time>2017-07-28T16:54:40Z</time>
      </trkpt>
      <trkpt lat="43.982956" lon="-1.341645">
        <ele>10.086</ele>
        <time>2017-07-28T16:55:00Z</time>
      </trkpt>
      <trkpt lat="43.974578" lon="-1.343930">
        <ele>10.046</ele>
        <time>2017-07-28T16:55:20Z</time>
      </trkpt>
      <trkpt lat="43.973170" lon="-1.344489">
        <ele>10.063</ele>
        <time>2017-07-28T16:55:40Z</time>
      </trkpt>
      <trkpt lat="43.969209" lon="-1.347491">
        <ele>11.030</ele>
        <time>2017-07-28T16:56:00Z</time>
      </trkpt>
      <trkpt lat="43.968005" lon="-1.348142">
        <ele>10.050</ele>
        <time>2017-07-28T16:56:20Z</time>
      </trkpt>
      <trkpt lat="43.967282" lon="-1.348069">
        <ele>10.077</ele>
        <time>2017-07-28T16:56:40Z</time>
      </trkpt>
      <trkpt lat="43.965571" lon="-1.347510">
        <ele>10.039</ele>
        <time>2017-07-28T16:57:00Z</time>
      </trkpt>
      <trkpt lat="43.963533" lon="-1.347506">
        <ele>10.096</ele>
        <time>2017-07-28T16:57:20Z</time>
      </trkpt>
      <trkpt lat="43.962119" lon="-1.349739">
        <ele>10.631</ele>
        <time>2017-07-28T16:57:40Z</time>
      </trkpt>
      <trkpt lat="43.959499" lon="-1.351051">
        <ele>10.024</ele>
        <time>2017-07-28T16:58:00Z</time>
      </trkpt>
      <trkpt lat="43.957106" lon="-1.352997">
        <ele>9.008</ele>
        <time>2017-07-28T16:58:20Z</time>
      </trkpt>
      <trkpt lat="43.956521" lon="-1.353292">
        <ele>9.960</ele>
        <time>2017-07-28T16:58:40Z</time>
      </trkpt>
      <trkpt lat="43.954737" lon="-1.353328">
        <ele>10.087</ele>
        <time>2017-07-28T16:59:00Z</time>
      </trkpt>
      <trkpt lat="43.952713" lon="-1.353661">
        <ele>10.087</ele>
        <time>2017-07-28T16:59:20Z</time>
      </trkpt>
      <trkpt lat="43.952111" lon="-1.353477">
        <ele>10.034</ele>
        <time>2017-07-28T16:59:40Z</time>
      </trkpt>
      <trkpt lat="43.949187" lon="-1.353697">
        <ele>10.011</ele>
        <time>2017-07-28T17:00:00Z</time>
      </trkpt>
      <trkpt lat="43.947996" lon="-1.353182">
        <ele>9.521</ele>
        <time>2017-07-28T17:00:20Z</time>
      </trkpt>
      <trkpt lat="43.946220" lon="-1.353301">
        <ele>11.128</ele>
        <time>2017-07-28T17:00:40Z</time>
      </trkpt>
      <trkpt lat="43.945561" lon="-1.353496">
        <ele>11.240</ele>
        <time>2017-07-28T17:01:00Z</time>
      </trkpt>
      <trkpt lat="43.944287" lon="-1.354724">
        <ele>10.431</ele>
        <time>2017-07-28T17:01:20Z</time>
      </trkpt>
      <trkpt lat="43.941942" lon="-1.354634">
        <ele>10.061</ele>
        <time>2017-07-28T17:01:40Z</time>
      </trkpt>
      <trkpt lat="43.940723" lon="-1.354207">
        <ele>10.507</ele>
        <time>2017-07-28T17:02:00Z</time>
      </trkpt>
      <trkpt lat="43.940181" lon="-1.354420">
        <ele>11.608</ele>
        <time>2017-07-28T17:02:20Z</time>
      </trkpt>
      <trkpt lat="43.938864" lon="-1.355508">
        <ele>13.724</ele>
        <time>2017-07-28T17:02:40Z</time>
      </trkpt>
      <trkpt lat="43.938474" lon="-1.355537">
        <ele>12.951</ele>
        <time>2017-07-28T17:03:00Z</time>
      </trkpt>
      <trkpt lat="43.938179" lon="-1.355312">
        <ele>12.231</ele>
        <time>2017-07-28T17:03:20Z</time>
      </trkpt>
      <trkpt lat="43.937525" lon="-1.355319">
        <ele>13.398</ele>
        <time>2017-07-28T17:03:40Z</time>
      </trkpt>
      <trkpt lat="43.936623" lon="-1.355834">
        <ele>12.845</ele>
        <time>2017-07-28T17:04:00Z</time>
      </trkpt>
      <trkpt lat="43.935931" lon="-1.355926">
        <ele>11.785</ele>
        <time>2017-07-28T17:04:20Z</time>
      </trkpt>
      <trkpt lat="43.935565" lon="-1.355877">
        <ele>10.072</ele>
        <time>2017-07-28T17:04:40Z</time>
      </trkpt>
      <trkpt lat="43.935367" lon="-1.355677">
        <ele>10.054</ele>
        <time>2017-07-28T17:05:00Z</time>
      </trkpt>
      <trkpt lat="43.935284" lon="-1.354845">
        <ele>10.073</ele>
        <time>2017-07-28T17:05:20Z</time>
      </trkpt>
      <trkpt lat="43.933137" lon="-1.352990">
        <ele>13.785</ele>
        <time>2017-07-28T17:05:40Z</time>
      </trkpt>
      <trkpt lat="43.930767" lon="-1.352237">
        <ele>14.013</ele>
        <time>2017-07-28T17:06:00Z</time>
      </trkpt>
      <trkpt lat="43.928358" lon="-1.351668">
        <ele>14.008</ele>
        <time>2017-07-28T17:06:20Z</time>
      </trkpt>
      <trkpt lat="43.927541" lon="-1.351628">
        <ele>15.018</ele>
        <time>2017-07-28T17:06:40Z</time>
      </trkpt>
      <trkpt lat="43.926566" lon="-1.352403">
        <ele>15.025</ele>
        <time>2017-07-28T17:07:00Z</time>
      </trkpt>
      <trkpt lat="43.924960" lon="-1.354488">
        <ele>12.645</ele>
        <time>2017-07-28T17:07:20Z</time>
      </trkpt>
      <trkpt lat="43.922083" lon="-1.355962">
        <ele>10.542</ele>
        <time>2017-07-28T17:07:40Z</time>
      </trkpt>
      <trkpt lat="43.921089" lon="-1.356153">
        <ele>10.049</ele>
        <time>2017-07-28T17:08:00Z</time>
      </trkpt>
      <trkpt lat="43.920193" lon="-1.355864">
        <ele>10.089</ele>
        <time>2017-07-28T17:08:20Z</time>
      </trkpt>
      <trkpt lat="43.919226" lon="-1.354921">
        <ele>10.086</ele>
        <time>2017-07-28T17:08:40Z</time>
      </trkpt>
      <trkpt lat="43.916064" lon="-1.352862">
        <ele>10.078</ele>
        <time>2017-07-28T17:09:00Z</time>
      </trkpt>
      <trkpt lat="43.913729" lon="-1.352979">
        <ele>10.097</ele>
        <time>2017-07-28T17:09:20Z</time>
      </trkpt>
      <trkpt lat="43.912643" lon="-1.352379">
        <ele>10.023</ele>
        <time>2017-07-28T17:09:40Z</time>
      </trkpt>
      <trkpt lat="43.912227" lon="-1.351652">
        <ele>14.025</ele>
        <time>2017-07-28T17:10:00Z</time>
      </trkpt>
      <trkpt lat="43.912306" lon="-1.349300">
        <ele>22.508</ele>
        <time>2017-07-28T17:10:20Z</time>
      </trkpt>
      <trkpt lat="43.912149" lon="-1.350036">
        <ele>18.670</ele>
        <time>2017-07-28T17:10:40Z</time>
      </trkpt>
      <trkpt lat="43.912094" lon="-1.354463">
        <ele>15.337</ele>
        <time>2017-07-28T17:11:00Z</time>
      </trkpt>
      <trkpt lat="43.911708" lon="-1.355936">
        <ele>14.397</ele>
        <time>2017-07-28T17:11:20Z</time>
      </trkpt>
      <trkpt lat="43.911367" lon="-1.356362">
        <ele>14.964</ele>
        <time>2017-07-28T17:11:40Z</time>
      </trkpt>
      <trkpt lat="43.910765" lon="-1.356774">
        <ele>13.491</ele>
        <time>2017-07-28T17:12:00Z</time>
      </trkpt>
      <trkpt lat="43.907013" lon="-1.361546">
        <ele>10.041</ele>
        <time>2017-07-28T17:12:20Z</time>
      </trkpt>
      <trkpt lat="43.904913" lon="-1.362814">
        <ele>10.088</ele>
        <time>2017-07-28T17:12:40Z</time>
      </trkpt>
      <trkpt lat="43.904001" lon="-1.363574">
        <ele>10.010</ele>
        <time>2017-07-28T17:13:00Z</time>
      </trkpt>
      <trkpt lat="43.898551" lon="-1.364908">
        <ele>9.154</ele>
        <time>2017-07-28T17:13:20Z</time>
      </trkpt>
      <trkpt lat="43.889819" lon="-1.368201">
        <ele>9.056</ele>
        <time>2017-07-28T17:13:40Z</time>
      </trkpt>
      <trkpt lat="43.889486" lon="-1.368162">
        <ele>9.011</ele>
        <time>2017-07-28T17:14:00Z</time>
      </trkpt>
      <trkpt lat="43.888444" lon="-1.367428">
        <ele>6.408</ele>
        <time>2017-07-28T17:14:20Z</time>
      </trkpt>
      <trkpt lat="43.887951" lon="-1.367574">
        <ele>5.016</ele>
        <time>2017-07-28T17:14:40Z</time>
      </trkpt>
      <trkpt lat="43.887249" lon="-1.368039">
        <ele>5.093</ele>
        <time>2017-07-28T17:15:00Z</time>
      </trkpt>
      <trkpt lat="43.886927" lon="-1.368072">
        <ele>5.093</ele>
        <time>2017-07-28T17:15:20Z</time>
      </trkpt>
      <trkpt lat="43.882286" lon="-1.367001">
        <ele>8.090</ele>
        <time>2017-07-28T17:15:40Z</time>
      </trkpt>
      <trkpt lat="43.875080" lon="-1.365779">
        <ele>9.087</ele>
        <time>2017-07-28T17:16:00Z</time>
      </trkpt>
      <trkpt lat="43.870594" lon="-1.361810">
        <ele>10.057</ele>
        <time>2017-07-28T17:16:20Z</time>
      </trkpt>
      <trkpt lat="43.869948" lon="-1.361430">
        <ele>13.054</ele>
        <time>2017-07-28T17:16:40Z</time>
      </trkpt>
      <trkpt lat="43.869075" lon="-1.360426">
        <ele>21.636</ele>
        <time>2017-07-28T17:17:00Z</time>
      </trkpt>
      <trkpt lat="43.868560" lon="-1.360342">
        <ele>22.237</ele>
        <time>2017-07-28T17:17:20Z</time>
      </trkpt>
      <trkpt lat="43.867460" lon="-1.360908">
        <ele>23.749</ele>
        <time>2017-07-28T17:17:40Z</time>
      </trkpt>
      <trkpt lat="43.866686" lon="-1.360620">
        <ele>28.413</ele>
        <time>2017-07-28T17:18:00Z</time>
      </trkpt>
      <trkpt lat="43.865494" lon="-1.359689">
        <ele>24.608</ele>
        <time>2017-07-28T17:18:20Z</time>
      </trkpt>
      <trkpt lat="43.865063" lon="-1.359112">
        <ele>23.874</ele>
        <time>2017-07-28T17:18:40Z</time>
      </trkpt>
      <trkpt lat="43.864418" lon="-1.357715">
        <ele>17.631</ele>
        <time>2017-07-28T17:19:00Z</time>
      </trkpt>
      <trkpt lat="43.863862" lon="-1.357128">
        <ele>14.011</ele>
        <time>2017-07-28T17:19:20Z</time>
      </trkpt>
      <trkpt lat="43.862334" lon="-1.356967">
        <ele>12.438</ele>
        <time>2017-07-28T17:19:40Z</time>
      </trkpt>
      <trkpt lat="43.861578" lon="-1.357024">
        <ele>11.755</ele>
        <time>2017-07-28T17:20:00Z</time>
      </trkpt>
      <trkpt lat="43.860677" lon="-1.357269">
        <ele>11.945</ele>
        <time>2017-07-28T17:20:20Z</time>
      </trkpt>
      <trkpt lat="43.858186" lon="-1.358334">
        <ele>10.542</ele>
        <time>2017-07-28T17:20:40Z</time>
      </trkpt>
      <trkpt lat="43.856760" lon="-1.358160">
        <ele>19.754</ele>
        <time>2017-07-28T17:21:00Z</time>
      </trkpt>
      <trkpt lat="43.855063" lon="-1.358602">
        <ele>15.899</ele>
        <time>2017-07-28T17:21:20Z</time>
      </trkpt>
      <trkpt lat="43.853996" lon="-1.359114">
        <ele>13.407</ele>
        <time>2017-07-28T17:21:40Z</time>
      </trkpt>
      <trkpt lat="43.852738" lon="-1.359044">
        <ele>14.127</ele>
        <time>2017-07-28T17:22:00Z</time>
      </trkpt>
      <trkpt lat="43.851799" lon="-1.359529">
        <ele>14.008</ele>
        <time>2017-07-28T17:22:20Z</time>
      </trkpt>
      <trkpt lat="43.851521" lon="-1.359953">
        <ele>13.660</ele>
        <time>2017-07-28T17:22:40Z</time>
      </trkpt>
      <trkpt lat="43.851274" lon="-1.359996">
        <ele>13.037</ele>
        <time>2017-07-28T17:23:00Z</time>
      </trkpt>
      <trkpt lat="43.850595" lon="-1.360684">
        <ele>12.017</ele>
        <time>2017-07-28T17:23:20Z</time>
      </trkpt>
      <trkpt lat="43.850175" lon="-1.360811">
        <ele>12.074</ele>
        <time>2017-07-28T17:23:40Z</time>
      </trkpt>
      <trkpt lat="43.849862" lon="-1.360720">
        <ele>12.061</ele>
        <time>2017-07-28T17:24:00Z</time>
      </trkpt>
      <trkpt lat="43.849451" lon="-1.360524">
        <ele>12.061</ele>
        <time>2017-07-28T17:24:20Z</time>
      </trkpt>
      <trkpt lat="43.848783" lon="-1.358913">
        <ele>13.068</ele>
        <time>2017-07-28T17:24:40Z</time>
      </trkpt>
      <trkpt lat="43.848635" lon="-1.359060">
        <ele>13.020</ele>
        <time>2017-07-28T17:25:00Z</time>
      </trkpt>
      <trkpt lat="43.848753" lon="-1.359530">
        <ele>12.731</ele>
        <time>2017-07-28T17:25:20Z</time>
      </trkpt>
      <trkpt lat="43.848935" lon="-1.359199">
        <ele>13.061</ele>
        <time>2017-07-28T17:25:40Z</time>
      </trkpt>
      <trkpt lat="43.848622" lon="-1.358163">
        <ele>13.607</ele>
        <time>2017-07-28T17:26:00Z</time>
      </trkpt>
      <trkpt lat="43.848171" lon="-1.358066">
        <ele>14.008</ele>
        <time>2017-07-28T17:26:20Z</time>
      </trkpt>
      <trkpt lat="43.847994" lon="-1.357857">
        <ele>14.094</ele>
        <time>2017-07-28T17:26:40Z</time>
      </trkpt>
      <trkpt lat="43.847990" lon="-1.357985">
        <ele>14.021</ele>
        <time>2017-07-28T17:27:00Z</time>
      </trkpt>
      <trkpt lat="43.847702" lon="-1.357997">
        <ele>14.051</ele>
        <time>2017-07-28T17:27:20Z</time>
      </trkpt>
      <trkpt lat="43.847978" lon="-1.357969">
        <ele>14.078</ele>
        <time>2017-07-28T17:27:40Z</time>
      </trkpt>
      <trkpt lat="43.847305" lon="-1.358923">
        <ele>13.035</ele>
        <time>2017-07-28T17:28:00Z</time>
      </trkpt>
      <trkpt lat="43.847970" lon="-1.357949">
        <ele>14.055</ele>
        <time>2017-07-28T17:28:20Z</time>
      </trkpt>
      <trkpt lat="43.847796" lon="-1.354309">
        <ele>15.592</ele>
        <time>2017-07-28T17:28:40Z</time>
      </trkpt>
      <trkpt lat="43.847864" lon="-1.352954">
        <ele>16.044</ele>
        <time>2017-07-28T17:29:00Z</time>
      </trkpt>
      <trkpt lat="43.836874" lon="-1.359314">
        <ele>15.054</ele>
        <time>2017-07-28T17:29:20Z</time>
      </trkpt>
      <trkpt lat="43.835839" lon="-1.359571">
        <ele>15.056</ele>
        <time>2017-07-28T17:29:40Z</time>
      </trkpt>
      <trkpt lat="43.833778" lon="-1.359456">
        <ele>15.011</ele>
        <time>2017-07-28T17:30:00Z</time>
      </trkpt>
      <trkpt lat="43.832718" lon="-1.359610">
        <ele>15.408</ele>
        <time>2017-07-28T17:30:20Z</time>
      </trkpt>
      <trkpt lat="43.818957" lon="-1.367358">
        <ele>10.096</ele>
        <time>2017-07-28T17:30:40Z</time>
      </trkpt>
      <trkpt lat="43.815055" lon="-1.368043">
        <ele>10.063</ele>
        <time>2017-07-28T17:31:00Z</time>
      </trkpt>
      <trkpt lat="43.814154" lon="-1.368289">
        <ele>10.033</ele>
        <time>2017-07-28T17:31:20Z</time>
      </trkpt>
      <trkpt lat="43.813438" lon="-1.368664">
        <ele>10.660</ele>
        <time>2017-07-28T17:31:40Z</time>
      </trkpt>
      <trkpt lat="43.811000" lon="-1.370915">
        <ele>10.497</ele>
        <time>2017-07-28T17:32:00Z</time>
      </trkpt>
      <trkpt lat="43.809583" lon="-1.372319">
        <ele>7.027</ele>
        <time>2017-07-28T17:32:20Z</time>
      </trkpt>
      <trkpt lat="43.809571" lon="-1.372494">
        <ele>7.094</ele>
        <time>2017-07-28T17:32:40Z</time>
      </trkpt>
      <trkpt lat="43.801242" lon="-1.380614">
        <ele>5.086</ele>
        <time>2017-07-28T17:33:00Z</time>
      </trkpt>
      <trkpt lat="43.797499" lon="-1.382886">
        <ele>5.468</ele>
        <time>2017-07-28T17:33:20Z</time>
      </trkpt>
      <trkpt lat="43.796863" lon="-1.383408">
        <ele>7.042</ele>
        <time>2017-07-28T17:33:40Z</time>
      </trkpt>
      <trkpt lat="43.788052" lon="-1.394056">
        <ele>3.026</ele>
        <time>2017-07-28T17:34:00Z</time>
      </trkpt>
      <trkpt lat="43.787343" lon="-1.394695">
        <ele>3.008</ele>
        <time>2017-07-28T17:34:20Z</time>
      </trkpt>
      <trkpt lat="43.786294" lon="-1.395273">
        <ele>2.787</ele>
        <time>2017-07-28T17:34:40Z</time>
      </trkpt>
      <trkpt lat="43.783609" lon="-1.396279">
        <ele>1.054</ele>
        <time>2017-07-28T17:35:00Z</time>
      </trkpt>
      <trkpt lat="43.779624" lon="-1.396226">
        <ele>5.064</ele>
        <time>2017-07-28T17:35:20Z</time>
      </trkpt>
      <trkpt lat="43.777934" lon="-1.395423">
        <ele>2.061</ele>
        <time>2017-07-28T17:35:40Z</time>
      </trkpt>
      <trkpt lat="43.777520" lon="-1.395458">
        <ele>2.058</ele>
        <time>2017-07-28T17:36:00Z</time>
      </trkpt>
      <trkpt lat="43.777628" lon="-1.395297">
        <ele>2.018</ele>
        <time>2017-07-28T17:36:20Z</time>
      </trkpt>
      <trkpt lat="43.777417" lon="-1.395160">
        <ele>2.065</ele>
        <time>2017-07-28T17:36:40Z</time>
      </trkpt>
      <trkpt lat="43.774463" lon="-1.393589">
        <ele>3.947</ele>
        <time>2017-07-28T17:37:00Z</time>
      </trkpt>
      <trkpt lat="43.774086" lon="-1.394839">
        <ele>4.081</ele>
        <time>2017-07-28T17:37:20Z</time>
      </trkpt>
      <trkpt lat="43.773927" lon="-1.394963">
        <ele>4.061</ele>
        <time>2017-07-28T17:37:40Z</time>
      </trkpt>
      <trkpt lat="43.770373" lon="-1.392878">
        <ele>4.017</ele>
        <time>2017-07-28T17:38:00Z</time>
      </trkpt>
      <trkpt lat="43.768779" lon="-1.393577">
        <ele>4.008</ele>
        <time>2017-07-28T17:38:20Z</time>
      </trkpt>
      <trkpt lat="43.767766" lon="-1.393620">
        <ele>4.089</ele>
        <time>2017-07-28T17:38:40Z</time>
      </trkpt>
      <trkpt lat="43.765713" lon="-1.392728">
        <ele>5.036</ele>
        <time>2017-07-28T17:39:00Z</time>
      </trkpt>
      <trkpt lat="43.762693" lon="-1.391131">
        <ele>6.056</ele>
        <time>2017-07-28T17:39:20Z</time>
      </trkpt>
      <trkpt lat="43.736601" lon="-1.412206">
        <ele>6.063</ele>
        <time>2017-07-28T17:39:40Z</time>
      </trkpt>
      <trkpt lat="43.736151" lon="-1.412250">
        <ele>6.020</ele>
        <time>2017-07-28T17:40:00Z</time>
      </trkpt>
      <trkpt lat="43.734854" lon="-1.411437">
        <ele>7.570</ele>
        <time>2017-07-28T17:40:20Z</time>
      </trkpt>
      <trkpt lat="43.734443" lon="-1.411410">
        <ele>8.067</ele>
        <time>2017-07-28T17:40:40Z</time>
      </trkpt>
      <trkpt lat="43.730946" lon="-1.413096">
        <ele>9.079</ele>
        <time>2017-07-28T17:41:00Z</time>
      </trkpt>
      <trkpt lat="43.730573" lon="-1.413006">
        <ele>9.029</ele>
        <time>2017-07-28T17:41:20Z</time>
      </trkpt>
      <trkpt lat="43.729578" lon="-1.412132">
        <ele>9.000</ele>
        <time>2017-07-28T17:41:40Z</time>
      </trkpt>
      <trkpt lat="43.728518" lon="-1.411621">
        <ele>9.020</ele>
        <time>2017-07-28T17:42:00Z</time>
      </trkpt>
      <trkpt lat="43.727557" lon="-1.411565">
        <ele>9.008</ele>
        <time>2017-07-28T17:42:20Z</time>
      </trkpt>
      <trkpt lat="43.726718" lon="-1.411805">
        <ele>10.033</ele>
        <time>2017-07-28T17:42:40Z</time>
      </trkpt>
      <trkpt lat="43.724550" lon="-1.413355">
        <ele>10.070</ele>
        <time>2017-07-28T17:43:00Z</time>
      </trkpt>
      <trkpt lat="43.722255" lon="-1.414688">
        <ele>10.090</ele>
        <time>2017-07-28T17:43:20Z</time>
      </trkpt>
      <trkpt lat="43.719070" lon="-1.416836">
        <ele>10.057</ele>
        <time>2017-07-28T17:43:40Z</time>
      </trkpt>
      <trkpt lat="43.717511" lon="-1.418628">
        <ele>15.034</ele>
        <time>2017-07-28T17:44:00Z</time>
      </trkpt>
      <trkpt lat="43.716207" lon="-1.420719">
        <ele>7.054</ele>
        <time>2017-07-28T17:44:20Z</time>
      </trkpt>
      <trkpt lat="43.715538" lon="-1.421081">
        <ele>6.291</ele>
        <time>2017-07-28T17:44:40Z</time>
      </trkpt>
      <trkpt lat="43.714850" lon="-1.421096">
        <ele>7.573</ele>
        <time>2017-07-28T17:45:00Z</time>
      </trkpt>
      <trkpt lat="43.714310" lon="-1.420899">
        <ele>6.972</ele>
        <time>2017-07-28T17:45:20Z</time>
      </trkpt>
      <trkpt lat="43.713410" lon="-1.420117">
        <ele>8.013</ele>
        <time>2017-07-28T17:45:40Z</time>
      </trkpt>
      <trkpt lat="43.713074" lon="-1.419562">
        <ele>8.014</ele>
        <time>2017-07-28T17:46:00Z</time>
      </trkpt>
      <trkpt lat="43.712016" lon="-1.418828">
        <ele>10.308</ele>
        <time>2017-07-28T17:46:20Z</time>
      </trkpt>
      <trkpt lat="43.710313" lon="-1.419096">
        <ele>9.048</ele>
        <time>2017-07-28T17:46:40Z</time>
      </trkpt>
      <trkpt lat="43.709649" lon="-1.418906">
        <ele>9.085</ele>
        <time>2017-07-28T17:47:00Z</time>
      </trkpt>
      <trkpt lat="43.709056" lon="-1.418318">
        <ele>13.425</ele>
        <time>2017-07-28T17:47:20Z</time>
      </trkpt>
      <trkpt lat="43.708532" lon="-1.417366">
        <ele>12.712</ele>
        <time>2017-07-28T17:47:40Z</time>
      </trkpt>
      <trkpt lat="43.708054" lon="-1.417068">
        <ele>11.549</ele>
        <time>2017-07-28T17:48:00Z</time>
      </trkpt>
      <trkpt lat="43.707564" lon="-1.417091">
        <ele>10.039</ele>
        <time>2017-07-28T17:48:20Z</time>
      </trkpt>
      <trkpt lat="43.706606" lon="-1.417865">
        <ele>10.086</ele>
        <time>2017-07-28T17:48:40Z</time>
      </trkpt>
      <trkpt lat="43.706211" lon="-1.417838">
        <ele>10.098</ele>
        <time>2017-07-28T17:49:00Z</time>
      </trkpt>
      <trkpt lat="43.705826" lon="-1.418707">
        <ele>9.098</ele>
        <time>2017-07-28T17:49:20Z</time>
      </trkpt>
      <trkpt lat="43.705976" lon="-1.418896">
        <ele>9.015</ele>
        <time>2017-07-28T17:49:40Z</time>
      </trkpt>
      <trkpt lat="43.705862" lon="-1.419651">
        <ele>9.026</ele>
        <time>2017-07-28T17:50:00Z</time>
      </trkpt>
      <trkpt lat="43.706064" lon="-1.420445">
        <ele>9.008</ele>
        <time>2017-07-28T17:50:20Z</time>
      </trkpt>
      <trkpt lat="43.706724" lon="-1.420642">
        <ele>9.230</ele>
        <time>2017-07-28T17:50:40Z</time>
      </trkpt>
      <trkpt lat="43.706988" lon="-1.420877">
        <ele>9.047</ele>
        <time>2017-07-28T17:51:00Z</time>
      </trkpt>
      <trkpt lat="43.708428" lon="-1.423300">
        <ele>8.027</ele>
        <time>2017-07-28T17:51:20Z</time>
      </trkpt>
      <trkpt lat="43.708549" lon="-1.423957">
        <ele>7.614</ele>
        <time>2017-07-28T17:51:40Z</time>
      </trkpt>
      <trkpt lat="43.708474" lon="-1.424952">
        <ele>7.081</ele>
        <time>2017-07-28T17:52:00Z</time>
      </trkpt>
      <trkpt lat="43.707467" lon="-1.428202">
        <ele>5.081</ele>
        <time>2017-07-28T17:52:20Z</time>
      </trkpt>
      <trkpt lat="43.707332" lon="-1.429479">
        <ele>5.078</ele>
        <time>2017-07-28T17:52:40Z</time>
      </trkpt>
      <trkpt lat="43.707045" lon="-1.430394">
        <ele>5.080</ele>
        <time>2017-07-28T17:53:00Z</time>
      </trkpt>
      <trkpt lat="43.705582" lon="-1.431667">
        <ele>5.055</ele>
        <time>2017-07-28T17:53:20Z</time>
      </trkpt>
      <trkpt lat="43.705284" lon="-1.431680">
        <ele>5.007</ele>
        <time>2017-07-28T17:53:40Z</time>
      </trkpt>
      <trkpt lat="43.704925" lon="-1.432212">
        <ele>5.017</ele>
        <time>2017-07-28T17:54:00Z</time>
      </trkpt>
      <trkpt lat="43.703348" lon="-1.433259">
        <ele>5.008</ele>
        <time>2017-07-28T17:54:20Z</time>
      </trkpt>
      <trkpt lat="43.702907" lon="-1.433258">
        <ele>5.056</ele>
        <time>2017-07-28T17:54:40Z</time>
      </trkpt>
      <trkpt lat="43.702287" lon="-1.433485">
        <ele>5.013</ele>
        <time>2017-07-28T17:55:00Z</time>
      </trkpt>
      <trkpt lat="43.699967" lon="-1.433571">
        <ele>5.053</ele>
        <time>2017-07-28T17:55:20Z</time>
      </trkpt>
      <trkpt lat="43.699678" lon="-1.433370">
        <ele>5.040</ele>
        <time>2017-07-28T17:55:40Z</time>
      </trkpt>
      <trkpt lat="43.699448" lon="-1.433625">
        <ele>5.047</ele>
        <time>2017-07-28T17:56:00Z</time>
      </trkpt>
      <trkpt lat="43.698561" lon="-1.433720">
        <ele>5.077</ele>
        <time>2017-07-28T17:56:20Z</time>
      </trkpt>
      <trkpt lat="43.698098" lon="-1.433415">
        <ele>5.064</ele>
        <time>2017-07-28T17:56:40Z</time>
      </trkpt>
      <trkpt lat="43.697868" lon="-1.433458">
        <ele>5.076</ele>
        <time>2017-07-28T17:57:00Z</time>
      </trkpt>
      <trkpt lat="43.697675" lon="-1.433772">
        <ele>5.775</ele>
        <time>2017-07-28T17:57:20Z</time>
      </trkpt>
      <trkpt lat="43.696487" lon="-1.433901">
        <ele>7.028</ele>
        <time>2017-07-28T17:57:40Z</time>
      </trkpt>
      <trkpt lat="43.696038" lon="-1.434314">
        <ele>8.020</ele>
        <time>2017-07-28T17:58:00Z</time>
      </trkpt>
      <trkpt lat="43.695551" lon="-1.435838">
        <ele>10.008</ele>
        <time>2017-07-28T17:58:20Z</time>
      </trkpt>
      <trkpt lat="43.695682" lon="-1.436032">
        <ele>10.468</ele>
        <time>2017-07-28T17:58:40Z</time>
      </trkpt>
      <trkpt lat="43.695359" lon="-1.436274">
        <ele>11.015</ele>
        <time>2017-07-28T17:59:00Z</time>
      </trkpt>
      <trkpt lat="43.694715" lon="-1.436293">
        <ele>10.085</ele>
        <time>2017-07-28T17:59:20Z</time>
      </trkpt>
      <trkpt lat="43.693783" lon="-1.435887">
        <ele>9.042</ele>
        <time>2017-07-28T17:59:40Z</time>
      </trkpt>
      <trkpt lat="43.692754" lon="-1.436076">
        <ele>10.989</ele>
        <time>2017-07-28T18:00:00Z</time>
      </trkpt>
      <trkpt lat="43.691645" lon="-1.435881">
        <ele>10.039</ele>
        <time>2017-07-28T18:00:20Z</time>
      </trkpt>
      <trkpt lat="43.691293" lon="-1.436195">
        <ele>10.096</ele>
        <time>2017-07-28T18:00:40Z</time>
      </trkpt>
      <trkpt lat="43.690698" lon="-1.436336">
        <ele>10.068</ele>
        <time>2017-07-28T18:01:00Z</time>
      </trkpt>
      <trkpt lat="43.690599" lon="-1.436238">
        <ele>10.056</ele>
        <time>2017-07-28T18:01:20Z</time>
      </trkpt>
      <trkpt lat="43.687968" lon="-1.436905">
        <ele>9.659</ele>
        <time>2017-07-28T18:01:40Z</time>
      </trkpt>
      <trkpt lat="43.686592" lon="-1.436755">
        <ele>7.614</ele>
        <time>2017-07-28T18:02:00Z</time>
      </trkpt>
      <trkpt lat="43.685654" lon="-1.437072">
        <ele>7.108</ele>
        <time>2017-07-28T18:02:20Z</time>
      </trkpt>
      <trkpt lat="43.682779" lon="-1.436534">
        <ele>5.516</ele>
        <time>2017-07-28T18:02:40Z</time>
      </trkpt>
      <trkpt lat="43.682046" lon="-1.436839">
        <ele>7.613</ele>
        <time>2017-07-28T18:03:00Z</time>
      </trkpt>
      <trkpt lat="43.681851" lon="-1.436721">
        <ele>7.543</ele>
        <time>2017-07-28T18:03:20Z</time>
      </trkpt>
      <trkpt lat="43.680974" lon="-1.437818">
        <ele>10.040</ele>
        <time>2017-07-28T18:03:40Z</time>
      </trkpt>
      <trkpt lat="43.679610" lon="-1.438556">
        <ele>10.837</ele>
        <time>2017-07-28T18:04:00Z</time>
      </trkpt>
      <trkpt lat="43.678631" lon="-1.438497">
        <ele>6.317</ele>
        <time>2017-07-28T18:04:20Z</time>
      </trkpt>
      <trkpt lat="43.675831" lon="-1.437539">
        <ele>5.084</ele>
        <time>2017-07-28T18:04:40Z</time>
      </trkpt>
      <trkpt lat="43.675168" lon="-1.437669">
        <ele>5.666</ele>
        <time>2017-07-28T18:05:00Z</time>
      </trkpt>
      <trkpt lat="43.674315" lon="-1.438681">
        <ele>5.166</ele>
        <time>2017-07-28T18:05:20Z</time>
      </trkpt>
      <trkpt lat="43.673784" lon="-1.438948">
        <ele>5.129</ele>
        <time>2017-07-28T18:05:40Z</time>
      </trkpt>
      <trkpt lat="43.671050" lon="-1.439412">
        <ele>5.721</ele>
        <time>2017-07-28T18:06:00Z</time>
      </trkpt>
      <trkpt lat="43.670447" lon="-1.439132">
        <ele>5.008</ele>
        <time>2017-07-28T18:06:20Z</time>
      </trkpt>
      <trkpt lat="43.669735" lon="-1.439419">
        <ele>5.067</ele>
        <time>2017-07-28T18:06:40Z</time>
      </trkpt>
      <trkpt lat="43.664806" lon="-1.440096">
        <ele>7.814</ele>
        <time>2017-07-28T18:07:00Z</time>
      </trkpt>
      <trkpt lat="43.664525" lon="-1.439970">
        <ele>7.594</ele>
        <time>2017-07-28T18:07:20Z</time>
      </trkpt>
      <trkpt lat="43.664343" lon="-1.440159">
        <ele>8.841</ele>
        <time>2017-07-28T18:07:40Z</time>
      </trkpt>
      <trkpt lat="43.662796" lon="-1.440508">
        <ele>7.578</ele>
        <time>2017-07-28T18:08:00Z</time>
      </trkpt>
      <trkpt lat="43.662871" lon="-1.438649">
        <ele>5.058</ele>
        <time>2017-07-28T18:08:20Z</time>
      </trkpt>
      <trkpt lat="43.662426" lon="-1.437212">
        <ele>5.085</ele>
        <time>2017-07-28T18:08:40Z</time>
      </trkpt>
      <trkpt lat="43.661595" lon="-1.436183">
        <ele>4.087</ele>
        <time>2017-07-28T18:09:00Z</time>
      </trkpt>
      <trkpt lat="43.661334" lon="-1.435604">
        <ele>3.833</ele>
        <time>2017-07-28T18:09:20Z</time>
      </trkpt>
      <trkpt lat="43.661228" lon="-1.434353">
        <ele>3.423</ele>
        <time>2017-07-28T18:09:40Z</time>
      </trkpt>
      <trkpt lat="43.661352" lon="-1.433799">
        <ele>3.915</ele>
        <time>2017-07-28T18:10:00Z</time>
      </trkpt>
      <trkpt lat="43.661164" lon="-1.432965">
        <ele>3.408</ele>
        <time>2017-07-28T18:10:20Z</time>
      </trkpt>
      <trkpt lat="43.660092" lon="-1.431249">
        <ele>1.084</ele>
        <time>2017-07-28T18:10:40Z</time>
      </trkpt>
      <trkpt lat="43.659871" lon="-1.431166">
        <ele>1.071</ele>
        <time>2017-07-28T18:11:00Z</time>
      </trkpt>
      <trkpt lat="43.658371" lon="-1.431974">
        <ele>1.021</ele>
        <time>2017-07-28T18:11:20Z</time>
      </trkpt>
      <trkpt lat="43.657149" lon="-1.433166">
        <ele>1.028</ele>
        <time>2017-07-28T18:11:40Z</time>
      </trkpt>
      <trkpt lat="43.656531" lon="-1.433300">
        <ele>1.065</ele>
        <time>2017-07-28T18:12:00Z</time>
      </trkpt>
      <trkpt lat="43.655995" lon="-1.433237">
        <ele>1.015</ele>
        <time>2017-07-28T18:12:20Z</time>
      </trkpt>
      <trkpt lat="43.655513" lon="-1.432965">
        <ele>1.092</ele>
        <time>2017-07-28T18:12:40Z</time>
      </trkpt>
      <trkpt lat="43.654738" lon="-1.432138">
        <ele>1.044</ele>
        <time>2017-07-28T18:13:00Z</time>
      </trkpt>
      <trkpt lat="43.654536" lon="-1.431709">
        <ele>1.028</ele>
        <time>2017-07-28T18:13:20Z</time>
      </trkpt>
      <trkpt lat="43.654306" lon="-1.431628">
        <ele>0.989</ele>
        <time>2017-07-28T18:13:40Z</time>
      </trkpt>
      <trkpt lat="43.654164" lon="-1.430183">
        <ele>0.317</ele>
        <time>2017-07-28T18:14:00Z</time>
      </trkpt>
      <trkpt lat="43.653687" lon="-1.430213">
        <ele>0.808</ele>
        <time>2017-07-28T18:14:20Z</time>
      </trkpt>
      <trkpt lat="43.653057" lon="-1.430650">
        <ele>1.023</ele>
        <time>2017-07-28T18:14:40Z</time>
      </trkpt>
      <trkpt lat="43.652629" lon="-1.432474">
        <ele>0.650</ele>
        <time>2017-07-28T18:15:00Z</time>
      </trkpt>
      <trkpt lat="43.652114" lon="-1.433846">
        <ele>1.040</ele>
        <time>2017-07-28T18:15:20Z</time>
      </trkpt>
      <trkpt lat="43.652289" lon="-1.434423">
        <ele>0.187</ele>
        <time>2017-07-28T18:15:40Z</time>
      </trkpt>
      <trkpt lat="43.651939" lon="-1.434807">
        <ele>0.014</ele>
        <time>2017-07-28T18:16:00Z</time>
      </trkpt>
      <trkpt lat="43.651751" lon="-1.434719">
        <ele>0.724</ele>
        <time>2017-07-28T18:16:20Z</time>
      </trkpt>
      <trkpt lat="43.651091" lon="-1.435023">
        <ele>0.021</ele>
        <time>2017-07-28T18:16:40Z</time>
      </trkpt>
      <trkpt lat="43.651058" lon="-1.434709">
        <ele>0.833</ele>
        <time>2017-07-28T18:17:00Z</time>
      </trkpt>
      <trkpt lat="43.649864" lon="-1.434241">
        <ele>0.725</ele>
        <time>2017-07-28T18:17:20Z</time>
      </trkpt>
      <trkpt lat="43.649332" lon="-1.435098">
        <ele>0.326</ele>
        <time>2017-07-28T18:17:40Z</time>
      </trkpt>
      <trkpt lat="43.648923" lon="-1.435187">
        <ele>0.908</ele>
        <time>2017-07-28T18:18:00Z</time>
      </trkpt>
      <trkpt lat="43.648852" lon="-1.435476">
        <ele>1.008</ele>
        <time>2017-07-28T18:18:20Z</time>
      </trkpt>
      <trkpt lat="43.648553" lon="-1.435612">
        <ele>1.633</ele>
        <time>2017-07-28T18:18:40Z</time>
      </trkpt>
      <trkpt lat="43.647152" lon="-1.435108">
        <ele>4.040</ele>
        <time>2017-07-28T18:19:00Z</time>
      </trkpt>
      <trkpt lat="43.647071" lon="-1.434681">
        <ele>4.070</ele>
        <time>2017-07-28T18:19:20Z</time>
      </trkpt>
      <trkpt lat="43.646171" lon="-1.433616">
        <ele>4.037</ele>
        <time>2017-07-28T18:19:40Z</time>
      </trkpt>
      <trkpt lat="43.645589" lon="-1.433405">
        <ele>4.054</ele>
        <time>2017-07-28T18:20:00Z</time>
      </trkpt>
      <trkpt lat="43.644195" lon="-1.433360">
        <ele>4.094</ele>
        <time>2017-07-28T18:20:20Z</time>
      </trkpt>
      <trkpt lat="43.644339" lon="-1.434329">
        <ele>4.031</ele>
        <time>2017-07-28T18:20:40Z</time>
      </trkpt>
      <trkpt lat="43.644785" lon="-1.435588">
        <ele>4.063</ele>
        <time>2017-07-28T18:21:00Z</time>
      </trkpt>
      <trkpt lat="43.649830" lon="-1.444288">
        <ele>5.028</ele>
        <time>2017-07-28T18:21:20Z</time>
      </trkpt>
      <trkpt lat="43.650370" lon="-1.445523">
        <ele>1.489</ele>
        <time>2017-07-28T18:21:40Z</time>
      </trkpt>
      <trkpt lat="43.650295" lon="-1.445613">
        <ele>0.817</ele>
        <time>2017-07-28T18:22:00Z</time>
      </trkpt>
      <trkpt lat="43.650243" lon="-1.445497">
        <ele>1.608</ele>
        <time>2017-07-28T18:22:20Z</time>
      </trkpt>
      <trkpt lat="43.651260" lon="-1.445379">
        <ele>2.343</ele>
        <time>2017-07-28T18:22:40Z</time>
      </trkpt>
      <trkpt lat="43.651163" lon="-1.445633">
        <ele>0.790</ele>
        <time>2017-07-28T18:23:00Z</time>
      </trkpt>
      <trkpt lat="43.650444" lon="-1.445543">
        <ele>1.140</ele>
        <time>2017-07-28T18:23:20Z</time>
      </trkpt>
      <trkpt lat="43.650136" lon="-1.445197">
        <ele>4.367</ele>
        <time>2017-07-28T18:23:40Z</time>
      </trkpt>
      <trkpt lat="43.647098" lon="-1.439611">
        <ele>5.024</ele>
        <time>2017-07-28T18:24:00Z</time>
      </trkpt>
      <trkpt lat="43.646353" lon="-1.440152">
        <ele>5.034</ele>
        <time>2017-07-28T18:24:20Z</time>
      </trkpt>
      <trkpt lat="43.644171" lon="-1.441104">
        <ele>6.041</ele>
        <time>2017-07-28T18:24:40Z</time>
      </trkpt>
      <trkpt lat="43.642176" lon="-1.441569">
        <ele>6.023</ele>
        <time>2017-07-28T18:25:00Z</time>
      </trkpt>
      <trkpt lat="43.641414" lon="-1.441576">
        <ele>8.017</ele>
        <time>2017-07-28T18:25:20Z</time>
      </trkpt>
      <trkpt lat="43.641168" lon="-1.441788">
        <ele>8.387</ele>
        <time>2017-07-28T18:25:40Z</time>
      </trkpt>
      <trkpt lat="43.639876" lon="-1.439833">
        <ele>5.015</ele>
        <time>2017-07-28T18:26:00Z</time>
      </trkpt>
      <trkpt lat="43.639392" lon="-1.437367">
        <ele>5.008</ele>
        <time>2017-07-28T18:26:20Z</time>
      </trkpt>
      <trkpt lat="43.638629" lon="-1.436684">
        <ele>5.062</ele>
        <time>2017-07-28T18:26:40Z</time>
      </trkpt>
      <trkpt lat="43.638287" lon="-1.436788">
        <ele>5.069</ele>
        <time>2017-07-28T18:27:00Z</time>
      </trkpt>
      <trkpt lat="43.637504" lon="-1.437705">
        <ele>5.029</ele>
        <time>2017-07-28T18:27:20Z</time>
      </trkpt>
      <trkpt lat="43.637152" lon="-1.438359">
        <ele>5.016</ele>
        <time>2017-07-28T18:27:40Z</time>
      </trkpt>
      <trkpt lat="43.636837" lon="-1.438243">
        <ele>5.013</ele>
        <time>2017-07-28T18:28:00Z</time>
      </trkpt>
      <trkpt lat="43.636116" lon="-1.438690">
        <ele>5.073</ele>
        <time>2017-07-28T18:28:20Z</time>
      </trkpt>
      <trkpt lat="43.635251" lon="-1.438900">
        <ele>5.070</ele>
        <time>2017-07-28T18:28:40Z</time>
      </trkpt>
      <trkpt lat="43.634095" lon="-1.439053">
        <ele>5.012</ele>
        <time>2017-07-28T18:29:00Z</time>
      </trkpt>
      <trkpt lat="43.633322" lon="-1.438817">
        <ele>5.043</ele>
        <time>2017-07-28T18:29:20Z</time>
      </trkpt>
      <trkpt lat="43.632193" lon="-1.437705">
        <ele>5.064</ele>
        <time>2017-07-28T18:29:40Z</time>
      </trkpt>
      <trkpt lat="43.632004" lon="-1.438255">
        <ele>5.010</ele>
        <time>2017-07-28T18:30:00Z</time>
      </trkpt>
      <trkpt lat="43.556472" lon="-1.485588">
        <ele>7.008</ele>
        <time>2017-07-28T18:30:20Z</time>
      </trkpt>
      <trkpt lat="43.557464" lon="-1.486469">
        <ele>7.035</ele>
        <time>2017-07-28T18:30:40Z</time>
      </trkpt>
      <trkpt lat="43.557395" lon="-1.486956">
        <ele>7.022</ele>
        <time>2017-07-28T18:31:00Z</time>
      </trkpt>
      <trkpt lat="43.557528" lon="-1.487415">
        <ele>6.922</ele>
        <time>2017-07-28T18:31:20Z</time>
      </trkpt>
      <trkpt lat="43.559182" lon="-1.492271">
        <ele>5.099</ele>
        <time>2017-07-28T18:31:40Z</time>
      </trkpt>
      <trkpt lat="43.559728" lon="-1.493589">
        <ele>5.016</ele>
        <time>2017-07-28T18:32:00Z</time>
      </trkpt>
      <trkpt lat="43.560205" lon="-1.493991">
        <ele>5.866</ele>
        <time>2017-07-28T18:32:20Z</time>
      </trkpt>
      <trkpt lat="43.560309" lon="-1.494605">
        <ele>6.053</ele>
        <time>2017-07-28T18:32:40Z</time>
      </trkpt>
      <trkpt lat="43.560246" lon="-1.495015">
        <ele>6.025</ele>
        <time>2017-07-28T18:33:00Z</time>
      </trkpt>
      <trkpt lat="43.559327" lon="-1.495527">
        <ele>6.086</ele>
        <time>2017-07-28T18:33:20Z</time>
      </trkpt>
      <trkpt lat="43.557624" lon="-1.496836">
        <ele>5.660</ele>
        <time>2017-07-28T18:33:40Z</time>
      </trkpt>
      <trkpt lat="43.557419" lon="-1.496693">
        <ele>5.126</ele>
        <time>2017-07-28T18:34:00Z</time>
      </trkpt>
      <trkpt lat="43.557410" lon="-1.496201">
        <ele>5.008</ele>
        <time>2017-07-28T18:34:20Z</time>
      </trkpt>
      <trkpt lat="43.557029" lon="-1.495713">
        <ele>5.099</ele>
        <time>2017-07-28T18:34:40Z</time>
      </trkpt>
      <trkpt lat="43.556565" lon="-1.495551">
        <ele>5.076</ele>
        <time>2017-07-28T18:35:00Z</time>
      </trkpt>
      <trkpt lat="43.555737" lon="-1.494918">
        <ele>6.286</ele>
        <time>2017-07-28T18:35:20Z</time>
      </trkpt>
      <trkpt lat="43.548793" lon="-1.489190">
        <ele>7.023</ele>
        <time>2017-07-28T18:35:40Z</time>
      </trkpt>
      <trkpt lat="43.542271" lon="-1.484078">
        <ele>7.040</ele>
        <time>2017-07-28T18:36:00Z</time>
      </trkpt>
      <trkpt lat="43.541659" lon="-1.483997">
        <ele>7.050</ele>
        <time>2017-07-28T18:36:20Z</time>
      </trkpt>
      <trkpt lat="43.540964" lon="-1.484143">
        <ele>7.077</ele>
        <time>2017-07-28T18:36:40Z</time>
      </trkpt>
      <trkpt lat="43.541342" lon="-1.485277">
        <ele>7.099</ele>
        <time>2017-07-28T18:37:00Z</time>
      </trkpt>
      <trkpt lat="43.539224" lon="-1.487331">
        <ele>7.048</ele>
        <time>2017-07-28T18:37:20Z</time>
      </trkpt>
      <trkpt lat="43.539143" lon="-1.487571">
        <ele>7.061</ele>
        <time>2017-07-28T18:37:40Z</time>
      </trkpt>
      <trkpt lat="43.539353" lon="-1.488035">
        <ele>7.017</ele>
        <time>2017-07-28T18:38:00Z</time>
      </trkpt>
      <trkpt lat="43.539291" lon="-1.488327">
        <ele>7.008</ele>
        <time>2017-07-28T18:38:20Z</time>
      </trkpt>
      <trkpt lat="43.537404" lon="-1.490130">
        <ele>6.045</ele>
        <time>2017-07-28T18:38:40Z</time>
      </trkpt>
      <trkpt lat="43.536991" lon="-1.490319">
        <ele>6.022</ele>
        <time>2017-07-28T18:39:00Z</time>
      </trkpt>
      <trkpt lat="43.536498" lon="-1.489393">
        <ele>6.042</ele>
        <time>2017-07-28T18:39:20Z</time>
      </trkpt>
      <trkpt lat="43.535782" lon="-1.489845">
        <ele>6.039</ele>
        <time>2017-07-28T18:39:40Z</time>
      </trkpt>
      <trkpt lat="43.533057" lon="-1.492503">
        <ele>5.046</ele>
        <time>2017-07-28T18:40:00Z</time>
      </trkpt>
      <trkpt lat="43.532796" lon="-1.493028">
        <ele>5.026</ele>
        <time>2017-07-28T18:40:20Z</time>
      </trkpt>
      <trkpt lat="43.533229" lon="-1.494259">
        <ele>5.723</ele>
        <time>2017-07-28T18:40:40Z</time>
      </trkpt>
      <trkpt lat="43.532853" lon="-1.494465">
        <ele>5.335</ele>
        <time>2017-07-28T18:41:00Z</time>
      </trkpt>
      <trkpt lat="43.532504" lon="-1.494459">
        <ele>5.061</ele>
        <time>2017-07-28T18:41:20Z</time>
      </trkpt>
      <trkpt lat="43.531941" lon="-1.493651">
        <ele>5.021</ele>
        <time>2017-07-28T18:41:40Z</time>
      </trkpt>
      <trkpt lat="43.531730" lon="-1.493540">
        <ele>5.013</ele>
        <time>2017-07-28T18:42:00Z</time>
      </trkpt>
      <trkpt lat="43.530338" lon="-1.493712">
        <ele>5.008</ele>
        <time>2017-07-28T18:42:20Z</time>
      </trkpt>
      <trkpt lat="43.530447" lon="-1.494910">
        <ele>5.037</ele>
        <time>2017-07-28T18:42:40Z</time>
      </trkpt>
      <trkpt lat="43.528191" lon="-1.495380">
        <ele>5.054</ele>
        <time>2017-07-28T18:43:00Z</time>
      </trkpt>
      <trkpt lat="43.527282" lon="-1.492267">
        <ele>5.044</ele>
        <time>2017-07-28T18:43:20Z</time>
      </trkpt>
      <trkpt lat="43.526612" lon="-1.491924">
        <ele>5.081</ele>
        <time>2017-07-28T18:43:40Z</time>
      </trkpt>
      <trkpt lat="43.526132" lon="-1.491187">
        <ele>5.098</ele>
        <time>2017-07-28T18:44:00Z</time>
      </trkpt>
      <trkpt lat="43.525439" lon="-1.491287">
        <ele>4.928</ele>
        <time>2017-07-28T18:44:20Z</time>
      </trkpt>
      <trkpt lat="43.524967" lon="-1.491524">
        <ele>4.095</ele>
        <time>2017-07-28T18:44:40Z</time>
      </trkpt>
      <trkpt lat="43.524084" lon="-1.491101">
        <ele>4.097</ele>
        <time>2017-07-28T18:45:00Z</time>
      </trkpt>
      <trkpt lat="43.523444" lon="-1.490115">
        <ele>3.858</ele>
        <time>2017-07-28T18:45:20Z</time>
      </trkpt>
      <trkpt lat="43.522814" lon="-1.489466">
        <ele>3.152</ele>
        <time>2017-07-28T18:45:40Z</time>
      </trkpt>
      <trkpt lat="43.522033" lon="-1.488927">
        <ele>2.917</ele>
        <time>2017-07-28T18:46:00Z</time>
      </trkpt>
      <trkpt lat="43.521394" lon="-1.487717">
        <ele>3.208</ele>
        <time>2017-07-28T18:46:20Z</time>
      </trkpt>
      <trkpt lat="43.519423" lon="-1.486541">
        <ele>3.936</ele>
        <time>2017-07-28T18:46:40Z</time>
      </trkpt>
      <trkpt lat="43.516536" lon="-1.486490">
        <ele>3.083</ele>
        <time>2017-07-28T18:47:00Z</time>
      </trkpt>
      <trkpt lat="43.511987" lon="-1.487261">
        <ele>3.023</ele>
        <time>2017-07-28T18:47:20Z</time>
      </trkpt>
      <trkpt lat="43.510756" lon="-1.487261">
        <ele>2.660</ele>
        <time>2017-07-28T18:47:40Z</time>
      </trkpt>
      <trkpt lat="43.509367" lon="-1.486925">
        <ele>3.097</ele>
        <time>2017-07-28T18:48:00Z</time>
      </trkpt>
      <trkpt lat="43.506111" lon="-1.485540">
        <ele>3.077</ele>
        <time>2017-07-28T18:48:20Z</time>
      </trkpt>
      <trkpt lat="43.505010" lon="-1.484898">
        <ele>3.064</ele>
        <time>2017-07-28T18:48:40Z</time>
      </trkpt>
      <trkpt lat="43.504066" lon="-1.484063">
        <ele>3.016</ele>
        <time>2017-07-28T18:49:00Z</time>
      </trkpt>
      <trkpt lat="43.502087" lon="-1.481429">
        <ele>4.081</ele>
        <time>2017-07-28T18:49:20Z</time>
      </trkpt>
      <trkpt lat="43.501940" lon="-1.481033">
        <ele>4.061</ele>
        <time>2017-07-28T18:49:40Z</time>
      </trkpt>
      <trkpt lat="43.501716" lon="-1.480909">
        <ele>4.017</ele>
        <time>2017-07-28T18:50:00Z</time>
      </trkpt>
      <trkpt lat="43.500952" lon="-1.479862">
        <ele>4.008</ele>
        <time>2017-07-28T18:50:20Z</time>
      </trkpt>
      <trkpt lat="43.501327" lon="-1.479349">
        <ele>5.249</ele>
        <time>2017-07-28T18:50:40Z</time>
      </trkpt>
      <trkpt lat="43.501823" lon="-1.478994">
        <ele>9.556</ele>
        <time>2017-07-28T18:51:00Z</time>
      </trkpt>
      <trkpt lat="43.501774" lon="-1.478910">
        <ele>9.156</ele>
        <time>2017-07-28T18:51:20Z</time>
      </trkpt>
      <trkpt lat="43.501216" lon="-1.479178">
        <ele>5.943</ele>
        <time>2017-07-28T18:51:40Z</time>
      </trkpt>
      <trkpt lat="43.499932" lon="-1.480380">
        <ele>3.560</ele>
        <time>2017-07-28T18:52:00Z</time>
      </trkpt>
      <trkpt lat="43.499407" lon="-1.481253">
        <ele>2.010</ele>
        <time>2017-07-28T18:52:20Z</time>
      </trkpt>
      <trkpt lat="43.499419" lon="-1.482048">
        <ele>1.657</ele>
        <time>2017-07-28T18:52:40Z</time>
      </trkpt>
      <trkpt lat="43.498951" lon="-1.482275">
        <ele>1.069</ele>
        <time>2017-07-28T18:53:00Z</time>
      </trkpt>
      <trkpt lat="43.497508" lon="-1.478860">
        <ele>1.019</ele>
        <time>2017-07-28T18:53:20Z</time>
      </trkpt>
      <trkpt lat="43.495566" lon="-1.471607">
        <ele>1.009</ele>
        <time>2017-07-28T18:53:40Z</time>
      </trkpt>
      <trkpt lat="43.495189" lon="-1.470759">
        <ele>1.819</ele>
        <time>2017-07-28T18:54:00Z</time>
      </trkpt>
      <trkpt lat="43.493077" lon="-1.467730">
        <ele>2.008</ele>
        <time>2017-07-28T18:54:20Z</time>
      </trkpt>
      <trkpt lat="43.492894" lon="-1.466939">
        <ele>2.072</ele>
        <time>2017-07-28T18:54:40Z</time>
      </trkpt>
      <trkpt lat="43.492149" lon="-1.465672">
        <ele>2.079</ele>
        <time>2017-07-28T18:55:00Z</time>
      </trkpt>
      <trkpt lat="43.490410" lon="-1.463328">
        <ele>2.029</ele>
        <time>2017-07-28T18:55:20Z</time>
      </trkpt>
      <trkpt lat="43.490797" lon="-1.462789">
        <ele>2.056</ele>
        <time>2017-07-28T18:55:40Z</time>
      </trkpt>
      <trkpt lat="43.490671" lon="-1.462509">
        <ele>3.033</ele>
        <time>2017-07-28T18:56:00Z</time>
      </trkpt>
      <trkpt lat="43.490179" lon="-1.462751">
        <ele>2.073</ele>
        <time>2017-07-28T18:56:20Z</time>
      </trkpt>
      <trkpt lat="43.488440" lon="-1.465295">
        <ele>7.710</ele>
        <time>2017-07-28T18:56:40Z</time>
      </trkpt>
      <trkpt lat="43.489360" lon="-1.466641">
        <ele>6.032</ele>
        <time>2017-07-28T18:57:00Z</time>
      </trkpt>
      <trkpt lat="43.490757" lon="-1.467801">
        <ele>2.656</ele>
        <time>2017-07-28T18:57:20Z</time>
      </trkpt>
      <trkpt lat="43.492509" lon="-1.471330">
        <ele>3.059</ele>
        <time>2017-07-28T18:57:40Z</time>
      </trkpt>
      <trkpt lat="43.493230" lon="-1.473165">
        <ele>4.614</ele>
        <time>2017-07-28T18:58:00Z</time>
      </trkpt>
      <trkpt lat="43.492759" lon="-1.473571">
        <ele>4.108</ele>
        <time>2017-07-28T18:58:20Z</time>
      </trkpt>
      <trkpt lat="43.492453" lon="-1.474410">
        <ele>1.026</ele>
        <time>2017-07-28T18:58:40Z</time>
      </trkpt>
      <trkpt lat="43.493519" lon="-1.474521">
        <ele>1.053</ele>
        <time>2017-07-28T18:59:00Z</time>
      </trkpt>
      <trkpt lat="43.494202" lon="-1.474875">
        <ele>1.043</ele>
        <time>2017-07-28T18:59:20Z</time>
      </trkpt>
      <trkpt lat="43.494684" lon="-1.475314">
        <ele>1.020</ele>
        <time>2017-07-28T18:59:40Z</time>
      </trkpt>
      <trkpt lat="43.495153" lon="-1.476117">
        <ele>1.087</ele>
        <time>2017-07-28T19:00:00Z</time>
      </trkpt>
      <trkpt lat="43.495456" lon="-1.477347">
        <ele>1.017</ele>
        <time>2017-07-28T19:00:20Z</time>
      </trkpt>
      <trkpt lat="43.495354" lon="-1.478720">
        <ele>1.854</ele>
        <time>2017-07-28T19:00:40Z</time>
      </trkpt>
      <trkpt lat="43.495788" lon="-1.479932">
        <ele>2.086</ele>
        <time>2017-07-28T19:01:00Z</time>
      </trkpt>
      <trkpt lat="43.496109" lon="-1.479893">
        <ele>1.655</ele>
        <time>2017-07-28T19:01:20Z</time>
      </trkpt>
      <trkpt lat="43.496852" lon="-1.482335">
        <ele>1.107</ele>
        <time>2017-07-28T19:01:40Z</time>
      </trkpt>
      <trkpt lat="43.497332" lon="-1.483212">
        <ele>1.017</ele>
        <time>2017-07-28T19:02:00Z</time>
      </trkpt>
      <trkpt lat="43.497372" lon="-1.484110">
        <ele>1.508</ele>
        <time>2017-07-28T19:02:20Z</time>
      </trkpt>
      <trkpt lat="43.498206" lon="-1.486636">
        <ele>1.566</ele>
        <time>2017-07-28T19:02:40Z</time>
      </trkpt>
      <trkpt lat="43.500850" lon="-1.491876">
        <ele>2.053</ele>
        <time>2017-07-28T19:03:00Z</time>
      </trkpt>
      <trkpt lat="43.502601" lon="-1.493926">
        <ele>2.013</ele>
        <time>2017-07-28T19:03:20Z</time>
      </trkpt>
      <trkpt lat="43.502516" lon="-1.493863">
        <ele>2.070</ele>
        <time>2017-07-28T19:03:40Z</time>
      </trkpt>
      <trkpt lat="43.502536" lon="-1.494300">
        <ele>2.097</ele>
        <time>2017-07-28T19:04:00Z</time>
      </trkpt>
      <trkpt lat="43.502134" lon="-1.494702">
        <ele>3.057</ele>
        <time>2017-07-28T19:04:20Z</time>
      </trkpt>
      <trkpt lat="43.501275" lon="-1.496213">
        <ele>5.044</ele>
        <time>2017-07-28T19:04:40Z</time>
      </trkpt>
      <trkpt lat="43.500630" lon="-1.496992">
        <ele>5.026</ele>
        <time>2017-07-28T19:05:00Z</time>
      </trkpt>
      <trkpt lat="43.500006" lon="-1.497491">
        <ele>5.088</ele>
        <time>2017-07-28T19:05:20Z</time>
      </trkpt>
      <trkpt lat="43.499872" lon="-1.497831">
        <ele>6.224</ele>
        <time>2017-07-28T19:05:40Z</time>
      </trkpt>
      <trkpt lat="43.498683" lon="-1.498014">
        <ele>5.026</ele>
        <time>2017-07-28T19:06:00Z</time>
      </trkpt>
      <trkpt lat="43.498550" lon="-1.499339">
        <ele>10.008</ele>
        <time>2017-07-28T19:06:20Z</time>
      </trkpt>
      <trkpt lat="43.497601" lon="-1.499319">
        <ele>5.639</ele>
        <time>2017-07-28T19:06:40Z</time>
      </trkpt>
      <trkpt lat="43.497201" lon="-1.498964">
        <ele>5.086</ele>
        <time>2017-07-28T19:07:00Z</time>
      </trkpt>
      <trkpt lat="43.496999" lon="-1.498990">
        <ele>5.096</ele>
        <time>2017-07-28T19:07:20Z</time>
      </trkpt>
      <trkpt lat="43.496960" lon="-1.500047">
        <ele>5.043</ele>
        <time>2017-07-28T19:07:40Z</time>
      </trkpt>
      <trkpt lat="43.497697" lon="-1.505139">
        <ele>14.160</ele>
        <time>2017-07-28T19:08:00Z</time>
      </trkpt>
      <trkpt lat="43.497705" lon="-1.507048">
        <ele>15.690</ele>
        <time>2017-07-28T19:08:20Z</time>
      </trkpt>
      <trkpt lat="43.497183" lon="-1.508630">
        <ele>19.087</ele>
        <time>2017-07-28T19:08:40Z</time>
      </trkpt>
      <trkpt lat="43.497342" lon="-1.509057">
        <ele>19.619</ele>
        <time>2017-07-28T19:09:00Z</time>
      </trkpt>
      <trkpt lat="43.497331" lon="-1.509828">
        <ele>21.692</ele>
        <time>2017-07-28T19:09:20Z</time>
      </trkpt>
      <trkpt lat="43.496950" lon="-1.510099">
        <ele>24.373</ele>
        <time>2017-07-28T19:09:40Z</time>
      </trkpt>
      <trkpt lat="43.496265" lon="-1.511980">
        <ele>23.620</ele>
        <time>2017-07-28T19:10:00Z</time>
      </trkpt>
      <trkpt lat="43.494553" lon="-1.517978">
        <ele>23.308</ele>
        <time>2017-07-28T19:10:20Z</time>
      </trkpt>
      <trkpt lat="43.494565" lon="-1.518891">
        <ele>25.040</ele>
        <time>2017-07-28T19:10:40Z</time>
      </trkpt>
      <trkpt lat="43.494511" lon="-1.519037">
        <ele>25.017</ele>
        <time>2017-07-28T19:11:00Z</time>
      </trkpt>
      <trkpt lat="43.494190" lon="-1.519130">
        <ele>25.077</ele>
        <time>2017-07-28T19:11:20Z</time>
      </trkpt>
      <trkpt lat="43.493780" lon="-1.520682">
        <ele>29.294</ele>
        <time>2017-07-28T19:11:40Z</time>
      </trkpt>
      <trkpt lat="43.493741" lon="-1.522343">
        <ele>33.061</ele>
        <time>2017-07-28T19:12:00Z</time>
      </trkpt>
      <trkpt lat="43.494188" lon="-1.526570">
        <ele>39.031</ele>
        <time>2017-07-28T19:12:20Z</time>
      </trkpt>
      <trkpt lat="43.494157" lon="-1.527595">
        <ele>41.418</ele>
        <time>2017-07-28T19:12:40Z</time>
      </trkpt>
      <trkpt lat="43.493933" lon="-1.528878">
        <ele>43.030</ele>
        <time>2017-07-28T19:13:00Z</time>
      </trkpt>
      <trkpt lat="43.493123" lon="-1.531127">
        <ele>41.019</ele>
        <time>2017-07-28T19:13:20Z</time>
      </trkpt>
      <trkpt lat="43.492504" lon="-1.532130">
        <ele>42.009</ele>
        <time>2017-07-28T19:13:40Z</time>
      </trkpt>
      <trkpt lat="43.492555" lon="-1.532265">
        <ele>41.619</ele>
        <time>2017-07-28T19:14:00Z</time>
      </trkpt>
      <trkpt lat="43.492445" lon="-1.532239">
        <ele>42.108</ele>
        <time>2017-07-28T19:14:20Z</time>
      </trkpt>
      <trkpt lat="43.483491" lon="-1.539909">
        <ele>47.242</ele>
        <time>2017-07-28T19:14:40Z</time>
      </trkpt>
      <trkpt lat="43.483020" lon="-1.540221">
        <ele>48.229</ele>
        <time>2017-07-28T19:15:00Z</time>
      </trkpt>
      <trkpt lat="43.481322" lon="-1.540863">
        <ele>39.989</ele>
        <time>2017-07-28T19:15:20Z</time>
      </trkpt>
      <trkpt lat="43.480960" lon="-1.541197">
        <ele>38.986</ele>
        <time>2017-07-28T19:15:40Z</time>
      </trkpt>
      <trkpt lat="43.480520" lon="-1.541223">
        <ele>40.473</ele>
        <time>2017-07-28T19:16:00Z</time>
      </trkpt>
      <trkpt lat="43.480628" lon="-1.541037">
        <ele>40.713</ele>
        <time>2017-07-28T19:16:20Z</time>
      </trkpt>
      <trkpt lat="43.480117" lon="-1.540555">
        <ele>43.660</ele>
        <time>2017-07-28T19:16:40Z</time>
      </trkpt>
      <trkpt lat="43.480469" lon="-1.540880">
        <ele>42.162</ele>
        <time>2017-07-28T19:17:00Z</time>
      </trkpt>
      <trkpt lat="43.480893" lon="-1.540764">
        <ele>40.255</ele>
        <time>2017-07-28T19:17:20Z</time>
      </trkpt>
      <trkpt lat="43.481066" lon="-1.540945">
        <ele>39.607</ele>
        <time>2017-07-28T19:17:40Z</time>
      </trkpt>
      <trkpt lat="43.480848" lon="-1.541484">
        <ele>38.617</ele>
        <time>2017-07-28T19:18:00Z</time>
      </trkpt>
      <trkpt lat="43.480725" lon="-1.542471">
        <ele>37.408</ele>
        <time>2017-07-28T19:18:20Z</time>
      </trkpt>
      <trkpt lat="43.480681" lon="-1.544256">
        <ele>39.236</ele>
        <time>2017-07-28T19:18:40Z</time>
      </trkpt>
      <trkpt lat="43.480899" lon="-1.545563">
        <ele>41.873</ele>
        <time>2017-07-28T19:19:00Z</time>
      </trkpt>
      <trkpt lat="43.481745" lon="-1.548003">
        <ele>44.293</ele>
        <time>2017-07-28T19:19:20Z</time>
      </trkpt>
      <trkpt lat="43.482149" lon="-1.550097">
        <ele>49.660</ele>
        <time>2017-07-28T19:19:40Z</time>
      </trkpt>
      <trkpt lat="43.482187" lon="-1.551456">
        <ele>49.057</ele>
        <time>2017-07-28T19:20:00Z</time>
      </trkpt>
      <trkpt lat="43.481824" lon="-1.554358">
        <ele>41.227</ele>
        <time>2017-07-28T19:20:20Z</time>
      </trkpt>
      <trkpt lat="43.481853" lon="-1.557561">
        <ele>28.294</ele>
        <time>2017-07-28T19:20:40Z</time>
      </trkpt>
      <trkpt lat="43.482115" lon="-1.559116">
        <ele>25.416</ele>
        <time>2017-07-28T19:21:00Z</time>
      </trkpt>
      <trkpt lat="43.481964" lon="-1.559455">
        <ele>28.752</ele>
        <time>2017-07-28T19:21:20Z</time>
      </trkpt>
      <trkpt lat="43.482470" lon="-1.562489">
        <ele>24.553</ele>
        <time>2017-07-28T19:21:40Z</time>
      </trkpt>
      <trkpt lat="43.482392" lon="-1.563057">
        <ele>24.208</ele>
        <time>2017-07-28T19:22:00Z</time>
      </trkpt>
      <trkpt lat="43.482079" lon="-1.563642">
        <ele>26.008</ele>
        <time>2017-07-28T19:22:20Z</time>
      </trkpt>
      <trkpt lat="43.482953" lon="-1.563844">
        <ele>14.916</ele>
        <time>2017-07-28T19:22:40Z</time>
      </trkpt>
      <trkpt lat="43.483010" lon="-1.564441">
        <ele>12.253</ele>
        <time>2017-07-28T19:23:00Z</time>
      </trkpt>
      <trkpt lat="43.482790" lon="-1.565862">
        <ele>16.623</ele>
        <time>2017-07-28T19:23:20Z</time>
      </trkpt>
      <trkpt lat="43.483119" lon="-1.566932">
        <ele>13.270</ele>
        <time>2017-07-28T19:23:40Z</time>
      </trkpt>
      <trkpt lat="43.483607" lon="-1.567881">
        <ele>12.757</ele>
        <time>2017-07-28T19:24:00Z</time>
      </trkpt>
      <trkpt lat="43.483711" lon="-1.567846">
        <ele>10.497</ele>
        <time>2017-07-28T19:24:20Z</time>
      </trkpt>
      <trkpt lat="43.483648" lon="-1.568501">
        <ele>9.794</ele>
        <time>2017-07-28T19:24:40Z</time>
      </trkpt>
      <trkpt lat="43.483463" lon="-1.568654">
        <ele>9.796</ele>
        <time>2017-07-28T19:25:00Z</time>
      </trkpt>
      <trkpt lat="43.483327" lon="-1.568260">
        <ele>12.436</ele>
        <time>2017-07-28T19:25:20Z</time>
      </trkpt>
      <trkpt lat="43.482842" lon="-1.567965">
        <ele>7.817</ele>
        <time>2017-07-28T19:25:40Z</time>
      </trkpt>
      <trkpt lat="43.482525" lon="-1.567166">
        <ele>13.518</ele>
        <time>2017-07-28T19:26:00Z</time>
      </trkpt>
      <trkpt lat="43.482352" lon="-1.567073">
        <ele>15.408</ele>
        <time>2017-07-28T19:26:20Z</time>
      </trkpt>
      <trkpt lat="43.482166" lon="-1.567324">
        <ele>15.054</ele>
        <time>2017-07-28T19:26:40Z</time>
      </trkpt>
      <trkpt lat="43.482289" lon="-1.568247">
        <ele>6.341</ele>
        <time>2017-07-28T19:27:00Z</time>
      </trkpt>
      <trkpt lat="43.481621" lon="-1.568828">
        <ele>11.881</ele>
        <time>2017-07-28T19:27:20Z</time>
      </trkpt>
      <trkpt lat="43.481376" lon="-1.568774">
        <ele>12.288</ele>
        <time>2017-07-28T19:27:40Z</time>
      </trkpt>
      <trkpt lat="43.480673" lon="-1.566638">
        <ele>7.725</ele>
        <time>2017-07-28T19:28:00Z</time>
      </trkpt>
      <trkpt lat="43.480314" lon="-1.566301">
        <ele>6.555</ele>
        <time>2017-07-28T19:28:20Z</time>
      </trkpt>
      <trkpt lat="43.478721" lon="-1.566614">
        <ele>1.932</ele>
        <time>2017-07-28T19:28:40Z</time>
      </trkpt>
      <trkpt lat="43.477985" lon="-1.566528">
        <ele>9.354</ele>
        <time>2017-07-28T19:29:00Z</time>
      </trkpt>
      <trkpt lat="43.477250" lon="-1.566991">
        <ele>3.172</ele>
        <time>2017-07-28T19:29:20Z</time>
      </trkpt>
      <trkpt lat="43.476766" lon="-1.566962">
        <ele>11.213</ele>
        <time>2017-07-28T19:29:40Z</time>
      </trkpt>
      <trkpt lat="43.476988" lon="-1.566728">
        <ele>19.914</ele>
        <time>2017-07-28T19:30:00Z</time>
      </trkpt>
      <trkpt lat="43.476619" lon="-1.566632">
        <ele>36.408</ele>
        <time>2017-07-28T19:30:20Z</time>
      </trkpt>
      <trkpt lat="43.476871" lon="-1.566466">
        <ele>36.898</ele>
        <time>2017-07-28T19:30:40Z</time>
      </trkpt>
      <trkpt lat="43.476605" lon="-1.566422">
        <ele>40.435</ele>
        <time>2017-07-28T19:31:00Z</time>
      </trkpt>
      <trkpt lat="43.477109" lon="-1.565780">
        <ele>42.655</ele>
        <time>2017-07-28T19:31:20Z</time>
      </trkpt>
      <trkpt lat="43.477110" lon="-1.565640">
        <ele>43.152</ele>
        <time>2017-07-28T19:31:40Z</time>
      </trkpt>
      <trkpt lat="43.476902" lon="-1.565613">
        <ele>43.949</ele>
        <time>2017-07-28T19:32:00Z</time>
      </trkpt>
      <trkpt lat="43.475307" lon="-1.566220">
        <ele>46.249</ele>
        <time>2017-07-28T19:32:20Z</time>
      </trkpt>
      <trkpt lat="43.475015" lon="-1.566399">
        <ele>45.016</ele>
        <time>2017-07-28T19:32:40Z</time>
      </trkpt>
      <trkpt lat="43.475079" lon="-1.566497">
        <ele>44.428</ele>
        <time>2017-07-28T19:33:00Z</time>
      </trkpt>
      <trkpt lat="43.474778" lon="-1.566398">
        <ele>45.775</ele>
        <time>2017-07-28T19:33:20Z</time>
      </trkpt>
      <trkpt lat="43.473833" lon="-1.566727">
        <ele>43.828</ele>
        <time>2017-07-28T19:33:40Z</time>
      </trkpt>
      <trkpt lat="43.472571" lon="-1.566796">
        <ele>48.020</ele>
        <time>2017-07-28T19:34:00Z</time>
      </trkpt>
      <trkpt lat="43.471451" lon="-1.567626">
        <ele>50.008</ele>
        <time>2017-07-28T19:34:20Z</time>
      </trkpt>
      <trkpt lat="43.470911" lon="-1.568416">
        <ele>50.038</ele>
        <time>2017-07-28T19:34:40Z</time>
      </trkpt>
      <trkpt lat="43.467406" lon="-1.571344">
        <ele>20.845</ele>
        <time>2017-07-28T19:35:00Z</time>
      </trkpt>
      <trkpt lat="43.466636" lon="-1.572346">
        <ele>15.775</ele>
        <time>2017-07-28T19:35:20Z</time>
      </trkpt>
      <trkpt lat="43.465958" lon="-1.572479">
        <ele>13.072</ele>
        <time>2017-07-28T19:35:40Z</time>
      </trkpt>
      <trkpt lat="43.465221" lon="-1.572325">
        <ele>14.919</ele>
        <time>2017-07-28T19:36:00Z</time>
      </trkpt>
      <trkpt lat="43.465029" lon="-1.572432">
        <ele>16.919</ele>
        <time>2017-07-28T19:36:20Z</time>
      </trkpt>
      <trkpt lat="43.464795" lon="-1.573081">
        <ele>17.586</ele>
        <time>2017-07-28T19:36:40Z</time>
      </trkpt>
      <trkpt lat="43.465112" lon="-1.572103">
        <ele>17.248</ele>
        <time>2017-07-28T19:37:00Z</time>
      </trkpt>
      <trkpt lat="43.465074" lon="-1.571814">
        <ele>18.846</ele>
        <time>2017-07-28T19:37:20Z</time>
      </trkpt>
      <trkpt lat="43.462609" lon="-1.572807">
        <ele>22.488</ele>
        <time>2017-07-28T19:37:40Z</time>
      </trkpt>
      <trkpt lat="43.462546" lon="-1.571512">
        <ele>26.116</ele>
        <time>2017-07-28T19:38:00Z</time>
      </trkpt>
      <trkpt lat="43.462350" lon="-1.571203">
        <ele>25.608</ele>
        <time>2017-07-28T19:38:20Z</time>
      </trkpt>
      <trkpt lat="43.462137" lon="-1.571134">
        <ele>24.315</ele>
        <time>2017-07-28T19:38:40Z</time>
      </trkpt>
      <trkpt lat="43.461948" lon="-1.570669">
        <ele>24.612</ele>
        <time>2017-07-28T19:39:00Z</time>
      </trkpt>
      <trkpt lat="43.461635" lon="-1.570660">
        <ele>23.412</ele>
        <time>2017-07-28T19:39:20Z</time>
      </trkpt>
      <trkpt lat="43.459215" lon="-1.572163">
        <ele>20.089</ele>
        <time>2017-07-28T19:39:40Z</time>
      </trkpt>
      <trkpt lat="43.458423" lon="-1.572507">
        <ele>30.126</ele>
        <time>2017-07-28T19:40:00Z</time>
      </trkpt>
      <trkpt lat="43.458199" lon="-1.572763">
        <ele>33.976</ele>
        <time>2017-07-28T19:40:20Z</time>
      </trkpt>
      <trkpt lat="43.457916" lon="-1.572552">
        <ele>33.933</ele>
        <time>2017-07-28T19:40:40Z</time>
      </trkpt>
      <trkpt lat="43.456732" lon="-1.572455">
        <ele>37.675</ele>
        <time>2017-07-28T19:41:00Z</time>
      </trkpt>
      <trkpt lat="43.455566" lon="-1.573363">
        <ele>38.171</ele>
        <time>2017-07-28T19:41:20Z</time>
      </trkpt>
      <trkpt lat="43.453151" lon="-1.573947">
        <ele>46.141</ele>
        <time>2017-07-28T19:41:40Z</time>
      </trkpt>
      <trkpt lat="43.452140" lon="-1.574017">
        <ele>52.115</ele>
        <time>2017-07-28T19:42:00Z</time>
      </trkpt>
      <trkpt lat="43.451253" lon="-1.574463">
        <ele>57.408</ele>
        <time>2017-07-28T19:42:20Z</time>
      </trkpt>
      <trkpt lat="43.450765" lon="-1.575188">
        <ele>60.078</ele>
        <time>2017-07-28T19:42:40Z</time>
      </trkpt>
      <trkpt lat="43.450478" lon="-1.576200">
        <ele>64.975</ele>
        <time>2017-07-28T19:43:00Z</time>
      </trkpt>
      <trkpt lat="43.449757" lon="-1.577834">
        <ele>68.785</ele>
        <time>2017-07-28T19:43:20Z</time>
      </trkpt>
      <trkpt lat="43.449155" lon="-1.580098">
        <ele>70.052</ele>
        <time>2017-07-28T19:43:40Z</time>
      </trkpt>
      <trkpt lat="43.447320" lon="-1.581822">
        <ele>70.019</ele>
        <time>2017-07-28T19:44:00Z</time>
      </trkpt>
      <trkpt lat="43.447085" lon="-1.583025">
        <ele>70.079</ele>
        <time>2017-07-28T19:44:20Z</time>
      </trkpt>
      <trkpt lat="43.447288" lon="-1.583500">
        <ele>70.096</ele>
        <time>2017-07-28T19:44:40Z</time>
      </trkpt>
      <trkpt lat="43.447235" lon="-1.583745">
        <ele>70.018</ele>
        <time>2017-07-28T19:45:00Z</time>
      </trkpt>
      <trkpt lat="43.446249" lon="-1.584393">
        <ele>70.062</ele>
        <time>2017-07-28T19:45:20Z</time>
      </trkpt>
      <trkpt lat="43.444791" lon="-1.584849">
        <ele>69.983</ele>
        <time>2017-07-28T19:45:40Z</time>
      </trkpt>
      <trkpt lat="43.444041" lon="-1.584937">
        <ele>70.011</ele>
        <time>2017-07-28T19:46:00Z</time>
      </trkpt>
      <trkpt lat="43.442946" lon="-1.585764">
        <ele>70.008</ele>
        <time>2017-07-28T19:46:20Z</time>
      </trkpt>
      <trkpt lat="43.443156" lon="-1.586934">
        <ele>67.837</ele>
        <time>2017-07-28T19:46:40Z</time>
      </trkpt>
      <trkpt lat="43.443062" lon="-1.588746">
        <ele>70.044</ele>
        <time>2017-07-28T19:47:00Z</time>
      </trkpt>
      <trkpt lat="43.442725" lon="-1.590001">
        <ele>70.064</ele>
        <time>2017-07-28T19:47:20Z</time>
      </trkpt>
      <trkpt lat="43.440889" lon="-1.591552">
        <ele>69.971</ele>
        <time>2017-07-28T19:47:40Z</time>
      </trkpt>
      <trkpt lat="43.439968" lon="-1.591627">
        <ele>65.698</ele>
        <time>2017-07-28T19:48:00Z</time>
      </trkpt>
      <trkpt lat="43.439715" lon="-1.592080">
        <ele>59.998</ele>
        <time>2017-07-28T19:48:20Z</time>
      </trkpt>
      <trkpt lat="43.439595" lon="-1.590946">
        <ele>58.445</ele>
        <time>2017-07-28T19:48:40Z</time>
      </trkpt>
      <trkpt lat="43.439361" lon="-1.590205">
        <ele>57.137</ele>
        <time>2017-07-28T19:49:00Z</time>
      </trkpt>
      <trkpt lat="43.438782" lon="-1.592003">
        <ele>45.834</ele>
        <time>2017-07-28T19:49:20Z</time>
      </trkpt>
      <trkpt lat="43.437735" lon="-1.592629">
        <ele>37.855</ele>
        <time>2017-07-28T19:49:40Z</time>
      </trkpt>
      <trkpt lat="43.434917" lon="-1.596299">
        <ele>20.010</ele>
        <time>2017-07-28T19:50:00Z</time>
      </trkpt>
      <trkpt lat="43.434692" lon="-1.596492">
        <ele>19.408</ele>
        <time>2017-07-28T19:50:20Z</time>
      </trkpt>
      <trkpt lat="43.433302" lon="-1.596982">
        <ele>7.824</ele>
        <time>2017-07-28T19:50:40Z</time>
      </trkpt>
      <trkpt lat="43.432476" lon="-1.596526">
        <ele>3.921</ele>
        <time>2017-07-28T19:51:00Z</time>
      </trkpt>
      <trkpt lat="43.432277" lon="-1.596582">
        <ele>3.091</ele>
        <time>2017-07-28T19:51:20Z</time>
      </trkpt>
      <trkpt lat="43.431641" lon="-1.597563">
        <ele>2.168</ele>
        <time>2017-07-28T19:51:40Z</time>
      </trkpt>
      <trkpt lat="43.431495" lon="-1.598028">
        <ele>2.695</ele>
        <time>2017-07-28T19:52:00Z</time>
      </trkpt>
      <trkpt lat="43.431160" lon="-1.598268">
        <ele>2.945</ele>
        <time>2017-07-28T19:52:20Z</time>
      </trkpt>
      <trkpt lat="43.427741" lon="-1.602628">
        <ele>22.482</ele>
        <time>2017-07-28T19:52:40Z</time>
      </trkpt>
      <trkpt lat="43.427396" lon="-1.603861">
        <ele>29.924</ele>
        <time>2017-07-28T19:53:00Z</time>
      </trkpt>
      <trkpt lat="43.427115" lon="-1.604012">
        <ele>29.466</ele>
        <time>2017-07-28T19:53:20Z</time>
      </trkpt>
      <trkpt lat="43.426634" lon="-1.603806">
        <ele>30.029</ele>
        <time>2017-07-28T19:53:40Z</time>
      </trkpt>
      <trkpt lat="43.426545" lon="-1.603924">
        <ele>29.921</ele>
        <time>2017-07-28T19:54:00Z</time>
      </trkpt>
      <trkpt lat="43.426395" lon="-1.604804">
        <ele>24.108</ele>
        <time>2017-07-28T19:54:20Z</time>
      </trkpt>
      <trkpt lat="43.425799" lon="-1.605693">
        <ele>19.647</ele>
        <time>2017-07-28T19:54:40Z</time>
      </trkpt>
      <trkpt lat="43.425400" lon="-1.607327">
        <ele>24.494</ele>
        <time>2017-07-28T19:55:00Z</time>
      </trkpt>
      <trkpt lat="43.425198" lon="-1.608931">
        <ele>29.754</ele>
        <time>2017-07-28T19:55:20Z</time>
      </trkpt>
      <trkpt lat="43.425020" lon="-1.609034">
        <ele>29.471</ele>
        <time>2017-07-28T19:55:40Z</time>
      </trkpt>
      <trkpt lat="43.425212" lon="-1.608946">
        <ele>29.668</ele>
        <time>2017-07-28T19:56:00Z</time>
      </trkpt>
      <trkpt lat="43.425304" lon="-1.609043">
        <ele>28.818</ele>
        <time>2017-07-28T19:56:20Z</time>
      </trkpt>
      <trkpt lat="43.425277" lon="-1.609540">
        <ele>25.335</ele>
        <time>2017-07-28T19:56:40Z</time>
      </trkpt>
      <trkpt lat="43.424960" lon="-1.610415">
        <ele>28.857</ele>
        <time>2017-07-28T19:57:00Z</time>
      </trkpt>
      <trkpt lat="43.425316" lon="-1.609466">
        <ele>25.649</ele>
        <time>2017-07-28T19:57:20Z</time>
      </trkpt>
      <trkpt lat="43.425275" lon="-1.609027">
        <ele>29.002</ele>
        <time>2017-07-28T19:57:40Z</time>
      </trkpt>
      <trkpt lat="43.425769" lon="-1.608805">
        <ele>29.522</ele>
        <time>2017-07-28T19:58:00Z</time>
      </trkpt>
      <trkpt lat="43.425890" lon="-1.609087">
        <ele>26.108</ele>
        <time>2017-07-28T19:58:20Z</time>
      </trkpt>
      <trkpt lat="43.425541" lon="-1.609864">
        <ele>20.615</ele>
        <time>2017-07-28T19:58:40Z</time>
      </trkpt>
      <trkpt lat="43.425558" lon="-1.610621">
        <ele>21.432</ele>
        <time>2017-07-28T19:59:00Z</time>
      </trkpt>
      <trkpt lat="43.425215" lon="-1.612184">
        <ele>32.062</ele>
        <time>2017-07-28T19:59:20Z</time>
      </trkpt>
      <trkpt lat="43.424462" lon="-1.613775">
        <ele>31.389</ele>
        <time>2017-07-28T19:59:40Z</time>
      </trkpt>
      <trkpt lat="43.424113" lon="-1.615046">
        <ele>33.496</ele>
        <time>2017-07-28T20:00:00Z</time>
      </trkpt>
      <trkpt lat="43.423097" lon="-1.616210">
        <ele>27.656</ele>
        <time>2017-07-28T20:00:20Z</time>
      </trkpt>
      <trkpt lat="43.422906" lon="-1.616300">
        <ele>26.333</ele>
        <time>2017-07-28T20:00:40Z</time>
      </trkpt>
      <trkpt lat="43.422819" lon="-1.616086">
        <ele>28.235</ele>
        <time>2017-07-28T20:01:00Z</time>
      </trkpt>
      <trkpt lat="43.422938" lon="-1.616300">
        <ele>26.458</ele>
        <time>2017-07-28T20:01:20Z</time>
      </trkpt>
      <trkpt lat="43.423311" lon="-1.616070">
        <ele>30.152</ele>
        <time>2017-07-28T20:01:40Z</time>
      </trkpt>
      <trkpt lat="43.423375" lon="-1.616213">
        <ele>30.217</ele>
        <time>2017-07-28T20:02:00Z</time>
      </trkpt>
      <trkpt lat="43.422915" lon="-1.617751">
        <ele>19.008</ele>
        <time>2017-07-28T20:02:20Z</time>
      </trkpt>
      <trkpt lat="43.422409" lon="-1.618379">
        <ele>13.736</ele>
        <time>2017-07-28T20:02:40Z</time>
      </trkpt>
      <trkpt lat="43.422081" lon="-1.617502">
        <ele>20.543</ele>
        <time>2017-07-28T20:03:00Z</time>
      </trkpt>
      <trkpt lat="43.421908" lon="-1.617416">
        <ele>22.793</ele>
        <time>2017-07-28T20:03:20Z</time>
      </trkpt>
      <trkpt lat="43.421850" lon="-1.618498">
        <ele>33.070</ele>
        <time>2017-07-28T20:03:40Z</time>
      </trkpt>
      <trkpt lat="43.421537" lon="-1.619145">
        <ele>32.427</ele>
        <time>2017-07-28T20:04:00Z</time>
      </trkpt>
      <trkpt lat="43.420727" lon="-1.619491">
        <ele>23.157</ele>
        <time>2017-07-28T20:04:20Z</time>
      </trkpt>
      <trkpt lat="43.420195" lon="-1.619103">
        <ele>23.334</ele>
        <time>2017-07-28T20:04:40Z</time>
      </trkpt>
      <trkpt lat="43.419709" lon="-1.619159">
        <ele>14.886</ele>
        <time>2017-07-28T20:05:00Z</time>
      </trkpt>
      <trkpt lat="43.418638" lon="-1.620084">
        <ele>11.487</ele>
        <time>2017-07-28T20:05:20Z</time>
      </trkpt>
      <trkpt lat="43.415551" lon="-1.625582">
        <ele>33.242</ele>
        <time>2017-07-28T20:05:40Z</time>
      </trkpt>
      <trkpt lat="43.414974" lon="-1.626374">
        <ele>38.926</ele>
        <time>2017-07-28T20:06:00Z</time>
      </trkpt>
      <trkpt lat="43.414700" lon="-1.626532">
        <ele>37.408</ele>
        <time>2017-07-28T20:06:20Z</time>
      </trkpt>
      <trkpt lat="43.414275" lon="-1.626461">
        <ele>37.629</ele>
        <time>2017-07-28T20:06:40Z</time>
      </trkpt>
      <trkpt lat="43.413158" lon="-1.625154">
        <ele>44.446</ele>
        <time>2017-07-28T20:07:00Z</time>
      </trkpt>
      <trkpt lat="43.412868" lon="-1.625194">
        <ele>44.876</ele>
        <time>2017-07-28T20:07:20Z</time>
      </trkpt>
      <trkpt lat="43.412502" lon="-1.627667">
        <ele>45.443</ele>
        <time>2017-07-28T20:07:40Z</time>
      </trkpt>
      <trkpt lat="43.411295" lon="-1.633023">
        <ele>32.010</ele>
        <time>2017-07-28T20:08:00Z</time>
      </trkpt>
      <trkpt lat="43.410779" lon="-1.634701">
        <ele>26.440</ele>
        <time>2017-07-28T20:08:20Z</time>
      </trkpt>
      <trkpt lat="43.410512" lon="-1.635185">
        <ele>27.087</ele>
        <time>2017-07-28T20:08:40Z</time>
      </trkpt>
      <trkpt lat="43.409269" lon="-1.636375">
        <ele>20.479</ele>
        <time>2017-07-28T20:09:00Z</time>
      </trkpt>
      <trkpt lat="43.409075" lon="-1.637069">
        <ele>13.541</ele>
        <time>2017-07-28T20:09:20Z</time>
      </trkpt>
      <trkpt lat="43.408159" lon="-1.638411">
        <ele>4.181</ele>
        <time>2017-07-28T20:09:40Z</time>
      </trkpt>
      <trkpt lat="43.407931" lon="-1.638368">
        <ele>4.409</ele>
        <time>2017-07-28T20:10:00Z</time>
      </trkpt>
      <trkpt lat="43.407764" lon="-1.638137">
        <ele>4.708</ele>
        <time>2017-07-28T20:10:20Z</time>
      </trkpt>
      <trkpt lat="43.407551" lon="-1.638257">
        <ele>4.315</ele>
        <time>2017-07-28T20:10:40Z</time>
      </trkpt>
      <trkpt lat="43.407893" lon="-1.639015">
        <ele>2.132</ele>
        <time>2017-07-28T20:11:00Z</time>
      </trkpt>
      <trkpt lat="43.407001" lon="-1.641078">
        <ele>6.182</ele>
        <time>2017-07-28T20:11:20Z</time>
      </trkpt>
      <trkpt lat="43.406619" lon="-1.641658">
        <ele>10.069</ele>
        <time>2017-07-28T20:11:40Z</time>
      </trkpt>
      <trkpt lat="43.405685" lon="-1.642301">
        <ele>12.936</ele>
        <time>2017-07-28T20:12:00Z</time>
      </trkpt>
      <trkpt lat="43.404855" lon="-1.642601">
        <ele>12.746</ele>
        <time>2017-07-28T20:12:20Z</time>
      </trkpt>
      <trkpt lat="43.404748" lon="-1.642836">
        <ele>14.253</ele>
        <time>2017-07-28T20:12:40Z</time>
      </trkpt>
      <trkpt lat="43.404855" lon="-1.642522">
        <ele>12.235</ele>
        <time>2017-07-28T20:13:00Z</time>
      </trkpt>
      <trkpt lat="43.404693" lon="-1.642382">
        <ele>11.565</ele>
        <time>2017-07-28T20:13:20Z</time>
      </trkpt>
      <trkpt lat="43.402425" lon="-1.642589">
        <ele>20.068</ele>
        <time>2017-07-28T20:13:40Z</time>
      </trkpt>
      <trkpt lat="43.400119" lon="-1.642322">
        <ele>21.014</ele>
        <time>2017-07-28T20:14:00Z</time>
      </trkpt>
      <trkpt lat="43.399031" lon="-1.643288">
        <ele>23.808</ele>
        <time>2017-07-28T20:14:20Z</time>
      </trkpt>
      <trkpt lat="43.397502" lon="-1.644218">
        <ele>29.067</ele>
        <time>2017-07-28T20:14:40Z</time>
      </trkpt>
      <trkpt lat="43.392524" lon="-1.652950">
        <ele>29.944</ele>
        <time>2017-07-28T20:15:00Z</time>
      </trkpt>
      <trkpt lat="43.391769" lon="-1.654827">
        <ele>24.554</ele>
        <time>2017-07-28T20:15:20Z</time>
      </trkpt>
      <trkpt lat="43.391657" lon="-1.654886">
        <ele>22.881</ele>
        <time>2017-07-28T20:15:40Z</time>
      </trkpt>
      <trkpt lat="43.391117" lon="-1.654422">
        <ele>21.148</ele>
        <time>2017-07-28T20:16:00Z</time>
      </trkpt>
      <trkpt lat="43.390063" lon="-1.653941">
        <ele>20.038</ele>
        <time>2017-07-28T20:16:20Z</time>
      </trkpt>
      <trkpt lat="43.388980" lon="-1.653770">
        <ele>19.335</ele>
        <time>2017-07-28T20:16:40Z</time>
      </trkpt>
      <trkpt lat="43.387680" lon="-1.655814">
        <ele>9.387</ele>
        <time>2017-07-28T20:17:00Z</time>
      </trkpt>
      <trkpt lat="43.387015" lon="-1.657922">
        <ele>6.691</ele>
        <time>2017-07-28T20:17:20Z</time>
      </trkpt>
      <trkpt lat="43.387121" lon="-1.658480">
        <ele>6.381</ele>
        <time>2017-07-28T20:17:40Z</time>
      </trkpt>
      <trkpt lat="43.386780" lon="-1.658721">
        <ele>5.819</ele>
        <time>2017-07-28T20:18:00Z</time>
      </trkpt>
      <trkpt lat="43.386531" lon="-1.659313">
        <ele>5.008</ele>
        <time>2017-07-28T20:18:20Z</time>
      </trkpt>
      <trkpt lat="43.386181" lon="-1.660732">
        <ele>5.080</ele>
        <time>2017-07-28T20:18:40Z</time>
      </trkpt>
      <trkpt lat="43.386272" lon="-1.662017">
        <ele>3.917</ele>
        <time>2017-07-28T20:19:00Z</time>
      </trkpt>
      <trkpt lat="43.385709" lon="-1.662439">
        <ele>1.747</ele>
        <time>2017-07-28T20:19:20Z</time>
      </trkpt>
      <trkpt lat="43.384456" lon="-1.665372">
        <ele>1.064</ele>
        <time>2017-07-28T20:19:40Z</time>
      </trkpt>
      <trkpt lat="43.384420" lon="-1.665784">
        <ele>1.081</ele>
        <time>2017-07-28T20:20:00Z</time>
      </trkpt>
      <trkpt lat="43.384888" lon="-1.666134">
        <ele>1.011</ele>
        <time>2017-07-28T20:20:20Z</time>
      </trkpt>
      <trkpt lat="43.384433" lon="-1.666641">
        <ele>1.078</ele>
        <time>2017-07-28T20:20:40Z</time>
      </trkpt>
      <trkpt lat="43.384582" lon="-1.666874">
        <ele>1.760</ele>
        <time>2017-07-28T20:21:00Z</time>
      </trkpt>
      <trkpt lat="43.384413" lon="-1.666676">
        <ele>1.186</ele>
        <time>2017-07-28T20:21:20Z</time>
      </trkpt>
      <trkpt lat="43.383907" lon="-1.667391">
        <ele>3.660</ele>
        <time>2017-07-28T20:21:40Z</time>
      </trkpt>
      <trkpt lat="43.383610" lon="-1.667566">
        <ele>4.226</ele>
        <time>2017-07-28T20:22:00Z</time>
      </trkpt>
      <trkpt lat="43.383509" lon="-1.667597">
        <ele>4.308</ele>
        <time>2017-07-28T20:22:20Z</time>
      </trkpt>
      <trkpt lat="43.383294" lon="-1.667113">
        <ele>3.119</ele>
        <time>2017-07-28T20:22:40Z</time>
      </trkpt>
      <trkpt lat="43.383481" lon="-1.667446">
        <ele>3.816</ele>
        <time>2017-07-28T20:23:00Z</time>
      </trkpt>
      <trkpt lat="43.383217" lon="-1.667626">
        <ele>4.556</ele>
        <time>2017-07-28T20:23:20Z</time>
      </trkpt>
      <trkpt lat="43.381650" lon="-1.667825">
        <ele>6.113</ele>
        <time>2017-07-28T20:23:40Z</time>
      </trkpt>
      <trkpt lat="43.379613" lon="-1.669477">
        <ele>8.730</ele>
        <time>2017-07-28T20:24:00Z</time>
      </trkpt>
      <trkpt lat="43.378380" lon="-1.671083">
        <ele>10.090</ele>
        <time>2017-07-28T20:24:20Z</time>
      </trkpt>
      <trkpt lat="43.377564" lon="-1.673722">
        <ele>16.087</ele>
        <time>2017-07-28T20:24:40Z</time>
      </trkpt>
      <trkpt lat="43.376494" lon="-1.675512">
        <ele>22.819</ele>
        <time>2017-07-28T20:25:00Z</time>
      </trkpt>
      <trkpt lat="43.375957" lon="-1.677161">
        <ele>26.369</ele>
        <time>2017-07-28T20:25:20Z</time>
      </trkpt>
      <trkpt lat="43.375369" lon="-1.678001">
        <ele>25.704</ele>
        <time>2017-07-28T20:25:40Z</time>
      </trkpt>
      <trkpt lat="43.372812" lon="-1.680717">
        <ele>15.924</ele>
        <time>2017-07-28T20:26:00Z</time>
      </trkpt>
      <trkpt lat="43.372435" lon="-1.681566">
        <ele>15.108</ele>
        <time>2017-07-28T20:26:20Z</time>
      </trkpt>
      <trkpt lat="43.371717" lon="-1.681665">
        <ele>20.037</ele>
        <time>2017-07-28T20:26:40Z</time>
      </trkpt>
      <trkpt lat="43.369531" lon="-1.683263">
        <ele>7.554</ele>
        <time>2017-07-28T20:27:00Z</time>
      </trkpt>
      <trkpt lat="43.369127" lon="-1.683847">
        <ele>9.154</ele>
        <time>2017-07-28T20:27:20Z</time>
      </trkpt>
      <trkpt lat="43.368272" lon="-1.685998">
        <ele>9.211</ele>
        <time>2017-07-28T20:27:40Z</time>
      </trkpt>
      <trkpt lat="43.365994" lon="-1.687858">
        <ele>11.068</ele>
        <time>2017-07-28T20:28:00Z</time>
      </trkpt>
      <trkpt lat="43.364063" lon="-1.690523">
        <ele>16.958</ele>
        <time>2017-07-28T20:28:20Z</time>
      </trkpt>
      <trkpt lat="43.363342" lon="-1.692536">
        <ele>11.965</ele>
        <time>2017-07-28T20:28:40Z</time>
      </trkpt>
      <trkpt lat="43.363173" lon="-1.692410">
        <ele>12.277</ele>
        <time>2017-07-28T20:29:00Z</time>
      </trkpt>
      <trkpt lat="43.362971" lon="-1.692538">
        <ele>11.919</ele>
        <time>2017-07-28T20:29:20Z</time>
      </trkpt>
      <trkpt lat="43.362851" lon="-1.693541">
        <ele>10.009</ele>
        <time>2017-07-28T20:29:40Z</time>
      </trkpt>
      <trkpt lat="43.361414" lon="-1.697028">
        <ele>12.419</ele>
        <time>2017-07-28T20:30:00Z</time>
      </trkpt>
      <trkpt lat="43.361049" lon="-1.698237">
        <ele>17.208</ele>
        <time>2017-07-28T20:30:20Z</time>
      </trkpt>
      <trkpt lat="43.360918" lon="-1.699533">
        <ele>21.722</ele>
        <time>2017-07-28T20:30:40Z</time>
      </trkpt>
      <trkpt lat="43.360986" lon="-1.701095">
        <ele>21.289</ele>
        <time>2017-07-28T20:31:00Z</time>
      </trkpt>
      <trkpt lat="43.361972" lon="-1.705420">
        <ele>26.219</ele>
        <time>2017-07-28T20:31:20Z</time>
      </trkpt>
      <trkpt lat="43.362036" lon="-1.717272">
        <ele>61.286</ele>
        <time>2017-07-28T20:31:40Z</time>
      </trkpt>
      <trkpt lat="43.358499" lon="-1.733434">
        <ele>107.953</ele>
        <time>2017-07-28T20:32:00Z</time>
      </trkpt>
      <trkpt lat="43.357996" lon="-1.734336">
        <ele>109.473</ele>
        <time>2017-07-28T20:32:20Z</time>
      </trkpt>
      <trkpt lat="43.356083" lon="-1.736504">
        <ele>113.650</ele>
        <time>2017-07-28T20:32:40Z</time>
      </trkpt>
      <trkpt lat="43.355509" lon="-1.736787">
        <ele>117.632</ele>
        <time>2017-07-28T20:33:00Z</time>
      </trkpt>
      <trkpt lat="43.353045" lon="-1.737081">
        <ele>123.021</ele>
        <time>2017-07-28T20:33:20Z</time>
      </trkpt>
      <trkpt lat="43.352747" lon="-1.737254">
        <ele>121.741</ele>
        <time>2017-07-28T20:33:40Z</time>
      </trkpt>
      <trkpt lat="43.352354" lon="-1.737938">
        <ele>130.505</ele>
        <time>2017-07-28T20:34:00Z</time>
      </trkpt>
      <trkpt lat="43.352247" lon="-1.739084">
        <ele>132.208</ele>
        <time>2017-07-28T20:34:20Z</time>
      </trkpt>
      <trkpt lat="43.351570" lon="-1.738854">
        <ele>128.093</ele>
        <time>2017-07-28T20:34:40Z</time>
      </trkpt>
      <trkpt lat="43.350637" lon="-1.738183">
        <ele>120.870</ele>
        <time>2017-07-28T20:35:00Z</time>
      </trkpt>
      <trkpt lat="43.350305" lon="-1.738351">
        <ele>121.370</ele>
        <time>2017-07-28T20:35:20Z</time>
      </trkpt>
      <trkpt lat="43.350146" lon="-1.738825">
        <ele>119.187</ele>
        <time>2017-07-28T20:35:40Z</time>
      </trkpt>
      <trkpt lat="43.349681" lon="-1.743112">
        <ele>96.324</ele>
        <time>2017-07-28T20:36:00Z</time>
      </trkpt>
      <trkpt lat="43.349769" lon="-1.745222">
        <ele>88.514</ele>
        <time>2017-07-28T20:36:20Z</time>
      </trkpt>
      <trkpt lat="43.350203" lon="-1.748147">
        <ele>84.131</ele>
        <time>2017-07-28T20:36:40Z</time>
      </trkpt>
      <trkpt lat="43.349713" lon="-1.748791">
        <ele>80.163</ele>
        <time>2017-07-28T20:37:00Z</time>
      </trkpt>
      <trkpt lat="43.348093" lon="-1.749003">
        <ele>64.344</ele>
        <time>2017-07-28T20:37:20Z</time>
      </trkpt>
      <trkpt lat="43.347465" lon="-1.749353">
        <ele>62.305</ele>
        <time>2017-07-28T20:37:40Z</time>
      </trkpt>
      <trkpt lat="43.346633" lon="-1.750590">
        <ele>60.015</ele>
        <time>2017-07-28T20:38:00Z</time>
      </trkpt>
      <trkpt lat="43.346111" lon="-1.751891">
        <ele>53.608</ele>
        <time>2017-07-28T20:38:20Z</time>
      </trkpt>
      <trkpt lat="43.346937" lon="-1.760357">
        <ele>10.145</ele>
        <time>2017-07-28T20:38:40Z</time>
      </trkpt>
      <trkpt lat="43.346773" lon="-1.760991">
        <ele>10.092</ele>
        <time>2017-07-28T20:39:00Z</time>
      </trkpt>
      <trkpt lat="43.345804" lon="-1.762232">
        <ele>7.912</ele>
        <time>2017-07-28T20:39:20Z</time>
      </trkpt>
      <trkpt lat="43.345748" lon="-1.762682">
        <ele>5.269</ele>
        <time>2017-07-28T20:39:40Z</time>
      </trkpt>
      <trkpt lat="43.346461" lon="-1.765503">
        <ele>7.856</ele>
        <time>2017-07-28T20:40:00Z</time>
      </trkpt>
      <trkpt lat="43.347250" lon="-1.766322">
        <ele>6.346</ele>
        <time>2017-07-28T20:40:20Z</time>
      </trkpt>
      <trkpt lat="43.348087" lon="-1.766930">
        <ele>7.283</ele>
        <time>2017-07-28T20:40:40Z</time>
      </trkpt>
      <trkpt lat="43.349282" lon="-1.768888">
        <ele>8.495</ele>
        <time>2017-07-28T20:41:00Z</time>
      </trkpt>
      <trkpt lat="43.349304" lon="-1.770725">
        <ele>4.225</ele>
        <time>2017-07-28T20:41:20Z</time>
      </trkpt>
      <trkpt lat="43.349926" lon="-1.772446">
        <ele>5.026</ele>
        <time>2017-07-28T20:41:40Z</time>
      </trkpt>
      <trkpt lat="43.349681" lon="-1.773906">
        <ele>6.808</ele>
        <time>2017-07-28T20:42:00Z</time>
      </trkpt>
      <trkpt lat="43.349611" lon="-1.777120">
        <ele>13.108</ele>
        <time>2017-07-28T20:42:20Z</time>
      </trkpt>
      <trkpt lat="43.349896" lon="-1.779506">
        <ele>12.073</ele>
        <time>2017-07-28T20:42:40Z</time>
      </trkpt>
      <trkpt lat="43.349916" lon="-1.780977">
        <ele>10.610</ele>
        <time>2017-07-28T20:43:00Z</time>
      </trkpt>
      <trkpt lat="43.350181" lon="-1.781339">
        <ele>13.470</ele>
        <time>2017-07-28T20:43:20Z</time>
      </trkpt>
      <trkpt lat="43.350346" lon="-1.782165">
        <ele>14.367</ele>
        <time>2017-07-28T20:43:40Z</time>
      </trkpt>
      <trkpt lat="43.350997" lon="-1.783075">
        <ele>13.444</ele>
        <time>2017-07-28T20:44:00Z</time>
      </trkpt>
      <trkpt lat="43.350704" lon="-1.783506">
        <ele>10.494</ele>
        <time>2017-07-28T20:44:20Z</time>
      </trkpt>
      <trkpt lat="43.350171" lon="-1.783765">
        <ele>9.431</ele>
        <time>2017-07-28T20:44:40Z</time>
      </trkpt>
      <trkpt lat="43.349981" lon="-1.784036">
        <ele>5.283</ele>
        <time>2017-07-28T20:45:00Z</time>
      </trkpt>
    </trkseg>
  </trk></gpx>
